INSERT [dbo].[COMPANY] ([uuid], [create_date], [update_date], [is_active], [class], [id], [c_name], [e_name], [voucher_point_uuid], [week_shift], [ou_sync_type], [name_zh_cn], [concurrent_user], [expired_date], [sales_attendant_uuid]) VALUES (N'14043017113800054', CAST(0x0000A1BE00BB9AA2 AS DateTime), CAST(0x0000A1BE00BB9AA2 AS DateTime), N'Y', N'CLASS', N'InitCompany', N'InitCompany', N'InitCompany', NULL, CAST(0 AS Numeric(18, 0)), N'N', N'InitCompany', NULL, NULL, NULL)

INSERT [dbo].[APPLICATION_HEAD] ([uuid], [create_date], [update_date], [is_active], [name], [description], [id], [create_user], [update_user], [web_site]) VALUES (N'14043017114000058', CAST(0x0000A1BE00BB9AA2 AS DateTime), CAST(0x0000A1BE00BB9AA2 AS DateTime), N'Y', N'WebTemplate3', N'WebTemplate3', N'14043017114000058', N'14043017113900056', N'14043017113900056', NULL)

INSERT [dbo].[APPPAGE] ([uuid], [is_active], [create_date], [create_user], [update_date], [update_user], [id], [name], [description], [url], [parameter_class], [application_head_uuid], [p_mode]) VALUES (N'14062716381900038', N'Y', CAST(0x0000A1BE00BB9AA2 AS DateTime), N'14043017113900056', CAST(0x0000A1BE00BB9AA2 AS DateTime), N'14043017113900056', N'company', N'公司維護', N'公司維護', N'~/admin/basic/company.aspx', N'', N'14043017114000058', N'')
INSERT [dbo].[APPPAGE] ([uuid], [is_active], [create_date], [create_user], [update_date], [update_user], [id], [name], [description], [url], [parameter_class], [application_head_uuid], [p_mode]) VALUES (N'14062716381900040', N'Y', CAST(0x0000A1BE00BB9AA2 AS DateTime), N'14043017113900056', CAST(0x0000A1BE00BB9AA2 AS DateTime), N'14043017113900056', N'dept', N'部門維護', N'部門維護', N'~/admin/basic/dept.aspx', N'', N'14043017114000058', N'')
INSERT [dbo].[APPPAGE] ([uuid], [is_active], [create_date], [create_user], [update_date], [update_user], [id], [name], [description], [url], [parameter_class], [application_head_uuid], [p_mode]) VALUES (N'14062716381900042', N'Y', CAST(0x0000A1BE00BB9AA2 AS DateTime), N'14043017113900056', CAST(0x0000A1BE00BB9AA2 AS DateTime), N'14043017113900056', N'attendant', N'人員維護', N'人員維護', N'~/admin/basic/attendant.aspx', N'', N'14043017114000058', N'')
INSERT [dbo].[APPPAGE] ([uuid], [is_active], [create_date], [create_user], [update_date], [update_user], [id], [name], [description], [url], [parameter_class], [application_head_uuid], [p_mode]) VALUES (N'14062716381900044', N'Y', CAST(0x0000A1BE00BB9AA2 AS DateTime), N'14043017113900056', CAST(0x0000A1BE00BB9AA2 AS DateTime), N'14043017113900056', N'system', N'系統', N'系統', N'~/admin/system/system.aspx', N'', N'14043017114000058', N'')
INSERT [dbo].[APPPAGE] ([uuid], [is_active], [create_date], [create_user], [update_date], [update_user], [id], [name], [description], [url], [parameter_class], [application_head_uuid], [p_mode]) VALUES (N'14062716381900046', N'Y', CAST(0x0000A1BE00BB9AA2 AS DateTime), N'14043017113900056', CAST(0x0000A1BE00BB9AA2 AS DateTime), N'14043017113900056', N'function', N'功能', N'功能', N'~/admin/system/function.aspx', N'', N'14043017114000058', N'')
INSERT [dbo].[APPPAGE] ([uuid], [is_active], [create_date], [create_user], [update_date], [update_user], [id], [name], [description], [url], [parameter_class], [application_head_uuid], [p_mode]) VALUES (N'14062716381900048', N'Y', CAST(0x0000A1BE00BB9AA2 AS DateTime), N'14043017113900056', CAST(0x0000A1BE00BB9AA2 AS DateTime), N'14043017113900056', N'sitemap', N'Site Map', N'Site Map', N'~/admin/system/sitemap.aspx', N'', N'14043017114000058', N'')
INSERT [dbo].[APPPAGE] ([uuid], [is_active], [create_date], [create_user], [update_date], [update_user], [id], [name], [description], [url], [parameter_class], [application_head_uuid], [p_mode]) VALUES (N'14062716381900050', N'Y', CAST(0x0000A1BE00BB9AA2 AS DateTime), N'14043017113900056', CAST(0x0000A1BE00BB9AA2 AS DateTime), N'14043017113900056', N'menu', N'選單', N'選單', N'~/admin/system/menu.aspx', N'', N'14043017114000058', N'')
INSERT [dbo].[APPPAGE] ([uuid], [is_active], [create_date], [create_user], [update_date], [update_user], [id], [name], [description], [url], [parameter_class], [application_head_uuid], [p_mode]) VALUES (N'14062716381900052', N'Y', CAST(0x0000A1BE00BB9AA2 AS DateTime), N'14043017113900056', CAST(0x0000A1BE00BB9AA2 AS DateTime), N'14043017113900056', N'authority', N'權限維護', N'權限維護', N'~/admin/authority/authority/grouphead_query.aspx', N'', N'14043017114000058', N'')


INSERT [dbo].[ATTENDANT] ([uuid], [create_date], [update_date], [is_active], [company_uuid], [account], [c_name], [e_name], [email], [password], [is_supper], [is_admin], [code_page], [department_uuid], [phone], [site_uuid], [gender], [birthday], [hire_date], [quit_date], [is_manager], [is_direct], [grade], [id], [src_uuid], [is_default_pass]) VALUES (N'14043017113900056', CAST(0x0000A1BE00BB9AA2 AS DateTime), CAST(0x0000A1BE00BB9AA2 AS DateTime), N'Y', N'14043017113800054', N'InitAdmin', N'管理者', N'Admin', N'canred.chen@gmail.com', N'InitAdmin', N'N', N'Y', N'TW', NULL, NULL, NULL, N'M', NULL, NULL, NULL, N'N', N'N', NULL, N'InitAdmin', NULL, N'Y')


INSERT [dbo].[GROUP_HEAD] ([uuid], [create_date], [update_date], [is_active], [name_zh_tw], [name_zh_cn], [name_en_us], [company_uuid], [id], [create_user], [update_user], [application_head_uuid]) VALUES (N'14062716381900054', CAST(0x0000A1BE00BB9AA2 AS DateTime), CAST(0x0000A1BE00BB9AA2 AS DateTime), N'Y', N'管理者', N'管理者', N'admin', N'14043017113800054', N'admin', N'14043017113900056', NULL, N'14043017114000058')




INSERT [dbo].[GROUP_ATTENDANT] ([uuid], [is_active], [create_date], [create_user], [update_date], [update_user], [group_head_uuid], [attendant_uuid]) VALUES (N'14062716381900056', N'Y', CAST(0x0000A1BE00BB9AA2 AS DateTime), N'14043017113900056', CAST(0x0000A1BE00BB9AA2 AS DateTime), N'14043017113900056', N'14062716381900054', N'14043017113900056')

INSERT [dbo].[APPPAGE] ([uuid], [is_active], [create_date], [create_user], [update_date], [update_user], [id], [name], [description], [url], [parameter_class], [application_head_uuid], [p_mode]) VALUES (N'14062716381900060', N'Y', CAST(0x0000A1BE00BB9AA2 AS DateTime), N'14043017113900056', CAST(0x0000A1BE00BB9AA2 AS DateTime), N'14043017113900056', N'gwp_query', N'全球暖化潛勢(GWP)值維護', N'全球暖化潛勢(GWP)值維護', N'~/gwp/gwp_query.aspx', N'', N'14043017114000058', N'')
INSERT [dbo].[APPMENU] ([uuid], [is_active], [create_date], [create_user], [update_date], [update_user], [name_zh_tw], [name_zh_cn], [name_en_us], [id], [appmenu_uuid], [haschild], [application_head_uuid], [ord], [parameter_class], [image], [sitemap_uuid], [action_mode], [is_default_page], [is_admin]) VALUES (N'14062716381900058', N'Y', CAST(0x0000A1BE00BB9AA2 AS DateTime), N'14043017113900056', CAST(0x0000A1BE00BB9AA2 AS DateTime), N'14043017113900056', N'系統', N'系統', N'system', N'system', N'14062716381900058', N'Y', N'14043017114000058', CAST(0 AS Numeric(18, 0)), NULL, NULL, NULL, NULL, N'N', N'Y')


INSERT [dbo].[SITEMAP] ([uuid], [is_active], [create_date], [create_user], [update_date], [update_user], [sitemap_uuid], [apppage_uuid], [root_uuid], [haschild], [application_head_uuid]) VALUES (N'14062716381900062', N'Y', CAST(0x0000A1BE00BB9AA2 AS DateTime), N'14043017113900056', NULL, N'14043017113900056', NULL, N'14062716381900060', N'14062716381900062', N'Y', N'14043017114000058')
INSERT [dbo].[SITEMAP] ([uuid], [is_active], [create_date], [create_user], [update_date], [update_user], [sitemap_uuid], [apppage_uuid], [root_uuid], [haschild], [application_head_uuid]) VALUES (N'14062716381900064', N'Y', CAST(0x0000A1BE00BB9AA2 AS DateTime), N'14043017113900056', CAST(0x0000A1BE00BB9AA2 AS DateTime), N'14043017113900056', N'14062716381900062', N'14062716381900060', N'14062716381900062', N'Y', N'14043017114000058')


INSERT [dbo].[SITEMAP] ([uuid], [is_active], [create_date], [create_user], [update_date], [update_user], [sitemap_uuid], [apppage_uuid], [root_uuid], [haschild], [application_head_uuid]) VALUES (N'14062716381900066', N'Y', CAST(0x0000A1BE00BB9AA2 AS DateTime), N'14043017113900056', CAST(0x0000A1BE00BB9AA2 AS DateTime), N'14043017113900056', N'14062716381900062', N'14062716381900038', N'14062716381900062', N'Y', N'14043017114000058')
INSERT [dbo].[SITEMAP] ([uuid], [is_active], [create_date], [create_user], [update_date], [update_user], [sitemap_uuid], [apppage_uuid], [root_uuid], [haschild], [application_head_uuid]) VALUES (N'14062716381900068', N'Y', CAST(0x0000A1BE00BB9AA2 AS DateTime), N'14043017113900056', CAST(0x0000A1BE00BB9AA2 AS DateTime), N'14043017113900056', N'14062716381900062', N'14062716381900040', N'14062716381900062', N'Y', N'14043017114000058')
INSERT [dbo].[SITEMAP] ([uuid], [is_active], [create_date], [create_user], [update_date], [update_user], [sitemap_uuid], [apppage_uuid], [root_uuid], [haschild], [application_head_uuid]) VALUES (N'14062716381900070', N'Y', CAST(0x0000A1BE00BB9AA2 AS DateTime), N'14043017113900056', CAST(0x0000A1BE00BB9AA2 AS DateTime), N'14043017113900056', N'14062716381900062', N'14062716381900042', N'14062716381900062', N'Y', N'14043017114000058')
INSERT [dbo].[SITEMAP] ([uuid], [is_active], [create_date], [create_user], [update_date], [update_user], [sitemap_uuid], [apppage_uuid], [root_uuid], [haschild], [application_head_uuid]) VALUES (N'14062716381900072', N'Y', CAST(0x0000A1BE00BB9AA2 AS DateTime), N'14043017113900056', CAST(0x0000A1BE00BB9AA2 AS DateTime), N'14043017113900056', N'14062716381900062', N'14062716381900044', N'14062716381900062', N'Y', N'14043017114000058')
INSERT [dbo].[SITEMAP] ([uuid], [is_active], [create_date], [create_user], [update_date], [update_user], [sitemap_uuid], [apppage_uuid], [root_uuid], [haschild], [application_head_uuid]) VALUES (N'14062716381900074', N'Y', CAST(0x0000A1BE00BB9AA2 AS DateTime), N'14043017113900056', CAST(0x0000A1BE00BB9AA2 AS DateTime), N'14043017113900056', N'14062716381900062', N'14062716381900046', N'14062716381900062', N'Y', N'14043017114000058')
INSERT [dbo].[SITEMAP] ([uuid], [is_active], [create_date], [create_user], [update_date], [update_user], [sitemap_uuid], [apppage_uuid], [root_uuid], [haschild], [application_head_uuid]) VALUES (N'14062716381900076', N'Y', CAST(0x0000A1BE00BB9AA2 AS DateTime), N'14043017113900056', CAST(0x0000A1BE00BB9AA2 AS DateTime), N'14043017113900056', N'14062716381900062', N'14062716381900048', N'14062716381900062', N'Y', N'14043017114000058')
INSERT [dbo].[SITEMAP] ([uuid], [is_active], [create_date], [create_user], [update_date], [update_user], [sitemap_uuid], [apppage_uuid], [root_uuid], [haschild], [application_head_uuid]) VALUES (N'14062716381900078', N'Y', CAST(0x0000A1BE00BB9AA2 AS DateTime), N'14043017113900056', CAST(0x0000A1BE00BB9AA2 AS DateTime), N'14043017113900056', N'14062716381900062', N'14062716381900050', N'14062716381900062', N'Y', N'14043017114000058')
INSERT [dbo].[SITEMAP] ([uuid], [is_active], [create_date], [create_user], [update_date], [update_user], [sitemap_uuid], [apppage_uuid], [root_uuid], [haschild], [application_head_uuid]) VALUES (N'14062716381900080', N'Y', CAST(0x0000A1BE00BB9AA2 AS DateTime), N'14043017113900056', CAST(0x0000A1BE00BB9AA2 AS DateTime), N'14043017113900056', N'14062716381900062', N'14062716381900052', N'14062716381900062', N'Y', N'14043017114000058')

INSERT [dbo].[APPMENU] ([uuid], [is_active], [create_date], [create_user], [update_date], [update_user], [name_zh_tw], [name_zh_cn], [name_en_us], [id], [appmenu_uuid], [haschild], [application_head_uuid], [ord], [parameter_class], [image], [sitemap_uuid], [action_mode], [is_default_page], [is_admin]) VALUES (N'14062716381900082', N'Y', CAST(0x0000A1BE00BB9AA2 AS DateTime), N'14043017113900056', CAST(0x0000A1BE00BB9AA2 AS DateTime), N'14043017113900056', N'ROOT', N'ROOT', N'ROOT', N'14062716381900082', NULL, N'Y', N'14043017114000058', CAST(1 AS Numeric(18, 0)), NULL, NULL, N'14062716381900062', NULL, N'N', N'N')


INSERT [dbo].[APPMENU] ([uuid], [is_active], [create_date], [create_user], [update_date], [update_user], [name_zh_tw], [name_zh_cn], [name_en_us], [id], [appmenu_uuid], [haschild], [application_head_uuid], [ord], [parameter_class], [image], [sitemap_uuid], [action_mode], [is_default_page], [is_admin]) VALUES (N'14062716381900084', N'Y', CAST(0x0000A1BE00BB9AA2 AS DateTime), N'14043017113900056', CAST(0x0000A1BE00BB9AA2 AS DateTime), N'14043017113900056', N'管理者', N'管理者', N'admin', N'admin', N'14062716381900082', N'Y', N'14043017114000058', CAST(6 AS Numeric(18, 0)), NULL, '~\css\images\setting.png', NULL, NULL, N'N', N'Y')
INSERT [dbo].[APPMENU] ([uuid], [is_active], [create_date], [create_user], [update_date], [update_user], [name_zh_tw], [name_zh_cn], [name_en_us], [id], [appmenu_uuid], [haschild], [application_head_uuid], [ord], [parameter_class], [image], [sitemap_uuid], [action_mode], [is_default_page], [is_admin]) VALUES (N'14062716381900086', N'Y', CAST(0x0000A1BE00BB9AA2 AS DateTime), N'14043017113900056', CAST(0x0000A1BE00BB9AA2 AS DateTime), N'14043017113900056', N'基本資料維護', N'基本資料維護', N'basic', N'basic', N'14062716381900084', N'Y', N'14043017114000058', CAST(0 AS Numeric(18, 0)), NULL, '~\css\images\basic.png', NULL, NULL, N'N', N'Y')
INSERT [dbo].[APPMENU] ([uuid], [is_active], [create_date], [create_user], [update_date], [update_user], [name_zh_tw], [name_zh_cn], [name_en_us], [id], [appmenu_uuid], [haschild], [application_head_uuid], [ord], [parameter_class], [image], [sitemap_uuid], [action_mode], [is_default_page], [is_admin]) VALUES (N'14062716381900088', N'Y', CAST(0x0000A1BE00BB9AA2 AS DateTime), N'14043017113900056', CAST(0x0000A1BE00BB9AA2 AS DateTime), N'14043017113900056', N'系統設定', N'系統設定', N'systemSetting', N'systemSetting', N'14062716381900084', N'Y', N'14043017114000058', CAST(1 AS Numeric(18, 0)), NULL, '~\css\images\setting.png', NULL, NULL, N'N', N'Y')
INSERT [dbo].[APPMENU] ([uuid], [is_active], [create_date], [create_user], [update_date], [update_user], [name_zh_tw], [name_zh_cn], [name_en_us], [id], [appmenu_uuid], [haschild], [application_head_uuid], [ord], [parameter_class], [image], [sitemap_uuid], [action_mode], [is_default_page], [is_admin]) VALUES (N'14062716381900090', N'Y', CAST(0x0000A1BE00BB9AA2 AS DateTime), N'14043017113900056', CAST(0x0000A1BE00BB9AA2 AS DateTime), N'14043017113900056', N'權限', N'權限', N'authority', N'authority', N'14062716381900084', N'N', N'14043017114000058', CAST(2 AS Numeric(18, 0)), NULL, '~\css\images\permission.png', N'14062716381900080', NULL, N'N', N'Y')
INSERT [dbo].[APPMENU] ([uuid], [is_active], [create_date], [create_user], [update_date], [update_user], [name_zh_tw], [name_zh_cn], [name_en_us], [id], [appmenu_uuid], [haschild], [application_head_uuid], [ord], [parameter_class], [image], [sitemap_uuid], [action_mode], [is_default_page], [is_admin]) VALUES (N'14062716381900092', N'Y', CAST(0x0000A1BE00BB9AA2 AS DateTime), N'14043017113900056', CAST(0x0000A1BE00BB9AA2 AS DateTime), N'14043017113900056', N'公司維護', N'公司維護', N'company', N'company', N'14062716381900086', N'N', N'14043017114000058', CAST(0 AS Numeric(18, 0)), NULL, '~\css\images\company.png', N'14062716381900066', NULL, N'N', N'Y')






INSERT [dbo].[APPMENU] ([uuid], [is_active], [create_date], [create_user], [update_date], [update_user], [name_zh_tw], [name_zh_cn], [name_en_us], [id], [appmenu_uuid], [haschild], [application_head_uuid], [ord], [parameter_class], [image], [sitemap_uuid], [action_mode], [is_default_page], [is_admin]) VALUES (N'14062716381900094', N'Y', CAST(0x0000A1BE00BB9AA2 AS DateTime), N'14043017113900056', CAST(0x0000A1BE00BB9AA2 AS DateTime), N'14043017113900056', N'部門維護', N'部門維護', N'department', N'department', N'14062716381900086', N'N', N'14043017114000058', CAST(1 AS Numeric(18, 0)), NULL, NULL, N'14062716381900068', NULL, N'N', N'Y')
INSERT [dbo].[APPMENU] ([uuid], [is_active], [create_date], [create_user], [update_date], [update_user], [name_zh_tw], [name_zh_cn], [name_en_us], [id], [appmenu_uuid], [haschild], [application_head_uuid], [ord], [parameter_class], [image], [sitemap_uuid], [action_mode], [is_default_page], [is_admin]) VALUES (N'14062716381900096', N'Y', CAST(0x0000A1BE00BB9AA2 AS DateTime), N'14043017113900056', CAST(0x0000A1BE00BB9AA2 AS DateTime), N'14043017113900056', N'人員維護', N'人員維護', N'attendant', N'attendant', N'14062716381900086', N'N', N'14043017114000058', CAST(2 AS Numeric(18, 0)), NULL, '~\css\images\man.png', N'14062716381900070', NULL, N'N', N'Y')

INSERT [dbo].[APPMENU] ([uuid], [is_active], [create_date], [create_user], [update_date], [update_user], [name_zh_tw], [name_zh_cn], [name_en_us], [id], [appmenu_uuid], [haschild], [application_head_uuid], [ord], [parameter_class], [image], [sitemap_uuid], [action_mode], [is_default_page], [is_admin]) VALUES (N'14062716381900098', N'Y', CAST(0x0000A1BE00BB9AA2 AS DateTime), N'14043017113900056', CAST(0x0000A1BE00BB9AA2 AS DateTime), N'14043017113900056', N'功能', N'功能', N'function', N'function', N'14062716381900088', N'N', N'14043017114000058', CAST(1 AS Numeric(18, 0)), NULL, '~\css\images\function_tag.png', N'14062716381900074', NULL, N'N', N'Y')
INSERT [dbo].[APPMENU] ([uuid], [is_active], [create_date], [create_user], [update_date], [update_user], [name_zh_tw], [name_zh_cn], [name_en_us], [id], [appmenu_uuid], [haschild], [application_head_uuid], [ord], [parameter_class], [image], [sitemap_uuid], [action_mode], [is_default_page], [is_admin]) VALUES (N'14062716381900100', N'Y', CAST(0x0000A1BE00BB9AA2 AS DateTime), N'14043017113900056', CAST(0x0000A1BE00BB9AA2 AS DateTime), N'14043017113900056', N'Site Map', N'Site Map', N'Site Map', N'site_map', N'14062716381900088', N'N', N'14043017114000058', CAST(2 AS Numeric(18, 0)), NULL, '~\css\images\map.png', N'14062716381900076', NULL, N'N', N'Y')
INSERT [dbo].[APPMENU] ([uuid], [is_active], [create_date], [create_user], [update_date], [update_user], [name_zh_tw], [name_zh_cn], [name_en_us], [id], [appmenu_uuid], [haschild], [application_head_uuid], [ord], [parameter_class], [image], [sitemap_uuid], [action_mode], [is_default_page], [is_admin]) VALUES (N'14062716381900102', N'Y', CAST(0x0000A1BE00BB9AA2 AS DateTime), N'14043017113900056', CAST(0x0000A1BE00BB9AA2 AS DateTime), N'14043017113900056', N'選單', N'選單', N'menu', N'menu', N'14062716381900088', N'N', N'14043017114000058', CAST(3 AS Numeric(18, 0)), NULL, '~\css\images\menu.png', N'14062716381900078', NULL, N'N', N'Y')
INSERT [dbo].[APPMENU] ([uuid], [is_active], [create_date], [create_user], [update_date], [update_user], [name_zh_tw], [name_zh_cn], [name_en_us], [id], [appmenu_uuid], [haschild], [application_head_uuid], [ord], [parameter_class], [image], [sitemap_uuid], [action_mode], [is_default_page], [is_admin]) VALUES (N'14062716381900104', N'Y', CAST(0x0000A1BE00BB9AA2 AS DateTime), N'14043017113900056', CAST(0x0000A1BE00BB9AA2 AS DateTime), N'14043017113900056', N'系統', N'系統', N'System', N'系統', N'14062716381900088', N'Y', N'14043017114000058', CAST(0 AS Numeric(18, 0)), NULL, '~\css\images\application.png', N'14062716381900072', NULL, N'N', N'N')
INSERT [dbo].[APPMENU] ([uuid], [is_active], [create_date], [create_user], [update_date], [update_user], [name_zh_tw], [name_zh_cn], [name_en_us], [id], [appmenu_uuid], [haschild], [application_head_uuid], [ord], [parameter_class], [image], [sitemap_uuid], [action_mode], [is_default_page], [is_admin]) VALUES (N'14062716381900106', N'N', CAST(0x0000A1BE00BB9AA2 AS DateTime), N'14043017113900056', CAST(0x0000A1BE00BB9AA2 AS DateTime), N'14043017113900056', N'權限維護', N'權限維護', N'權限維護', N'Authority2', N'14062716381900088', N'Y', N'14043017114000058', CAST(4 AS Numeric(18, 0)), NULL, '~\css\images\key.png', N'14062716381900080', NULL, N'N', N'N')



INSERT [dbo].[GROUP_APPMENU] ([uuid], [is_active], [create_date], [create_user], [update_date], [update_user], [appmenu_uuid], [group_head_uuid], [is_default_page]) VALUES (N'14062716381900108', N'Y', CAST(0x0000A1BE00BB9AA2 AS DateTime), N'14043017113900056', CAST(0x0000A1BE00BB9AA2 AS DateTime), NULL, N'14062716381900082', N'14062716381900054', N'N')
INSERT [dbo].[GROUP_APPMENU] ([uuid], [is_active], [create_date], [create_user], [update_date], [update_user], [appmenu_uuid], [group_head_uuid], [is_default_page]) VALUES (N'14062716381900110', N'Y', CAST(0x0000A1BE00BB9AA2 AS DateTime), N'14043017113900056', CAST(0x0000A1BE00BB9AA2 AS DateTime), N'14043017113900056', N'14062716381900088', N'14062716381900054', N'N')
INSERT [dbo].[GROUP_APPMENU] ([uuid], [is_active], [create_date], [create_user], [update_date], [update_user], [appmenu_uuid], [group_head_uuid], [is_default_page]) VALUES (N'14062716381900112', N'Y', CAST(0x0000A1BE00BB9AA2 AS DateTime), N'14043017113900056', CAST(0x0000A1BE00BB9AA2 AS DateTime), N'14043017113900056', N'14062716381900084', N'14062716381900054', N'N')
INSERT [dbo].[GROUP_APPMENU] ([uuid], [is_active], [create_date], [create_user], [update_date], [update_user], [appmenu_uuid], [group_head_uuid], [is_default_page]) VALUES (N'14062716381900114', N'Y', CAST(0x0000A1BE00BB9AA2 AS DateTime), N'14043017113900056', CAST(0x0000A1BE00BB9AA2 AS DateTime), N'14043017113900056', N'14062716381900086', N'14062716381900054', N'N')
INSERT [dbo].[GROUP_APPMENU] ([uuid], [is_active], [create_date], [create_user], [update_date], [update_user], [appmenu_uuid], [group_head_uuid], [is_default_page]) VALUES (N'14062716381900116', N'Y', CAST(0x0000A1BE00BB9AA2 AS DateTime), N'14043017113900056', CAST(0x0000A1BE00BB9AA2 AS DateTime), N'14043017113900056', N'14062716381900090', N'14062716381900054', N'N')
INSERT [dbo].[GROUP_APPMENU] ([uuid], [is_active], [create_date], [create_user], [update_date], [update_user], [appmenu_uuid], [group_head_uuid], [is_default_page]) VALUES (N'14062716381900118', N'Y', CAST(0x0000A1BE00BB9AA2 AS DateTime), N'14043017113900056', CAST(0x0000A1BE00BB9AA2 AS DateTime), N'14043017113900056', N'14062716381900102', N'14062716381900054', N'N')
INSERT [dbo].[GROUP_APPMENU] ([uuid], [is_active], [create_date], [create_user], [update_date], [update_user], [appmenu_uuid], [group_head_uuid], [is_default_page]) VALUES (N'14062716381900120', N'Y', CAST(0x0000A1BE00BB9AA2 AS DateTime), N'14043017113900056', CAST(0x0000A1BE00BB9AA2 AS DateTime), N'14043017113900056', N'14062716381900058', N'14062716381900054', N'N')
INSERT [dbo].[GROUP_APPMENU] ([uuid], [is_active], [create_date], [create_user], [update_date], [update_user], [appmenu_uuid], [group_head_uuid], [is_default_page]) VALUES (N'14062716381900122', N'Y', CAST(0x0000A1BE00BB9AA2 AS DateTime), N'14043017113900056', CAST(0x0000A1BE00BB9AA2 AS DateTime), N'14043017113900056', N'14062716381900098', N'14062716381900054', N'N')
INSERT [dbo].[GROUP_APPMENU] ([uuid], [is_active], [create_date], [create_user], [update_date], [update_user], [appmenu_uuid], [group_head_uuid], [is_default_page]) VALUES (N'14062716381900124', N'Y', CAST(0x0000A1BE00BB9AA2 AS DateTime), N'14043017113900056', CAST(0x0000A1BE00BB9AA2 AS DateTime), N'14043017113900056', N'14062716381900100', N'14062716381900054', N'N')
INSERT [dbo].[GROUP_APPMENU] ([uuid], [is_active], [create_date], [create_user], [update_date], [update_user], [appmenu_uuid], [group_head_uuid], [is_default_page]) VALUES (N'14062716381900126', N'Y', CAST(0x0000A1BE00BB9AA2 AS DateTime), N'14043017113900056', CAST(0x0000A1BE00BB9AA2 AS DateTime), N'14043017113900056', N'14062716381900096', N'14062716381900054', N'N')
INSERT [dbo].[GROUP_APPMENU] ([uuid], [is_active], [create_date], [create_user], [update_date], [update_user], [appmenu_uuid], [group_head_uuid], [is_default_page]) VALUES (N'14062716381900128', N'Y', CAST(0x0000A1BE00BB9AA2 AS DateTime), N'14043017113900056', CAST(0x0000A1BE00BB9AA2 AS DateTime), N'14043017113900056', N'14062716381900092', N'14062716381900054', N'N')
INSERT [dbo].[GROUP_APPMENU] ([uuid], [is_active], [create_date], [create_user], [update_date], [update_user], [appmenu_uuid], [group_head_uuid], [is_default_page]) VALUES (N'14062716381900130', N'Y', CAST(0x0000A1BE00BB9AA2 AS DateTime), N'14043017113900056', CAST(0x0000A1BE00BB9AA2 AS DateTime), NULL, N'14062716381900104', N'14062716381900054', N'N')
INSERT [dbo].[GROUP_APPMENU] ([uuid], [is_active], [create_date], [create_user], [update_date], [update_user], [appmenu_uuid], [group_head_uuid], [is_default_page]) VALUES (N'14062716381900132', N'Y', CAST(0x0000A1BE00BB9AA2 AS DateTime), N'14043017113900056', CAST(0x0000A1BE00BB9AA2 AS DateTime), NULL, N'14062716381900106', N'14062716381900054', N'N')

INSERT [dbo].[Proxy] ([UUID], [Proxy_Action], [Proxy_Method], [description], [Proxy_Type], [need_redirect], [redirect_Proxy_Action], [redirect_Proxy_Method], [application_head_uuid], [redirect_src]) VALUES (N'14062716381900138', N'AdminCompanyAction', N'loadCompany', N'AdminCompanyAction.loadCompany', N'Store', N'N', NULL, NULL, N'14043017114000058', NULL)
INSERT [dbo].[Proxy] ([UUID], [Proxy_Action], [Proxy_Method], [description], [Proxy_Type], [need_redirect], [redirect_Proxy_Action], [redirect_Proxy_Method], [application_head_uuid], [redirect_src]) VALUES (N'14062716381900140', N'AdminCompanyAction', N'info', N'AdminCompanyAction.info', N'Load', N'N', NULL, NULL, N'14043017114000058', NULL)
INSERT [dbo].[Proxy] ([UUID], [Proxy_Action], [Proxy_Method], [description], [Proxy_Type], [need_redirect], [redirect_Proxy_Action], [redirect_Proxy_Method], [application_head_uuid], [redirect_src]) VALUES (N'14062716381900142', N'AdminCompanyAction', N'submit', N'AdminCompanyAction.submit', N'Form', N'N', NULL, NULL, N'14043017114000058', NULL)
INSERT [dbo].[Proxy] ([UUID], [Proxy_Action], [Proxy_Method], [description], [Proxy_Type], [need_redirect], [redirect_Proxy_Action], [redirect_Proxy_Method], [application_head_uuid], [redirect_src]) VALUES (N'14062716381900144', N'ApplicationAction', N'loadApplication', N'ApplicationAction.loadApplication', N'Store', N'N', NULL, NULL, N'14043017114000058', NULL)
INSERT [dbo].[Proxy] ([UUID], [Proxy_Action], [Proxy_Method], [description], [Proxy_Type], [need_redirect], [redirect_Proxy_Action], [redirect_Proxy_Method], [application_head_uuid], [redirect_src]) VALUES (N'14062716381900146', N'ApplicationAction', N'getApplication', N'ApplicationAction.getApplication', N'Store', N'N', NULL, NULL, N'14043017114000058', NULL)
INSERT [dbo].[Proxy] ([UUID], [Proxy_Action], [Proxy_Method], [description], [Proxy_Type], [need_redirect], [redirect_Proxy_Action], [redirect_Proxy_Method], [application_head_uuid], [redirect_src]) VALUES (N'14062716381900148', N'ApplicationAction', N'submit', N'ApplicationAction.submit', N'Form', N'N', NULL, NULL, N'14043017114000058', NULL)
INSERT [dbo].[Proxy] ([UUID], [Proxy_Action], [Proxy_Method], [description], [Proxy_Type], [need_redirect], [redirect_Proxy_Action], [redirect_Proxy_Method], [application_head_uuid], [redirect_src]) VALUES (N'14062716381900150', N'ApplicationAction', N'info', N'ApplicationAction.info', N'Store', N'N', NULL, NULL, N'14043017114000058', NULL)
INSERT [dbo].[Proxy] ([UUID], [Proxy_Action], [Proxy_Method], [description], [Proxy_Type], [need_redirect], [redirect_Proxy_Action], [redirect_Proxy_Method], [application_head_uuid], [redirect_src]) VALUES (N'14062716381900152', N'AppPageAction', N'loadAppPage', N'AppPageAction.loadAppPage', N'Store', N'N', NULL, NULL, N'14043017114000058', NULL)
INSERT [dbo].[Proxy] ([UUID], [Proxy_Action], [Proxy_Method], [description], [Proxy_Type], [need_redirect], [redirect_Proxy_Action], [redirect_Proxy_Method], [application_head_uuid], [redirect_src]) VALUES (N'14062716381900154', N'AppPageAction', N'submit', N'AppPageAction.submit', N'Form', N'N', NULL, NULL, N'14043017114000058', NULL)
INSERT [dbo].[Proxy] ([UUID], [Proxy_Action], [Proxy_Method], [description], [Proxy_Type], [need_redirect], [redirect_Proxy_Action], [redirect_Proxy_Method], [application_head_uuid], [redirect_src]) VALUES (N'14062716381900156', N'AppPageAction', N'info', N'AppPageAction.info', N'Store', N'N', NULL, NULL, N'14043017114000058', NULL)
INSERT [dbo].[Proxy] ([UUID], [Proxy_Action], [Proxy_Method], [description], [Proxy_Type], [need_redirect], [redirect_Proxy_Action], [redirect_Proxy_Method], [application_head_uuid], [redirect_src]) VALUES (N'14062716381900158', N'AppPageAction', N'destroyByUuid', N'AppPageAction.destroyByUuid', N'Store', N'N', NULL, NULL, N'14043017114000058', NULL)
INSERT [dbo].[Proxy] ([UUID], [Proxy_Action], [Proxy_Method], [description], [Proxy_Type], [need_redirect], [redirect_Proxy_Action], [redirect_Proxy_Method], [application_head_uuid], [redirect_src]) VALUES (N'14062716381900160', N'AttendantAction', N'getUserName', N'AttendantAction.getUserName', N'Load', N'N', NULL, NULL, N'14043017114000058', NULL)
INSERT [dbo].[Proxy] ([UUID], [Proxy_Action], [Proxy_Method], [description], [Proxy_Type], [need_redirect], [redirect_Proxy_Action], [redirect_Proxy_Method], [application_head_uuid], [redirect_src]) VALUES (N'14062716381900162', N'AttendantAction', N'load', N'AttendantAction.load', N'Load', N'N', NULL, NULL, N'14043017114000058', NULL)
INSERT [dbo].[Proxy] ([UUID], [Proxy_Action], [Proxy_Method], [description], [Proxy_Type], [need_redirect], [redirect_Proxy_Action], [redirect_Proxy_Method], [application_head_uuid], [redirect_src]) VALUES (N'14062716381900164', N'AttendantAction', N'info', N'AttendantAction.info', N'Load', N'N', NULL, NULL, N'14043017114000058', NULL)
INSERT [dbo].[Proxy] ([UUID], [Proxy_Action], [Proxy_Method], [description], [Proxy_Type], [need_redirect], [redirect_Proxy_Action], [redirect_Proxy_Method], [application_head_uuid], [redirect_src]) VALUES (N'14062716381900166', N'AttendantAction', N'submit', N'AttendantAction.submit', N'Form', N'N', NULL, NULL, N'14043017114000058', NULL)
INSERT [dbo].[Proxy] ([UUID], [Proxy_Action], [Proxy_Method], [description], [Proxy_Type], [need_redirect], [redirect_Proxy_Action], [redirect_Proxy_Method], [application_head_uuid], [redirect_src]) VALUES (N'14062716381900168', N'AuthorityAction', N'loadAppmenuTree', N'AuthorityAction.loadAppmenuTree', N'TreeStore', N'N', NULL, NULL, N'14043017114000058', NULL)
INSERT [dbo].[Proxy] ([UUID], [Proxy_Action], [Proxy_Method], [description], [Proxy_Type], [need_redirect], [redirect_Proxy_Action], [redirect_Proxy_Method], [application_head_uuid], [redirect_src]) VALUES (N'14062716381900170', N'AuthorityAction', N'loadTreeRoot', N'AuthorityAction.loadTreeRoot', N'Store', N'N', NULL, NULL, N'14043017114000058', NULL)
INSERT [dbo].[Proxy] ([UUID], [Proxy_Action], [Proxy_Method], [description], [Proxy_Type], [need_redirect], [redirect_Proxy_Action], [redirect_Proxy_Method], [application_head_uuid], [redirect_src]) VALUES (N'14062716381900172', N'AuthorityAction', N'setGroupAppmenuIsDefaultPage', N'AuthorityAction.setGroupAppmenuIsDefaultPage', N'Store', N'N', NULL, NULL, N'14043017114000058', NULL)
INSERT [dbo].[Proxy] ([UUID], [Proxy_Action], [Proxy_Method], [description], [Proxy_Type], [need_redirect], [redirect_Proxy_Action], [redirect_Proxy_Method], [application_head_uuid], [redirect_src]) VALUES (N'14062716381900174', N'AuthorityAction', N'setGroupAppmenu', N'AuthorityAction.setGroupAppmenu', N'Store', N'N', NULL, NULL, N'14043017114000058', NULL)
INSERT [dbo].[Proxy] ([UUID], [Proxy_Action], [Proxy_Method], [description], [Proxy_Type], [need_redirect], [redirect_Proxy_Action], [redirect_Proxy_Method], [application_head_uuid], [redirect_src]) VALUES (N'14062716381900176', N'CompanyAction', N'getCompany', N'CompanyAction.getCompany', N'Store', N'N', NULL, NULL, N'14043017114000058', NULL)
INSERT [dbo].[Proxy] ([UUID], [Proxy_Action], [Proxy_Method], [description], [Proxy_Type], [need_redirect], [redirect_Proxy_Action], [redirect_Proxy_Method], [application_head_uuid], [redirect_src]) VALUES (N'14062716381900178', N'DeptAction', N'loadTree', N'DeptAction.loadTree', N'TreeStore', N'N', NULL, NULL, N'14043017114000058', NULL)
INSERT [dbo].[Proxy] ([UUID], [Proxy_Action], [Proxy_Method], [description], [Proxy_Type], [need_redirect], [redirect_Proxy_Action], [redirect_Proxy_Method], [application_head_uuid], [redirect_src]) VALUES (N'14062716381900180', N'DeptAction', N'loadTreeRoot', N'DeptAction.loadTreeRoot', N'Store', N'N', NULL, NULL, N'14043017114000058', NULL)
INSERT [dbo].[Proxy] ([UUID], [Proxy_Action], [Proxy_Method], [description], [Proxy_Type], [need_redirect], [redirect_Proxy_Action], [redirect_Proxy_Method], [application_head_uuid], [redirect_src]) VALUES (N'14062716381900182', N'DeptAction', N'info', N'DeptAction.info', N'Load', N'N', NULL, NULL, N'14043017114000058', NULL)
INSERT [dbo].[Proxy] ([UUID], [Proxy_Action], [Proxy_Method], [description], [Proxy_Type], [need_redirect], [redirect_Proxy_Action], [redirect_Proxy_Method], [application_head_uuid], [redirect_src]) VALUES (N'14062716381900184', N'DeptAction', N'submit', N'DeptAction.submit', N'Form', N'N', NULL, NULL, N'14043017114000058', NULL)
INSERT [dbo].[Proxy] ([UUID], [Proxy_Action], [Proxy_Method], [description], [Proxy_Type], [need_redirect], [redirect_Proxy_Action], [redirect_Proxy_Method], [application_head_uuid], [redirect_src]) VALUES (N'14062716381900186', N'DeptAction', N'destroy', N'DeptAction.destroy', N'Form', N'N', NULL, NULL, N'14043017114000058', NULL)
INSERT [dbo].[Proxy] ([UUID], [Proxy_Action], [Proxy_Method], [description], [Proxy_Type], [need_redirect], [redirect_Proxy_Action], [redirect_Proxy_Method], [application_head_uuid], [redirect_src]) VALUES (N'14062716381900188', N'EncryptAction', N'Encode', N'EncryptAction.Encode', N'Load', N'N', NULL, NULL, N'14043017114000058', NULL)
INSERT [dbo].[Proxy] ([UUID], [Proxy_Action], [Proxy_Method], [description], [Proxy_Type], [need_redirect], [redirect_Proxy_Action], [redirect_Proxy_Method], [application_head_uuid], [redirect_src]) VALUES (N'14062716381900190', N'ErrorLogAction', N'load', N'ErrorLogAction.load', N'Load', N'N', NULL, NULL, N'14043017114000058', NULL)
INSERT [dbo].[Proxy] ([UUID], [Proxy_Action], [Proxy_Method], [description], [Proxy_Type], [need_redirect], [redirect_Proxy_Action], [redirect_Proxy_Method], [application_head_uuid], [redirect_src]) VALUES (N'14062716381900192', N'ErrorLogAction', N'UpdateAllRead', N'ErrorLogAction.UpdateAllRead', N'Store', N'N', NULL, NULL, N'14043017114000058', NULL)
INSERT [dbo].[Proxy] ([UUID], [Proxy_Action], [Proxy_Method], [description], [Proxy_Type], [need_redirect], [redirect_Proxy_Action], [redirect_Proxy_Method], [application_head_uuid], [redirect_src]) VALUES (N'14062716381900194', N'ErrorLogAction', N'UpdateRead', N'ErrorLogAction.UpdateRead', N'Load', N'N', NULL, NULL, N'14043017114000058', NULL)
INSERT [dbo].[Proxy] ([UUID], [Proxy_Action], [Proxy_Method], [description], [Proxy_Type], [need_redirect], [redirect_Proxy_Action], [redirect_Proxy_Method], [application_head_uuid], [redirect_src]) VALUES (N'14062716381900196', N'GroupAttendantAction', N'loadAttendantStoreInGroup', N'GroupAttendantAction.loadAttendantStoreInGroup', N'Store', N'N', NULL, NULL, N'14043017114000058', NULL)
INSERT [dbo].[Proxy] ([UUID], [Proxy_Action], [Proxy_Method], [description], [Proxy_Type], [need_redirect], [redirect_Proxy_Action], [redirect_Proxy_Method], [application_head_uuid], [redirect_src]) VALUES (N'14062716381900198', N'GroupAttendantAction', N'loadAttendantStoreNotInGroup', N'GroupAttendantAction.loadAttendantStoreNotInGroup', N'Store', N'N', NULL, NULL, N'14043017114000058', NULL)
INSERT [dbo].[Proxy] ([UUID], [Proxy_Action], [Proxy_Method], [description], [Proxy_Type], [need_redirect], [redirect_Proxy_Action], [redirect_Proxy_Method], [application_head_uuid], [redirect_src]) VALUES (N'14062716381900200', N'GroupAttendantAction', N'addAttendnatGroupHead', N'GroupAttendantAction.addAttendnatGroupHead', N'Store', N'N', NULL, NULL, N'14043017114000058', NULL)
INSERT [dbo].[Proxy] ([UUID], [Proxy_Action], [Proxy_Method], [description], [Proxy_Type], [need_redirect], [redirect_Proxy_Action], [redirect_Proxy_Method], [application_head_uuid], [redirect_src]) VALUES (N'14062716381900202', N'GroupAttendantAction', N'destroyBy', N'GroupAttendantAction.destroyBy', N'Store', N'N', NULL, NULL, N'14043017114000058', NULL)
INSERT [dbo].[Proxy] ([UUID], [Proxy_Action], [Proxy_Method], [description], [Proxy_Type], [need_redirect], [redirect_Proxy_Action], [redirect_Proxy_Method], [application_head_uuid], [redirect_src]) VALUES (N'14062716381900204', N'GroupHeadAction', N'load', N'GroupHeadAction.load', N'Store', N'N', NULL, NULL, N'14043017114000058', NULL)
INSERT [dbo].[Proxy] ([UUID], [Proxy_Action], [Proxy_Method], [description], [Proxy_Type], [need_redirect], [redirect_Proxy_Action], [redirect_Proxy_Method], [application_head_uuid], [redirect_src]) VALUES (N'14062716381900206', N'GroupHeadAction', N'info', N'GroupHeadAction.info', N'Load', N'N', NULL, NULL, N'14043017114000058', NULL)
INSERT [dbo].[Proxy] ([UUID], [Proxy_Action], [Proxy_Method], [description], [Proxy_Type], [need_redirect], [redirect_Proxy_Action], [redirect_Proxy_Method], [application_head_uuid], [redirect_src]) VALUES (N'14062716381900208', N'GroupHeadAction', N'submit', N'GroupHeadAction.submit', N'Form', N'N', NULL, NULL, N'14043017114000058', NULL)
INSERT [dbo].[Proxy] ([UUID], [Proxy_Action], [Proxy_Method], [description], [Proxy_Type], [need_redirect], [redirect_Proxy_Action], [redirect_Proxy_Method], [application_head_uuid], [redirect_src]) VALUES (N'14062716381900210', N'GroupHeadAction', N'deleteGroupHead', N'GroupHeadAction.deleteGroupHead', N'Store', N'N', NULL, NULL, N'14043017114000058', NULL)
INSERT [dbo].[Proxy] ([UUID], [Proxy_Action], [Proxy_Method], [description], [Proxy_Type], [need_redirect], [redirect_Proxy_Action], [redirect_Proxy_Method], [application_head_uuid], [redirect_src]) VALUES (N'14062716381900212', N'InitAction', N'loadBasic', N'InitAction.loadBasic', N'Load', N'N', NULL, NULL, N'14043017114000058', NULL)
INSERT [dbo].[Proxy] ([UUID], [Proxy_Action], [Proxy_Method], [description], [Proxy_Type], [need_redirect], [redirect_Proxy_Action], [redirect_Proxy_Method], [application_head_uuid], [redirect_src]) VALUES (N'14062716381900214', N'InitAction', N'loadException', N'InitAction.loadException', N'Load', N'N', NULL, NULL, N'14043017114000058', NULL)
INSERT [dbo].[Proxy] ([UUID], [Proxy_Action], [Proxy_Method], [description], [Proxy_Type], [need_redirect], [redirect_Proxy_Action], [redirect_Proxy_Method], [application_head_uuid], [redirect_src]) VALUES (N'14062716381900216', N'InitAction', N'loadAction', N'InitAction.loadAction', N'Load', N'N', NULL, NULL, N'14043017114000058', NULL)
INSERT [dbo].[Proxy] ([UUID], [Proxy_Action], [Proxy_Method], [description], [Proxy_Type], [need_redirect], [redirect_Proxy_Action], [redirect_Proxy_Method], [application_head_uuid], [redirect_src]) VALUES (N'14062716381900218', N'InitAction', N'loadParameter', N'InitAction.loadParameter', N'Load', N'N', NULL, NULL, N'14043017114000058', NULL)
INSERT [dbo].[Proxy] ([UUID], [Proxy_Action], [Proxy_Method], [description], [Proxy_Type], [need_redirect], [redirect_Proxy_Action], [redirect_Proxy_Method], [application_head_uuid], [redirect_src]) VALUES (N'14062716381900220', N'InitAction', N'submitParameter', N'InitAction.submitParameter', N'Load', N'N', NULL, NULL, N'14043017114000058', NULL)
INSERT [dbo].[Proxy] ([UUID], [Proxy_Action], [Proxy_Method], [description], [Proxy_Type], [need_redirect], [redirect_Proxy_Action], [redirect_Proxy_Method], [application_head_uuid], [redirect_src]) VALUES (N'14062716381900222', N'InitAction', N'testConnection', N'InitAction.testConnection', N'Load', N'N', NULL, NULL, N'14043017114000058', NULL)
INSERT [dbo].[Proxy] ([UUID], [Proxy_Action], [Proxy_Method], [description], [Proxy_Type], [need_redirect], [redirect_Proxy_Action], [redirect_Proxy_Method], [application_head_uuid], [redirect_src]) VALUES (N'14062716381900224', N'InitAction', N'submitBasic', N'InitAction.submitBasic', N'Store', N'N', NULL, NULL, N'14043017114000058', NULL)
INSERT [dbo].[Proxy] ([UUID], [Proxy_Action], [Proxy_Method], [description], [Proxy_Type], [need_redirect], [redirect_Proxy_Action], [redirect_Proxy_Method], [application_head_uuid], [redirect_src]) VALUES (N'14062716381900226', N'InitAction', N'submitException', N'InitAction.submitException', N'Store', N'N', NULL, NULL, N'14043017114000058', NULL)
INSERT [dbo].[Proxy] ([UUID], [Proxy_Action], [Proxy_Method], [description], [Proxy_Type], [need_redirect], [redirect_Proxy_Action], [redirect_Proxy_Method], [application_head_uuid], [redirect_src]) VALUES (N'14062716381900228', N'InitAction', N'submitActionLog', N'InitAction.submitActionLog', N'Store', N'N', NULL, NULL, N'14043017114000058', NULL)
INSERT [dbo].[Proxy] ([UUID], [Proxy_Action], [Proxy_Method], [description], [Proxy_Type], [need_redirect], [redirect_Proxy_Action], [redirect_Proxy_Method], [application_head_uuid], [redirect_src]) VALUES (N'14062716381900230', N'InitAction', N'initBasic', N'InitAction.initBasic', N'Store', N'N', NULL, NULL, N'14043017114000058', NULL)
INSERT [dbo].[Proxy] ([UUID], [Proxy_Action], [Proxy_Method], [description], [Proxy_Type], [need_redirect], [redirect_Proxy_Action], [redirect_Proxy_Method], [application_head_uuid], [redirect_src]) VALUES (N'14062716381900232', N'InitAction', N'initException', N'InitAction.initException', N'Store', N'N', NULL, NULL, N'14043017114000058', NULL)
INSERT [dbo].[Proxy] ([UUID], [Proxy_Action], [Proxy_Method], [description], [Proxy_Type], [need_redirect], [redirect_Proxy_Action], [redirect_Proxy_Method], [application_head_uuid], [redirect_src]) VALUES (N'14062716381900234', N'InitAction', N'initAction', N'InitAction.initAction', N'Store', N'N', NULL, NULL, N'14043017114000058', NULL)
INSERT [dbo].[Proxy] ([UUID], [Proxy_Action], [Proxy_Method], [description], [Proxy_Type], [need_redirect], [redirect_Proxy_Action], [redirect_Proxy_Method], [application_head_uuid], [redirect_src]) VALUES (N'14062716381900236', N'InitAction', N'importData', N'InitAction.importData', N'Store', N'N', NULL, NULL, N'14043017114000058', NULL)
INSERT [dbo].[Proxy] ([UUID], [Proxy_Action], [Proxy_Method], [description], [Proxy_Type], [need_redirect], [redirect_Proxy_Action], [redirect_Proxy_Method], [application_head_uuid], [redirect_src]) VALUES (N'14062716381900238', N'MenuAction', N'loadMenuTree', N'MenuAction.loadMenuTree', N'TreeStore', N'N', NULL, NULL, N'14043017114000058', NULL)
INSERT [dbo].[Proxy] ([UUID], [Proxy_Action], [Proxy_Method], [description], [Proxy_Type], [need_redirect], [redirect_Proxy_Action], [redirect_Proxy_Method], [application_head_uuid], [redirect_src]) VALUES (N'14062716381900240', N'MenuAction', N'loadTreeRoot', N'MenuAction.loadTreeRoot', N'Store', N'N', NULL, NULL, N'14043017114000058', NULL)
INSERT [dbo].[Proxy] ([UUID], [Proxy_Action], [Proxy_Method], [description], [Proxy_Type], [need_redirect], [redirect_Proxy_Action], [redirect_Proxy_Method], [application_head_uuid], [redirect_src]) VALUES (N'14062716381900242', N'MenuAction', N'submit', N'MenuAction.submit', N'Form', N'N', NULL, NULL, N'14043017114000058', NULL)
INSERT [dbo].[Proxy] ([UUID], [Proxy_Action], [Proxy_Method], [description], [Proxy_Type], [need_redirect], [redirect_Proxy_Action], [redirect_Proxy_Method], [application_head_uuid], [redirect_src]) VALUES (N'14062716381900244', N'MenuAction', N'info', N'MenuAction.info', N'Store', N'N', NULL, NULL, N'14043017114000058', NULL)
INSERT [dbo].[Proxy] ([UUID], [Proxy_Action], [Proxy_Method], [description], [Proxy_Type], [need_redirect], [redirect_Proxy_Action], [redirect_Proxy_Method], [application_head_uuid], [redirect_src]) VALUES (N'14062716381900246', N'MenuAction', N'destroyByUuid', N'MenuAction.destroyByUuid', N'Store', N'N', NULL, NULL, N'14043017114000058', NULL)
INSERT [dbo].[Proxy] ([UUID], [Proxy_Action], [Proxy_Method], [description], [Proxy_Type], [need_redirect], [redirect_Proxy_Action], [redirect_Proxy_Method], [application_head_uuid], [redirect_src]) VALUES (N'14062716381900248', N'MenuAction', N'setAppMenuIsActive', N'MenuAction.setAppMenuIsActive', N'Store', N'N', NULL, NULL, N'14043017114000058', NULL)
INSERT [dbo].[Proxy] ([UUID], [Proxy_Action], [Proxy_Method], [description], [Proxy_Type], [need_redirect], [redirect_Proxy_Action], [redirect_Proxy_Method], [application_head_uuid], [redirect_src]) VALUES (N'14062716381900250', N'MenuAction', N'deleteAppMenu', N'MenuAction.deleteAppMenu', N'Store', N'N', NULL, NULL, N'14043017114000058', NULL)
INSERT [dbo].[Proxy] ([UUID], [Proxy_Action], [Proxy_Method], [description], [Proxy_Type], [need_redirect], [redirect_Proxy_Action], [redirect_Proxy_Method], [application_head_uuid], [redirect_src]) VALUES (N'14062716381900252', N'MenuAction', N'load', N'MenuAction.load', N'Store', N'N', NULL, NULL, N'14043017114000058', NULL)
INSERT [dbo].[Proxy] ([UUID], [Proxy_Action], [Proxy_Method], [description], [Proxy_Type], [need_redirect], [redirect_Proxy_Action], [redirect_Proxy_Method], [application_head_uuid], [redirect_src]) VALUES (N'14062716381900254', N'MenuAction', N'loadThisApplicationMenu', N'MenuAction.loadThisApplicationMenu', N'Store', N'N', NULL, NULL, N'14043017114000058', NULL)
INSERT [dbo].[Proxy] ([UUID], [Proxy_Action], [Proxy_Method], [description], [Proxy_Type], [need_redirect], [redirect_Proxy_Action], [redirect_Proxy_Method], [application_head_uuid], [redirect_src]) VALUES (N'14062716381900256', N'ProxyAction', N'loadProxy', N'ProxyAction.loadProxy', N'Store', N'N', NULL, NULL, N'14043017114000058', NULL)
INSERT [dbo].[Proxy] ([UUID], [Proxy_Action], [Proxy_Method], [description], [Proxy_Type], [need_redirect], [redirect_Proxy_Action], [redirect_Proxy_Method], [application_head_uuid], [redirect_src]) VALUES (N'14062716381900258', N'ProxyAction', N'submitProxy', N'ProxyAction.submitProxy', N'Form', N'N', NULL, NULL, N'14043017114000058', NULL)
INSERT [dbo].[Proxy] ([UUID], [Proxy_Action], [Proxy_Method], [description], [Proxy_Type], [need_redirect], [redirect_Proxy_Action], [redirect_Proxy_Method], [application_head_uuid], [redirect_src]) VALUES (N'14062716381900260', N'ProxyAction', N'infoProxy', N'ProxyAction.infoProxy', N'Store', N'N', NULL, NULL, N'14043017114000058', NULL)
INSERT [dbo].[Proxy] ([UUID], [Proxy_Action], [Proxy_Method], [description], [Proxy_Type], [need_redirect], [redirect_Proxy_Action], [redirect_Proxy_Method], [application_head_uuid], [redirect_src]) VALUES (N'14062716381900262', N'ProxyAction', N'destroyProxyByUuid', N'ProxyAction.destroyProxyByUuid', N'Store', N'N', NULL, NULL, N'14043017114000058', NULL)
INSERT [dbo].[Proxy] ([UUID], [Proxy_Action], [Proxy_Method], [description], [Proxy_Type], [need_redirect], [redirect_Proxy_Action], [redirect_Proxy_Method], [application_head_uuid], [redirect_src]) VALUES (N'14062716381900264', N'SiteMapAction', N'loadSiteMapTree', N'SiteMapAction.loadSiteMapTree', N'TreeStore', N'N', NULL, NULL, N'14043017114000058', NULL)
INSERT [dbo].[Proxy] ([UUID], [Proxy_Action], [Proxy_Method], [description], [Proxy_Type], [need_redirect], [redirect_Proxy_Action], [redirect_Proxy_Method], [application_head_uuid], [redirect_src]) VALUES (N'14062716381900266', N'SiteMapAction', N'loadTreeRoot', N'SiteMapAction.loadTreeRoot', N'Store', N'N', NULL, NULL, N'14043017114000058', NULL)
INSERT [dbo].[Proxy] ([UUID], [Proxy_Action], [Proxy_Method], [description], [Proxy_Type], [need_redirect], [redirect_Proxy_Action], [redirect_Proxy_Method], [application_head_uuid], [redirect_src]) VALUES (N'14062716381900268', N'SiteMapAction', N'load', N'SiteMapAction.load', N'Store', N'N', NULL, NULL, N'14043017114000058', NULL)
INSERT [dbo].[Proxy] ([UUID], [Proxy_Action], [Proxy_Method], [description], [Proxy_Type], [need_redirect], [redirect_Proxy_Action], [redirect_Proxy_Method], [application_head_uuid], [redirect_src]) VALUES (N'14062716381900270', N'SiteMapAction', N'loadThisApplication', N'SiteMapAction.loadThisApplication', N'Store', N'N', NULL, NULL, N'14043017114000058', NULL)
INSERT [dbo].[Proxy] ([UUID], [Proxy_Action], [Proxy_Method], [description], [Proxy_Type], [need_redirect], [redirect_Proxy_Action], [redirect_Proxy_Method], [application_head_uuid], [redirect_src]) VALUES (N'14062716381900272', N'SiteMapAction', N'submit', N'SiteMapAction.submit', N'Form', N'N', NULL, NULL, N'14043017114000058', NULL)
INSERT [dbo].[Proxy] ([UUID], [Proxy_Action], [Proxy_Method], [description], [Proxy_Type], [need_redirect], [redirect_Proxy_Action], [redirect_Proxy_Method], [application_head_uuid], [redirect_src]) VALUES (N'14062716381900274', N'SiteMapAction', N'info', N'SiteMapAction.info', N'Store', N'N', NULL, NULL, N'14043017114000058', NULL)
INSERT [dbo].[Proxy] ([UUID], [Proxy_Action], [Proxy_Method], [description], [Proxy_Type], [need_redirect], [redirect_Proxy_Action], [redirect_Proxy_Method], [application_head_uuid], [redirect_src]) VALUES (N'14062716381900276', N'SiteMapAction', N'destroyByUuid', N'SiteMapAction.destroyByUuid', N'Store', N'N', NULL, NULL, N'14043017114000058', NULL)
INSERT [dbo].[Proxy] ([UUID], [Proxy_Action], [Proxy_Method], [description], [Proxy_Type], [need_redirect], [redirect_Proxy_Action], [redirect_Proxy_Method], [application_head_uuid], [redirect_src]) VALUES (N'14062716381900278', N'SiteMapAction', N'setSiteMapIsActive', N'SiteMapAction.setSiteMapIsActive', N'Store', N'N', NULL, NULL, N'14043017114000058', NULL)
INSERT [dbo].[Proxy] ([UUID], [Proxy_Action], [Proxy_Method], [description], [Proxy_Type], [need_redirect], [redirect_Proxy_Action], [redirect_Proxy_Method], [application_head_uuid], [redirect_src]) VALUES (N'14062716381900280', N'SiteMapAction', N'deleteSiteMap', N'SiteMapAction.deleteSiteMap', N'Store', N'N', NULL, NULL, N'14043017114000058', NULL)
INSERT [dbo].[Proxy] ([UUID], [Proxy_Action], [Proxy_Method], [description], [Proxy_Type], [need_redirect], [redirect_Proxy_Action], [redirect_Proxy_Method], [application_head_uuid], [redirect_src]) VALUES (N'14062716381900282', N'SiteMapAction', N'addSiteMap', N'SiteMapAction.addSiteMap', N'Store', N'N', NULL, NULL, N'14043017114000058', NULL)
INSERT [dbo].[Proxy] ([UUID], [Proxy_Action], [Proxy_Method], [description], [Proxy_Type], [need_redirect], [redirect_Proxy_Action], [redirect_Proxy_Method], [application_head_uuid], [redirect_src]) VALUES (N'14062716381900284', N'UserAction', N'logon', N'UserAction.logon', N'Form', N'N', NULL, NULL, N'14043017114000058', NULL)
INSERT [dbo].[Proxy] ([UUID], [Proxy_Action], [Proxy_Method], [description], [Proxy_Type], [need_redirect], [redirect_Proxy_Action], [redirect_Proxy_Method], [application_head_uuid], [redirect_src]) VALUES (N'14062716381900286', N'UserAction', N'forgetPassword', N'UserAction.forgetPassword', N'Form', N'N', NULL, NULL, N'14043017114000058', NULL)
INSERT [dbo].[Proxy] ([UUID], [Proxy_Action], [Proxy_Method], [description], [Proxy_Type], [need_redirect], [redirect_Proxy_Action], [redirect_Proxy_Method], [application_head_uuid], [redirect_src]) VALUES (N'14062716381900288', N'UserAction', N'keepSession', N'UserAction.keepSession', N'Load', N'N', NULL, NULL, N'14043017114000058', NULL)
INSERT [dbo].[Proxy] ([UUID], [Proxy_Action], [Proxy_Method], [description], [Proxy_Type], [need_redirect], [redirect_Proxy_Action], [redirect_Proxy_Method], [application_head_uuid], [redirect_src]) VALUES (N'14062716381900290', N'UserAction', N'getUserInfo', N'UserAction.getUserInfo', N'Load', N'N', NULL, NULL, N'14043017114000058', NULL)
INSERT [dbo].[Proxy] ([UUID], [Proxy_Action], [Proxy_Method], [description], [Proxy_Type], [need_redirect], [redirect_Proxy_Action], [redirect_Proxy_Method], [application_head_uuid], [redirect_src]) VALUES (N'14062716381900292', N'UtilAction', N'getUid', N'UtilAction.getUid', N'Load', N'N', NULL, NULL, N'14043017114000058', NULL)
INSERT [dbo].[Proxy] ([UUID], [Proxy_Action], [Proxy_Method], [description], [Proxy_Type], [need_redirect], [redirect_Proxy_Action], [redirect_Proxy_Method], [application_head_uuid], [redirect_src]) VALUES (N'14062716381900294', N'ProxyAction', N'loadVAppmenuProxyMap', N'ProxyAction.loadVAppmenuProxyMap', N'Store', N'N', NULL, NULL, N'14043017114000058', NULL)
INSERT [dbo].[Proxy] ([UUID], [Proxy_Action], [Proxy_Method], [description], [Proxy_Type], [need_redirect], [redirect_Proxy_Action], [redirect_Proxy_Method], [application_head_uuid], [redirect_src]) VALUES (N'14062716381900296', N'ProxyAction', N'loadAppmenuProxyMapUnSelected', N'ProxyAction.loadAppmenuProxyMapUnSelected', N'Store', N'N', NULL, NULL, N'14043017114000058', NULL)
INSERT [dbo].[Proxy] ([UUID], [Proxy_Action], [Proxy_Method], [description], [Proxy_Type], [need_redirect], [redirect_Proxy_Action], [redirect_Proxy_Method], [application_head_uuid], [redirect_src]) VALUES (N'14062716381900298', N'ProxyAction', N'addAppmenuProxyMap', N'ProxyAction.addAppmenuProxyMap', N'Store', N'N', NULL, NULL, N'14043017114000058', NULL)
INSERT [dbo].[Proxy] ([UUID], [Proxy_Action], [Proxy_Method], [description], [Proxy_Type], [need_redirect], [redirect_Proxy_Action], [redirect_Proxy_Method], [application_head_uuid], [redirect_src]) VALUES (N'14062716381900300', N'ProxyAction', N'removeAppmenuProxyMap', N'ProxyAction.removeAppmenuProxyMap', N'Store', N'N', NULL, NULL, N'14043017114000058', NULL)
INSERT [dbo].[Proxy] ([UUID], [Proxy_Action], [Proxy_Method], [description], [Proxy_Type], [need_redirect], [redirect_Proxy_Action], [redirect_Proxy_Method], [application_head_uuid], [redirect_src]) VALUES (N'14062716381900302', N'AuthorityAction', N'loadAppmenuTree', N'AuthorityAction.loadAppmenuTree', N'TreeStore', N'N', NULL, NULL, N'14043017114000058', NULL)


INSERT [dbo].[Proxy] ([UUID], [Proxy_Action], [Proxy_Method], [description], [Proxy_Type], [need_redirect], [redirect_Proxy_Action], [redirect_Proxy_Method], [application_head_uuid], [redirect_src]) VALUES (N'14062716381900412', N'ServerAction', N'loadCpuInfo', N'ServerAction.loadCpuInfo', N'Load', N'N', NULL, NULL, N'14043017114000058', NULL)

INSERT [dbo].[Proxy] ([UUID], [Proxy_Action], [Proxy_Method], [description], [Proxy_Type], [need_redirect], [redirect_Proxy_Action], [redirect_Proxy_Method], [application_head_uuid], [redirect_src]) VALUES (N'14062716381900416', N'ServerAction', N'loadDisk', N'ServerAction.loadDisk', N'Load', N'N', NULL, NULL, N'14043017114000058', NULL)

INSERT [dbo].[Proxy] ([UUID], [Proxy_Action], [Proxy_Method], [description], [Proxy_Type], [need_redirect], [redirect_Proxy_Action], [redirect_Proxy_Method], [application_head_uuid], [redirect_src]) VALUES (N'14062716381900420', N'ServerAction', N'loadMemoryInfo', N'ServerAction.loadMemoryInfo', N'Load', N'N', NULL, NULL, N'14043017114000058', NULL)

INSERT [dbo].[Proxy] ([UUID], [Proxy_Action], [Proxy_Method], [description], [Proxy_Type], [need_redirect], [redirect_Proxy_Action], [redirect_Proxy_Method], [application_head_uuid], [redirect_src]) VALUES (N'14062716381900424', N'ServerAction', N'loadOSInfo', N'ServerAction.loadOSInfo', N'Load', N'N', NULL, NULL, N'14043017114000058', NULL)

INSERT [dbo].[Proxy] ([UUID], [Proxy_Action], [Proxy_Method], [description], [Proxy_Type], [need_redirect], [redirect_Proxy_Action], [redirect_Proxy_Method], [application_head_uuid], [redirect_src]) VALUES (N'14062716381900428', N'ServerAction', N'loadRuntimeCpuMem', N'ServerAction.loadRuntimeCpuMem', N'Load', N'N', NULL, NULL, N'14043017114000058', NULL)








INSERT [dbo].[APPMENU_PROXY_MAP] ([uuid], [proxy_uuid], [appMenu_uuid]) VALUES (N'14062716381900304', N'14062716381900140', N'14062716381900092')
INSERT [dbo].[APPMENU_PROXY_MAP] ([uuid], [proxy_uuid], [appMenu_uuid]) VALUES (N'14062716381900306', N'14062716381900162', N'14062716381900096')
INSERT [dbo].[APPMENU_PROXY_MAP] ([uuid], [proxy_uuid], [appMenu_uuid]) VALUES (N'14062716381900308', N'14062716381900164', N'14062716381900096')
INSERT [dbo].[APPMENU_PROXY_MAP] ([uuid], [proxy_uuid], [appMenu_uuid]) VALUES (N'14062716381900310', N'14062716381900166', N'14062716381900096')
INSERT [dbo].[APPMENU_PROXY_MAP] ([uuid], [proxy_uuid], [appMenu_uuid]) VALUES (N'14062716381900312', N'14062716381900144', N'14062716381900058')
INSERT [dbo].[APPMENU_PROXY_MAP] ([uuid], [proxy_uuid], [appMenu_uuid]) VALUES (N'14062716381900314', N'14062716381900150', N'14062716381900058')
INSERT [dbo].[APPMENU_PROXY_MAP] ([uuid], [proxy_uuid], [appMenu_uuid]) VALUES (N'14062716381900316', N'14062716381900148', N'14062716381900058')
INSERT [dbo].[APPMENU_PROXY_MAP] ([uuid], [proxy_uuid], [appMenu_uuid]) VALUES (N'14062716381900318', N'14062716381900152', N'14062716381900098')
INSERT [dbo].[APPMENU_PROXY_MAP] ([uuid], [proxy_uuid], [appMenu_uuid]) VALUES (N'14062716381900320', N'14062716381900156', N'14062716381900098')
INSERT [dbo].[APPMENU_PROXY_MAP] ([uuid], [proxy_uuid], [appMenu_uuid]) VALUES (N'14062716381900322', N'14062716381900154', N'14062716381900098')
INSERT [dbo].[APPMENU_PROXY_MAP] ([uuid], [proxy_uuid], [appMenu_uuid]) VALUES (N'14062716381900324', N'14062716381900158', N'14062716381900098')
INSERT [dbo].[APPMENU_PROXY_MAP] ([uuid], [proxy_uuid], [appMenu_uuid]) VALUES (N'14062716381900326', N'14062716381900238', N'14062716381900102')
INSERT [dbo].[APPMENU_PROXY_MAP] ([uuid], [proxy_uuid], [appMenu_uuid]) VALUES (N'14062716381900328', N'14062716381900240', N'14062716381900102')
INSERT [dbo].[APPMENU_PROXY_MAP] ([uuid], [proxy_uuid], [appMenu_uuid]) VALUES (N'14062716381900330', N'14062716381900242', N'14062716381900102')
INSERT [dbo].[APPMENU_PROXY_MAP] ([uuid], [proxy_uuid], [appMenu_uuid]) VALUES (N'14062716381900332', N'14062716381900244', N'14062716381900102')
INSERT [dbo].[APPMENU_PROXY_MAP] ([uuid], [proxy_uuid], [appMenu_uuid]) VALUES (N'14062716381900334', N'14062716381900246', N'14062716381900102')
INSERT [dbo].[APPMENU_PROXY_MAP] ([uuid], [proxy_uuid], [appMenu_uuid]) VALUES (N'14062716381900336', N'14062716381900248', N'14062716381900102')
INSERT [dbo].[APPMENU_PROXY_MAP] ([uuid], [proxy_uuid], [appMenu_uuid]) VALUES (N'14062716381900338', N'14062716381900250', N'14062716381900102')
INSERT [dbo].[APPMENU_PROXY_MAP] ([uuid], [proxy_uuid], [appMenu_uuid]) VALUES (N'14062716381900340', N'14062716381900252', N'14062716381900102')
INSERT [dbo].[APPMENU_PROXY_MAP] ([uuid], [proxy_uuid], [appMenu_uuid]) VALUES (N'14062716381900342', N'14062716381900254', N'14062716381900102')
INSERT [dbo].[APPMENU_PROXY_MAP] ([uuid], [proxy_uuid], [appMenu_uuid]) VALUES (N'14062716381900344', N'14062716381900256', N'14062716381900102')
INSERT [dbo].[APPMENU_PROXY_MAP] ([uuid], [proxy_uuid], [appMenu_uuid]) VALUES (N'14062716381900346', N'14062716381900258', N'14062716381900102')
INSERT [dbo].[APPMENU_PROXY_MAP] ([uuid], [proxy_uuid], [appMenu_uuid]) VALUES (N'14062716381900348', N'14062716381900260', N'14062716381900102')
INSERT [dbo].[APPMENU_PROXY_MAP] ([uuid], [proxy_uuid], [appMenu_uuid]) VALUES (N'14062716381900350', N'14062716381900262', N'14062716381900102')
INSERT [dbo].[APPMENU_PROXY_MAP] ([uuid], [proxy_uuid], [appMenu_uuid]) VALUES (N'14062716381900352', N'14062716381900270', N'14062716381900102')
INSERT [dbo].[APPMENU_PROXY_MAP] ([uuid], [proxy_uuid], [appMenu_uuid]) VALUES (N'14062716381900354', N'14062716381900294', N'14062716381900102')
INSERT [dbo].[APPMENU_PROXY_MAP] ([uuid], [proxy_uuid], [appMenu_uuid]) VALUES (N'14062716381900356', N'14062716381900190', N'14062716381900084')
INSERT [dbo].[APPMENU_PROXY_MAP] ([uuid], [proxy_uuid], [appMenu_uuid]) VALUES (N'14062716381900358', N'14062716381900192', N'14062716381900084')
INSERT [dbo].[APPMENU_PROXY_MAP] ([uuid], [proxy_uuid], [appMenu_uuid]) VALUES (N'14062716381900360', N'14062716381900194', N'14062716381900084')
INSERT [dbo].[APPMENU_PROXY_MAP] ([uuid], [proxy_uuid], [appMenu_uuid]) VALUES (N'14062716381900362', N'14062716381900296', N'14062716381900102')
INSERT [dbo].[APPMENU_PROXY_MAP] ([uuid], [proxy_uuid], [appMenu_uuid]) VALUES (N'14062716381900364', N'14062716381900298', N'14062716381900102')
INSERT [dbo].[APPMENU_PROXY_MAP] ([uuid], [proxy_uuid], [appMenu_uuid]) VALUES (N'14062716381900366', N'14062716381900300', N'14062716381900102')
INSERT [dbo].[APPMENU_PROXY_MAP] ([uuid], [proxy_uuid], [appMenu_uuid]) VALUES (N'14062716381900368', N'14062716381900266', N'14062716381900100')
INSERT [dbo].[APPMENU_PROXY_MAP] ([uuid], [proxy_uuid], [appMenu_uuid]) VALUES (N'14062716381900370', N'14062716381900264', N'14062716381900100')
INSERT [dbo].[APPMENU_PROXY_MAP] ([uuid], [proxy_uuid], [appMenu_uuid]) VALUES (N'14062716381900372', N'14062716381900282', N'14062716381900100')
INSERT [dbo].[APPMENU_PROXY_MAP] ([uuid], [proxy_uuid], [appMenu_uuid]) VALUES (N'14062716381900374', N'14062716381900280', N'14062716381900100')
INSERT [dbo].[APPMENU_PROXY_MAP] ([uuid], [proxy_uuid], [appMenu_uuid]) VALUES (N'14062716381900376', N'14062716381900168', N'14062716381900090')
INSERT [dbo].[APPMENU_PROXY_MAP] ([uuid], [proxy_uuid], [appMenu_uuid]) VALUES (N'14062716381900378', N'14062716381900204', N'14062716381900090')
INSERT [dbo].[APPMENU_PROXY_MAP] ([uuid], [proxy_uuid], [appMenu_uuid]) VALUES (N'14062716381900380', N'14062716381900206', N'14062716381900090')
INSERT [dbo].[APPMENU_PROXY_MAP] ([uuid], [proxy_uuid], [appMenu_uuid]) VALUES (N'14062716381900382', N'14062716381900208', N'14062716381900090')
INSERT [dbo].[APPMENU_PROXY_MAP] ([uuid], [proxy_uuid], [appMenu_uuid]) VALUES (N'14062716381900384', N'14062716381900196', N'14062716381900090')
INSERT [dbo].[APPMENU_PROXY_MAP] ([uuid], [proxy_uuid], [appMenu_uuid]) VALUES (N'14062716381900386', N'14062716381900170', N'14062716381900090')
INSERT [dbo].[APPMENU_PROXY_MAP] ([uuid], [proxy_uuid], [appMenu_uuid]) VALUES (N'14062716381900388', N'14062716381900174', N'14062716381900090')
INSERT [dbo].[APPMENU_PROXY_MAP] ([uuid], [proxy_uuid], [appMenu_uuid]) VALUES (N'14062716381900390', N'14062716381900172', N'14062716381900090')
INSERT [dbo].[APPMENU_PROXY_MAP] ([uuid], [proxy_uuid], [appMenu_uuid]) VALUES (N'14062716381900392', N'14062716381900198', N'14062716381900090')
INSERT [dbo].[APPMENU_PROXY_MAP] ([uuid], [proxy_uuid], [appMenu_uuid]) VALUES (N'14062716381900394', N'14062716381900200', N'14062716381900090')
INSERT [dbo].[APPMENU_PROXY_MAP] ([uuid], [proxy_uuid], [appMenu_uuid]) VALUES (N'14062716381900396', N'14062716381900202', N'14062716381900090')
INSERT [dbo].[APPMENU_PROXY_MAP] ([uuid], [proxy_uuid], [appMenu_uuid]) VALUES (N'14062716381900398', N'14062716381900210', N'14062716381900090')
INSERT [dbo].[APPMENU_PROXY_MAP] ([uuid], [proxy_uuid], [appMenu_uuid]) VALUES (N'14062716381900400', N'14062716381900138', N'14062716381900092')
INSERT [dbo].[APPMENU_PROXY_MAP] ([uuid], [proxy_uuid], [appMenu_uuid]) VALUES (N'14062716381900402', N'14062716381900142', N'14062716381900092')


INSERT [dbo].[APPMENU_PROXY_MAP] ([uuid], [proxy_uuid], [appMenu_uuid]) VALUES (N'14062716381900410', N'14062716381900412', N'14062716381900084')
INSERT [dbo].[APPMENU_PROXY_MAP] ([uuid], [proxy_uuid], [appMenu_uuid]) VALUES (N'14062716381900414', N'14062716381900416', N'14062716381900084')
INSERT [dbo].[APPMENU_PROXY_MAP] ([uuid], [proxy_uuid], [appMenu_uuid]) VALUES (N'14062716381900418', N'14062716381900420', N'14062716381900084')
INSERT [dbo].[APPMENU_PROXY_MAP] ([uuid], [proxy_uuid], [appMenu_uuid]) VALUES (N'14062716381900422', N'14062716381900424', N'14062716381900084')
INSERT [dbo].[APPMENU_PROXY_MAP] ([uuid], [proxy_uuid], [appMenu_uuid]) VALUES (N'14062716381900426', N'14062716381900428', N'14062716381900084')


INSERT [dbo].[APPPAGE] ([uuid], [is_active], [create_date], [create_user], [update_date], [update_user], [id], [name], [description], [url], [parameter_class], [application_head_uuid], [p_mode]) VALUES (N'14062716381900134', N'Y', CAST(0x0000A32200F91577 AS DateTime), N'14043017113900056', CAST(0x0000A323009AC747 AS DateTime), N'14043017113900056', N'資源維護', N'資源維護', N'資源維護', N'~/admin/system/proxy.aspx', N'', N'14043017114000058', N'')

INSERT [dbo].[SITEMAP] ([uuid], [is_active], [create_date], [create_user], [update_date], [update_user], [sitemap_uuid], [apppage_uuid], [root_uuid], [haschild], [application_head_uuid]) VALUES (N'14062716381900408', N'Y', CAST(0x0000A1BE00BB9AA2 AS DateTime), N'14043017113900056', NULL, N'14043017113900056', NULL, N'14062716381900134', N'14062716381900062', N'Y', N'14043017114000058')

INSERT [dbo].[APPMENU] ([uuid], [is_active], [create_date], [create_user], [update_date], [update_user], [name_zh_tw], [name_zh_cn], [name_en_us], [id], [appmenu_uuid], [haschild], [application_head_uuid], [ord], [parameter_class], [image], [sitemap_uuid], [action_mode], [is_default_page], [is_admin]) VALUES (N'14062716381900136', N'Y', CAST(0x0000A32200F8E2FA AS DateTime), N'14043017113900056', CAST(0x0000A32400B1C2F1 AS DateTime), N'14043017113900056', N'資源', N'資源', N'資源', N'PROXY', N'14062716381900088', N'N', N'14043017114000058', CAST(5 AS Numeric(18, 0)), NULL, N'~\css\images\source.png', N'14062716381900408', NULL, N'N', N'Y')

INSERT [dbo].[GROUP_APPMENU] ([uuid], [is_active], [create_date], [create_user], [update_date], [update_user], [appmenu_uuid], [group_head_uuid], [is_default_page]) VALUES (N'14062716381900406', N'Y', CAST(0x0000A32600991E10 AS DateTime), N'14043017113900056', CAST(0x0000A32600991E10 AS DateTime), NULL, N'14062716381900136', N'14062716381900054', N'N')











INSERT [dbo].[APPPAGE] ([uuid], [is_active], [create_date], [create_user], [update_date], [update_user], [id], [name], [description], [url], [parameter_class], [application_head_uuid], [p_mode]) VALUES (N'14062716381900430', N'Y', CAST(0x0000A35400E81E2F AS DateTime), N'14043017113900056', CAST(0x0000A35400E834F3 AS DateTime), N'14043017113900056', N'SCHEDULE', N'排程工作', N'排程工作', N'~/admin/jobs/schedule.aspx', N'', N'14043017114000058', N'')

INSERT [dbo].[SITEMAP] ([uuid], [is_active], [create_date], [create_user], [update_date], [update_user], [sitemap_uuid], [apppage_uuid], [root_uuid], [haschild], [application_head_uuid]) VALUES (N'14062716381900432', N'Y', CAST(0x0000A35400E971E9 AS DateTime), N'14043017113900056', CAST(0x0000A35400E971E9 AS DateTime), N'14043017113900056', N'14062716381900062', N'14062716381900430', N'14062716381900062', N'Y', N'14043017114000058')

INSERT [dbo].[APPMENU] ([uuid], [is_active], [create_date], [create_user], [update_date], [update_user], [name_zh_tw], [name_zh_cn], [name_en_us], [id], [appmenu_uuid], [haschild], [application_head_uuid], [ord], [parameter_class], [image], [sitemap_uuid], [action_mode], [is_default_page], [is_admin]) VALUES (N'14062716381900434', N'Y', CAST(0x0000A35400EA1D09 AS DateTime), N'14043017113900056', CAST(0x0000A35400EAD6C5 AS DateTime), N'14043017113900056', N'排程工作', N'排程工作', N'排程工作', N'ScheduleJob',N'14062716381900084', N'N', N'14043017114000058', CAST(3 AS Numeric(18, 0)), NULL, N'~\css\images\schedule.png', N'14062716381900432', NULL, N'N', N'N')

INSERT [dbo].[Proxy] ([UUID], [Proxy_Action], [Proxy_Method], [description], [Proxy_Type], [need_redirect], [redirect_Proxy_Action], [redirect_Proxy_Method], [application_head_uuid], [redirect_src]) VALUES (N'14062716381900436', N'ScheduleAction', N'loadSchedule', N'ScheduleAction.loadSchedule', N'Store', N'N', NULL, NULL, N'14043017114000058', NULL)

INSERT [dbo].[Proxy] ([UUID], [Proxy_Action], [Proxy_Method], [description], [Proxy_Type], [need_redirect], [redirect_Proxy_Action], [redirect_Proxy_Method], [application_head_uuid], [redirect_src]) VALUES (N'14062716381900438', N'ScheduleAction', N'infoSchedule', N'ScheduleAction.infoSchedule', N'Load', N'N', NULL, NULL, N'14043017114000058', NULL)

INSERT [dbo].[Proxy] ([UUID], [Proxy_Action], [Proxy_Method], [description], [Proxy_Type], [need_redirect], [redirect_Proxy_Action], [redirect_Proxy_Method], [application_head_uuid], [redirect_src]) VALUES (N'14062716381900440', N'ScheduleAction', N'deleteSchedule', N'ScheduleAction.deleteSchedule', N'Load', N'N', NULL, NULL, N'14043017114000058', NULL)

INSERT [dbo].[Proxy] ([UUID], [Proxy_Action], [Proxy_Method], [description], [Proxy_Type], [need_redirect], [redirect_Proxy_Action], [redirect_Proxy_Method], [application_head_uuid], [redirect_src]) VALUES (N'14062716381900442', N'ScheduleAction', N'submitSchedule', N'ScheduleAction.submitSchedule', N'Form', N'N', NULL, NULL, N'14043017114000058', NULL)

INSERT [dbo].[APPMENU_PROXY_MAP] ([uuid], [proxy_uuid], [appMenu_uuid]) VALUES (N'14062716381900444', N'14062716381900436', N'14062716381900434')

INSERT [dbo].[APPMENU_PROXY_MAP] ([uuid], [proxy_uuid], [appMenu_uuid]) VALUES (N'14062716381900446', N'14062716381900438', N'14062716381900434')

INSERT [dbo].[APPMENU_PROXY_MAP] ([uuid], [proxy_uuid], [appMenu_uuid]) VALUES (N'14062716381900448', N'14062716381900440', N'14062716381900434')

INSERT [dbo].[APPMENU_PROXY_MAP] ([uuid], [proxy_uuid], [appMenu_uuid]) VALUES (N'14062716381900450', N'14062716381900442', N'14062716381900434')

INSERT [dbo].[GROUP_APPMENU] ([uuid], [is_active], [create_date], [create_user], [update_date], [update_user], [appmenu_uuid], [group_head_uuid], [is_default_page]) VALUES (N'14062716381900452', N'Y', CAST(0x0000A35400ED1AA7 AS DateTime), N'14043017113900056', CAST(0x0000A35400ED1AA7 AS DateTime), NULL, N'14062716381900434', N'14062716381900054', N'N')

INSERT [dbo].[SCHEDULE] ([UUID], [SCHEDULE_NAME], [SCHEDULE_END_DATE], [LAST_RUN_TIME], [LAST_RUN_STATUS], [IS_CYCLE], [SINGLE_DATE], [HOUR], [MINUTE], [CYCLE_TYPE], [C_MINUTE], [C_HOUR], [C_DAY], [C_WEEK], [C_DAY_OF_WEEK], [C_MONTH], [C_DAY_OF_MONTH], [C_WEEK_OF_MONTH], [C_YEAR], [C_WEEK_OF_YEAR], [RUN_URL], [RUN_URL_PARAMETER], [RUN_ATTENDANT_UUID], [IS_ACTIVE], [START_DATE], [RUN_SECURITY], [EXPEND_ALL], [contiune_dateTime]) VALUES (N'14062716381900454', N'每10分執行一次', CAST(0x0000A41100000000 AS DateTime), CAST(0x0000A35400F1F4CE AS DateTime), N'OK', N'Y', NULL, NULL, NULL, N'每分重複', 10, NULL, NULL, NULL, NULL, NULL, NULL, NULL, NULL, NULL, N'http://localhost/WebTemplate3/admin/jobs/sampleJob1.ashx', NULL, NULL, N'Y', CAST(0x0000A33D00000000 AS DateTime), N'localhost', N'N', CAST(0x0000A35500000000 AS DateTime))




