INSERT [dbo].[COMPANY] ([uuid], [create_date], [update_date], [is_active], [class], [id], [c_name], [e_name], [voucher_point_uuid], [week_shift], [ou_sync_type], [name_zh_cn], [concurrent_user], [expired_date], [sales_attendant_uuid]) VALUES (N'14043017113800054', CAST(0x0000A1BE00BB9AA2 AS DateTime), CAST(0x0000A1BE00BB9AA2 AS DateTime), N'Y', N'CLASS', N'myCompany', N'myCompany', N'myCompany', NULL, CAST(0 AS Numeric(18, 0)), N'N', N'myCompany', NULL, NULL, NULL)

INSERT [dbo].[APPLICATION_HEAD] ([uuid], [create_date], [update_date], [is_active], [name], [description], [id], [create_user], [update_user], [web_site]) VALUES (N'14043017114000058', CAST(0x0000A1BE00BB9AA2 AS DateTime), CAST(0x0000A1BE00BB9AA2 AS DateTime), N'Y', N'LKWebTemplate4', N'LKWebTemplate4', N'14043017114000058', N'14043017113900056', N'14043017113900056', NULL)

INSERT [dbo].[APPPAGE] ([uuid], [is_active], [create_date], [create_user], [update_date], [update_user], [id], [name], [description], [url], [parameter_class], [application_head_uuid], [p_mode]) VALUES (N'15051117594700023', N'Y', CAST(0x0000A1BE00BB9AA2 AS DateTime), N'14043017113900056', CAST(0x0000A1BE00BB9AA2 AS DateTime), N'14043017113900056', N'company', N'公司維護', N'公司維護', N'~/admin/basic/company.aspx', N'', N'14043017114000058', N'')
INSERT [dbo].[APPPAGE] ([uuid], [is_active], [create_date], [create_user], [update_date], [update_user], [id], [name], [description], [url], [parameter_class], [application_head_uuid], [p_mode]) VALUES (N'15051117594700025', N'Y', CAST(0x0000A1BE00BB9AA2 AS DateTime), N'14043017113900056', CAST(0x0000A1BE00BB9AA2 AS DateTime), N'14043017113900056', N'dept', N'部門維護', N'部門維護', N'~/admin/basic/dept.aspx', N'', N'14043017114000058', N'')
INSERT [dbo].[APPPAGE] ([uuid], [is_active], [create_date], [create_user], [update_date], [update_user], [id], [name], [description], [url], [parameter_class], [application_head_uuid], [p_mode]) VALUES (N'15051117594700027', N'Y', CAST(0x0000A1BE00BB9AA2 AS DateTime), N'14043017113900056', CAST(0x0000A1BE00BB9AA2 AS DateTime), N'14043017113900056', N'attendant', N'人員維護', N'人員維護', N'~/admin/basic/attendant.aspx', N'', N'14043017114000058', N'')
INSERT [dbo].[APPPAGE] ([uuid], [is_active], [create_date], [create_user], [update_date], [update_user], [id], [name], [description], [url], [parameter_class], [application_head_uuid], [p_mode]) VALUES (N'15051117594700029', N'Y', CAST(0x0000A1BE00BB9AA2 AS DateTime), N'14043017113900056', CAST(0x0000A1BE00BB9AA2 AS DateTime), N'14043017113900056', N'system', N'系統', N'系統', N'~/admin/system/system.aspx', N'', N'14043017114000058', N'')
INSERT [dbo].[APPPAGE] ([uuid], [is_active], [create_date], [create_user], [update_date], [update_user], [id], [name], [description], [url], [parameter_class], [application_head_uuid], [p_mode]) VALUES (N'15051117594700031', N'Y', CAST(0x0000A1BE00BB9AA2 AS DateTime), N'14043017113900056', CAST(0x0000A1BE00BB9AA2 AS DateTime), N'14043017113900056', N'function', N'功能', N'功能', N'~/admin/system/function.aspx', N'', N'14043017114000058', N'')
INSERT [dbo].[APPPAGE] ([uuid], [is_active], [create_date], [create_user], [update_date], [update_user], [id], [name], [description], [url], [parameter_class], [application_head_uuid], [p_mode]) VALUES (N'15051117594700033', N'Y', CAST(0x0000A1BE00BB9AA2 AS DateTime), N'14043017113900056', CAST(0x0000A1BE00BB9AA2 AS DateTime), N'14043017113900056', N'sitemap', N'Site Map', N'Site Map', N'~/admin/system/sitemap.aspx', N'', N'14043017114000058', N'')
INSERT [dbo].[APPPAGE] ([uuid], [is_active], [create_date], [create_user], [update_date], [update_user], [id], [name], [description], [url], [parameter_class], [application_head_uuid], [p_mode]) VALUES (N'15051117594700035', N'Y', CAST(0x0000A1BE00BB9AA2 AS DateTime), N'14043017113900056', CAST(0x0000A1BE00BB9AA2 AS DateTime), N'14043017113900056', N'menu', N'選單', N'選單', N'~/admin/system/menu.aspx', N'', N'14043017114000058', N'')
INSERT [dbo].[APPPAGE] ([uuid], [is_active], [create_date], [create_user], [update_date], [update_user], [id], [name], [description], [url], [parameter_class], [application_head_uuid], [p_mode]) VALUES (N'15051117594700037', N'Y', CAST(0x0000A1BE00BB9AA2 AS DateTime), N'14043017113900056', CAST(0x0000A1BE00BB9AA2 AS DateTime), N'14043017113900056', N'authority', N'權限維護', N'權限維護', N'~/admin/authority/authority/grouphead_query.aspx', N'', N'14043017114000058', N'')


INSERT [dbo].[ATTENDANT] ([uuid], [create_date], [update_date], [is_active], [company_uuid], [account], [c_name], [e_name], [email], [password], [is_supper], [is_admin], [code_page], [department_uuid], [phone], [site_uuid], [gender], [birthday], [hire_date], [quit_date], [is_manager], [is_direct], [grade], [id], [src_uuid], [is_default_pass]) VALUES (N'14043017113900056', CAST(0x0000A1BE00BB9AA2 AS DateTime), CAST(0x0000A1BE00BB9AA2 AS DateTime), N'Y', N'14043017113800054', N'myAdmin', N'管理者', N'Admin', N'canred.chen@gmail.com', N'myAdmin', N'N', N'Y', N'TW', NULL, NULL, NULL, N'M', NULL, NULL, NULL, N'N', N'N', NULL, N'myAdmin', NULL, N'Y')


INSERT [dbo].[GROUP_HEAD] ([uuid], [create_date], [update_date], [is_active], [name_zh_tw], [name_zh_cn], [name_en_us], [company_uuid], [id], [create_user], [update_user], [application_head_uuid]) VALUES (N'15051117594700039', CAST(0x0000A1BE00BB9AA2 AS DateTime), CAST(0x0000A1BE00BB9AA2 AS DateTime), N'Y', N'管理者', N'管理者', N'admin', N'14043017113800054', N'admin', N'14043017113900056', NULL, N'14043017114000058')




INSERT [dbo].[GROUP_ATTENDANT] ([uuid], [is_active], [create_date], [create_user], [update_date], [update_user], [group_head_uuid], [attendant_uuid]) VALUES (N'15051117594700041', N'Y', CAST(0x0000A1BE00BB9AA2 AS DateTime), N'14043017113900056', CAST(0x0000A1BE00BB9AA2 AS DateTime), N'14043017113900056', N'15051117594700039', N'14043017113900056')

INSERT [dbo].[APPPAGE] ([uuid], [is_active], [create_date], [create_user], [update_date], [update_user], [id], [name], [description], [url], [parameter_class], [application_head_uuid], [p_mode]) VALUES (N'15051117594700045', N'Y', CAST(0x0000A1BE00BB9AA2 AS DateTime), N'14043017113900056', CAST(0x0000A1BE00BB9AA2 AS DateTime), N'14043017113900056', N'gwp_query', N'全球暖化潛勢(GWP)值維護', N'全球暖化潛勢(GWP)值維護', N'~/gwp/gwp_query.aspx', N'', N'14043017114000058', N'')
INSERT [dbo].[APPMENU] ([uuid], [is_active], [create_date], [create_user], [update_date], [update_user], [name_zh_tw], [name_zh_cn], [name_en_us], [id], [appmenu_uuid], [haschild], [application_head_uuid], [ord], [parameter_class], [image], [sitemap_uuid], [action_mode], [is_default_page], [is_admin]) VALUES (N'15051117594700043', N'Y', CAST(0x0000A1BE00BB9AA2 AS DateTime), N'14043017113900056', CAST(0x0000A1BE00BB9AA2 AS DateTime), N'14043017113900056', N'系統', N'系統', N'system', N'system', N'15051117594700043', N'Y', N'14043017114000058', CAST(0 AS Numeric(18, 0)), NULL, NULL, NULL, NULL, N'N', N'Y')


INSERT [dbo].[SITEMAP] ([uuid], [is_active], [create_date], [create_user], [update_date], [update_user], [sitemap_uuid], [apppage_uuid], [root_uuid], [haschild], [application_head_uuid]) VALUES (N'15051117594700047', N'Y', CAST(0x0000A1BE00BB9AA2 AS DateTime), N'14043017113900056', NULL, N'14043017113900056', NULL, N'15051117594700045', N'15051117594700047', N'Y', N'14043017114000058')
INSERT [dbo].[SITEMAP] ([uuid], [is_active], [create_date], [create_user], [update_date], [update_user], [sitemap_uuid], [apppage_uuid], [root_uuid], [haschild], [application_head_uuid]) VALUES (N'15051117594700049', N'Y', CAST(0x0000A1BE00BB9AA2 AS DateTime), N'14043017113900056', CAST(0x0000A1BE00BB9AA2 AS DateTime), N'14043017113900056', N'15051117594700047', N'15051117594700045', N'15051117594700047', N'Y', N'14043017114000058')


INSERT [dbo].[SITEMAP] ([uuid], [is_active], [create_date], [create_user], [update_date], [update_user], [sitemap_uuid], [apppage_uuid], [root_uuid], [haschild], [application_head_uuid]) VALUES (N'15051117594700051', N'Y', CAST(0x0000A1BE00BB9AA2 AS DateTime), N'14043017113900056', CAST(0x0000A1BE00BB9AA2 AS DateTime), N'14043017113900056', N'15051117594700047', N'15051117594700023', N'15051117594700047', N'Y', N'14043017114000058')
INSERT [dbo].[SITEMAP] ([uuid], [is_active], [create_date], [create_user], [update_date], [update_user], [sitemap_uuid], [apppage_uuid], [root_uuid], [haschild], [application_head_uuid]) VALUES (N'15051117594700053', N'Y', CAST(0x0000A1BE00BB9AA2 AS DateTime), N'14043017113900056', CAST(0x0000A1BE00BB9AA2 AS DateTime), N'14043017113900056', N'15051117594700047', N'15051117594700025', N'15051117594700047', N'Y', N'14043017114000058')
INSERT [dbo].[SITEMAP] ([uuid], [is_active], [create_date], [create_user], [update_date], [update_user], [sitemap_uuid], [apppage_uuid], [root_uuid], [haschild], [application_head_uuid]) VALUES (N'15051117594700055', N'Y', CAST(0x0000A1BE00BB9AA2 AS DateTime), N'14043017113900056', CAST(0x0000A1BE00BB9AA2 AS DateTime), N'14043017113900056', N'15051117594700047', N'15051117594700027', N'15051117594700047', N'Y', N'14043017114000058')
INSERT [dbo].[SITEMAP] ([uuid], [is_active], [create_date], [create_user], [update_date], [update_user], [sitemap_uuid], [apppage_uuid], [root_uuid], [haschild], [application_head_uuid]) VALUES (N'15051117594700057', N'Y', CAST(0x0000A1BE00BB9AA2 AS DateTime), N'14043017113900056', CAST(0x0000A1BE00BB9AA2 AS DateTime), N'14043017113900056', N'15051117594700047', N'15051117594700029', N'15051117594700047', N'Y', N'14043017114000058')
INSERT [dbo].[SITEMAP] ([uuid], [is_active], [create_date], [create_user], [update_date], [update_user], [sitemap_uuid], [apppage_uuid], [root_uuid], [haschild], [application_head_uuid]) VALUES (N'15051117594700059', N'Y', CAST(0x0000A1BE00BB9AA2 AS DateTime), N'14043017113900056', CAST(0x0000A1BE00BB9AA2 AS DateTime), N'14043017113900056', N'15051117594700047', N'15051117594700031', N'15051117594700047', N'Y', N'14043017114000058')
INSERT [dbo].[SITEMAP] ([uuid], [is_active], [create_date], [create_user], [update_date], [update_user], [sitemap_uuid], [apppage_uuid], [root_uuid], [haschild], [application_head_uuid]) VALUES (N'15051117594700061', N'Y', CAST(0x0000A1BE00BB9AA2 AS DateTime), N'14043017113900056', CAST(0x0000A1BE00BB9AA2 AS DateTime), N'14043017113900056', N'15051117594700047', N'15051117594700033', N'15051117594700047', N'Y', N'14043017114000058')
INSERT [dbo].[SITEMAP] ([uuid], [is_active], [create_date], [create_user], [update_date], [update_user], [sitemap_uuid], [apppage_uuid], [root_uuid], [haschild], [application_head_uuid]) VALUES (N'15051117594700063', N'Y', CAST(0x0000A1BE00BB9AA2 AS DateTime), N'14043017113900056', CAST(0x0000A1BE00BB9AA2 AS DateTime), N'14043017113900056', N'15051117594700047', N'15051117594700035', N'15051117594700047', N'Y', N'14043017114000058')
INSERT [dbo].[SITEMAP] ([uuid], [is_active], [create_date], [create_user], [update_date], [update_user], [sitemap_uuid], [apppage_uuid], [root_uuid], [haschild], [application_head_uuid]) VALUES (N'15051117594700065', N'Y', CAST(0x0000A1BE00BB9AA2 AS DateTime), N'14043017113900056', CAST(0x0000A1BE00BB9AA2 AS DateTime), N'14043017113900056', N'15051117594700047', N'15051117594700037', N'15051117594700047', N'Y', N'14043017114000058')

INSERT [dbo].[APPMENU] ([uuid], [is_active], [create_date], [create_user], [update_date], [update_user], [name_zh_tw], [name_zh_cn], [name_en_us], [id], [appmenu_uuid], [haschild], [application_head_uuid], [ord], [parameter_class], [image], [sitemap_uuid], [action_mode], [is_default_page], [is_admin]) VALUES (N'15051117594700067', N'Y', CAST(0x0000A1BE00BB9AA2 AS DateTime), N'14043017113900056', CAST(0x0000A1BE00BB9AA2 AS DateTime), N'14043017113900056', N'ROOT', N'ROOT', N'ROOT', N'15051117594700067', NULL, N'Y', N'14043017114000058', CAST(1 AS Numeric(18, 0)), NULL, NULL, N'15051117594700047', NULL, N'N', N'N')


INSERT [dbo].[APPMENU] ([uuid], [is_active], [create_date], [create_user], [update_date], [update_user], [name_zh_tw], [name_zh_cn], [name_en_us], [id], [appmenu_uuid], [haschild], [application_head_uuid], [ord], [parameter_class], [image], [sitemap_uuid], [action_mode], [is_default_page], [is_admin]) VALUES (N'15051117594700069', N'Y', CAST(0x0000A1BE00BB9AA2 AS DateTime), N'14043017113900056', CAST(0x0000A1BE00BB9AA2 AS DateTime), N'14043017113900056', N'管理者', N'管理者', N'admin', N'admin', N'15051117594700067', N'Y', N'14043017114000058', CAST(6 AS Numeric(18, 0)), NULL, '~\css\images\setting.png', NULL, NULL, N'N', N'Y')
INSERT [dbo].[APPMENU] ([uuid], [is_active], [create_date], [create_user], [update_date], [update_user], [name_zh_tw], [name_zh_cn], [name_en_us], [id], [appmenu_uuid], [haschild], [application_head_uuid], [ord], [parameter_class], [image], [sitemap_uuid], [action_mode], [is_default_page], [is_admin]) VALUES (N'15051117594700071', N'Y', CAST(0x0000A1BE00BB9AA2 AS DateTime), N'14043017113900056', CAST(0x0000A1BE00BB9AA2 AS DateTime), N'14043017113900056', N'基本資料維護', N'基本資料維護', N'basic', N'basic', N'15051117594700069', N'Y', N'14043017114000058', CAST(0 AS Numeric(18, 0)), NULL, '~\css\images\basic.png', NULL, NULL, N'N', N'Y')
INSERT [dbo].[APPMENU] ([uuid], [is_active], [create_date], [create_user], [update_date], [update_user], [name_zh_tw], [name_zh_cn], [name_en_us], [id], [appmenu_uuid], [haschild], [application_head_uuid], [ord], [parameter_class], [image], [sitemap_uuid], [action_mode], [is_default_page], [is_admin]) VALUES (N'15051117594700073', N'Y', CAST(0x0000A1BE00BB9AA2 AS DateTime), N'14043017113900056', CAST(0x0000A1BE00BB9AA2 AS DateTime), N'14043017113900056', N'系統設定', N'系統設定', N'systemSetting', N'systemSetting', N'15051117594700069', N'Y', N'14043017114000058', CAST(1 AS Numeric(18, 0)), NULL, '~\css\images\setting.png', NULL, NULL, N'N', N'Y')
INSERT [dbo].[APPMENU] ([uuid], [is_active], [create_date], [create_user], [update_date], [update_user], [name_zh_tw], [name_zh_cn], [name_en_us], [id], [appmenu_uuid], [haschild], [application_head_uuid], [ord], [parameter_class], [image], [sitemap_uuid], [action_mode], [is_default_page], [is_admin]) VALUES (N'15051117594700075', N'Y', CAST(0x0000A1BE00BB9AA2 AS DateTime), N'14043017113900056', CAST(0x0000A1BE00BB9AA2 AS DateTime), N'14043017113900056', N'權限', N'權限', N'authority', N'authority', N'15051117594700069', N'N', N'14043017114000058', CAST(2 AS Numeric(18, 0)), NULL, '~\css\images\permission.png', N'15051117594700065', NULL, N'N', N'Y')
INSERT [dbo].[APPMENU] ([uuid], [is_active], [create_date], [create_user], [update_date], [update_user], [name_zh_tw], [name_zh_cn], [name_en_us], [id], [appmenu_uuid], [haschild], [application_head_uuid], [ord], [parameter_class], [image], [sitemap_uuid], [action_mode], [is_default_page], [is_admin]) VALUES (N'15051117594700077', N'Y', CAST(0x0000A1BE00BB9AA2 AS DateTime), N'14043017113900056', CAST(0x0000A1BE00BB9AA2 AS DateTime), N'14043017113900056', N'公司維護', N'公司維護', N'company', N'company', N'15051117594700071', N'N', N'14043017114000058', CAST(0 AS Numeric(18, 0)), NULL, '~\css\images\company.png', N'15051117594700051', NULL, N'N', N'Y')






INSERT [dbo].[APPMENU] ([uuid], [is_active], [create_date], [create_user], [update_date], [update_user], [name_zh_tw], [name_zh_cn], [name_en_us], [id], [appmenu_uuid], [haschild], [application_head_uuid], [ord], [parameter_class], [image], [sitemap_uuid], [action_mode], [is_default_page], [is_admin]) VALUES (N'15051117594700079', N'Y', CAST(0x0000A1BE00BB9AA2 AS DateTime), N'14043017113900056', CAST(0x0000A1BE00BB9AA2 AS DateTime), N'14043017113900056', N'部門維護', N'部門維護', N'department', N'department', N'15051117594700071', N'N', N'14043017114000058', CAST(1 AS Numeric(18, 0)), NULL, NULL, N'15051117594700053', NULL, N'N', N'Y')
INSERT [dbo].[APPMENU] ([uuid], [is_active], [create_date], [create_user], [update_date], [update_user], [name_zh_tw], [name_zh_cn], [name_en_us], [id], [appmenu_uuid], [haschild], [application_head_uuid], [ord], [parameter_class], [image], [sitemap_uuid], [action_mode], [is_default_page], [is_admin]) VALUES (N'15051117594700081', N'Y', CAST(0x0000A1BE00BB9AA2 AS DateTime), N'14043017113900056', CAST(0x0000A1BE00BB9AA2 AS DateTime), N'14043017113900056', N'人員維護', N'人員維護', N'attendant', N'attendant', N'15051117594700071', N'N', N'14043017114000058', CAST(2 AS Numeric(18, 0)), NULL, '~\css\images\man.png', N'15051117594700055', NULL, N'N', N'Y')

INSERT [dbo].[APPMENU] ([uuid], [is_active], [create_date], [create_user], [update_date], [update_user], [name_zh_tw], [name_zh_cn], [name_en_us], [id], [appmenu_uuid], [haschild], [application_head_uuid], [ord], [parameter_class], [image], [sitemap_uuid], [action_mode], [is_default_page], [is_admin]) VALUES (N'15051117594700083', N'Y', CAST(0x0000A1BE00BB9AA2 AS DateTime), N'14043017113900056', CAST(0x0000A1BE00BB9AA2 AS DateTime), N'14043017113900056', N'功能', N'功能', N'function', N'function', N'15051117594700073', N'N', N'14043017114000058', CAST(1 AS Numeric(18, 0)), NULL, '~\css\images\function_tag.png', N'15051117594700059', NULL, N'N', N'Y')
INSERT [dbo].[APPMENU] ([uuid], [is_active], [create_date], [create_user], [update_date], [update_user], [name_zh_tw], [name_zh_cn], [name_en_us], [id], [appmenu_uuid], [haschild], [application_head_uuid], [ord], [parameter_class], [image], [sitemap_uuid], [action_mode], [is_default_page], [is_admin]) VALUES (N'15051117594700085', N'Y', CAST(0x0000A1BE00BB9AA2 AS DateTime), N'14043017113900056', CAST(0x0000A1BE00BB9AA2 AS DateTime), N'14043017113900056', N'Site Map', N'Site Map', N'Site Map', N'site_map', N'15051117594700073', N'N', N'14043017114000058', CAST(2 AS Numeric(18, 0)), NULL, '~\css\images\map.png', N'15051117594700061', NULL, N'N', N'Y')
INSERT [dbo].[APPMENU] ([uuid], [is_active], [create_date], [create_user], [update_date], [update_user], [name_zh_tw], [name_zh_cn], [name_en_us], [id], [appmenu_uuid], [haschild], [application_head_uuid], [ord], [parameter_class], [image], [sitemap_uuid], [action_mode], [is_default_page], [is_admin]) VALUES (N'15051117594700087', N'Y', CAST(0x0000A1BE00BB9AA2 AS DateTime), N'14043017113900056', CAST(0x0000A1BE00BB9AA2 AS DateTime), N'14043017113900056', N'選單', N'選單', N'menu', N'menu', N'15051117594700073', N'N', N'14043017114000058', CAST(3 AS Numeric(18, 0)), NULL, '~\css\images\menu.png', N'15051117594700063', NULL, N'N', N'Y')
INSERT [dbo].[APPMENU] ([uuid], [is_active], [create_date], [create_user], [update_date], [update_user], [name_zh_tw], [name_zh_cn], [name_en_us], [id], [appmenu_uuid], [haschild], [application_head_uuid], [ord], [parameter_class], [image], [sitemap_uuid], [action_mode], [is_default_page], [is_admin]) VALUES (N'15051117594700089', N'Y', CAST(0x0000A1BE00BB9AA2 AS DateTime), N'14043017113900056', CAST(0x0000A1BE00BB9AA2 AS DateTime), N'14043017113900056', N'系統', N'系統', N'System', N'系統', N'15051117594700073', N'Y', N'14043017114000058', CAST(0 AS Numeric(18, 0)), NULL, '~\css\images\application.png', N'15051117594700057', NULL, N'N', N'N')
INSERT [dbo].[APPMENU] ([uuid], [is_active], [create_date], [create_user], [update_date], [update_user], [name_zh_tw], [name_zh_cn], [name_en_us], [id], [appmenu_uuid], [haschild], [application_head_uuid], [ord], [parameter_class], [image], [sitemap_uuid], [action_mode], [is_default_page], [is_admin]) VALUES (N'15051117594700091', N'N', CAST(0x0000A1BE00BB9AA2 AS DateTime), N'14043017113900056', CAST(0x0000A1BE00BB9AA2 AS DateTime), N'14043017113900056', N'權限維護', N'權限維護', N'權限維護', N'Authority2', N'15051117594700073', N'Y', N'14043017114000058', CAST(4 AS Numeric(18, 0)), NULL, '~\css\images\key.png', N'15051117594700065', NULL, N'N', N'N')



INSERT [dbo].[GROUP_APPMENU] ([uuid], [is_active], [create_date], [create_user], [update_date], [update_user], [appmenu_uuid], [group_head_uuid], [is_default_page]) VALUES (N'15051117594700093', N'Y', CAST(0x0000A1BE00BB9AA2 AS DateTime), N'14043017113900056', CAST(0x0000A1BE00BB9AA2 AS DateTime), NULL, N'15051117594700067', N'15051117594700039', N'N')
INSERT [dbo].[GROUP_APPMENU] ([uuid], [is_active], [create_date], [create_user], [update_date], [update_user], [appmenu_uuid], [group_head_uuid], [is_default_page]) VALUES (N'15051117594700095', N'Y', CAST(0x0000A1BE00BB9AA2 AS DateTime), N'14043017113900056', CAST(0x0000A1BE00BB9AA2 AS DateTime), N'14043017113900056', N'15051117594700073', N'15051117594700039', N'N')
INSERT [dbo].[GROUP_APPMENU] ([uuid], [is_active], [create_date], [create_user], [update_date], [update_user], [appmenu_uuid], [group_head_uuid], [is_default_page]) VALUES (N'15051117594700097', N'Y', CAST(0x0000A1BE00BB9AA2 AS DateTime), N'14043017113900056', CAST(0x0000A1BE00BB9AA2 AS DateTime), N'14043017113900056', N'15051117594700069', N'15051117594700039', N'N')
INSERT [dbo].[GROUP_APPMENU] ([uuid], [is_active], [create_date], [create_user], [update_date], [update_user], [appmenu_uuid], [group_head_uuid], [is_default_page]) VALUES (N'15051117594700099', N'Y', CAST(0x0000A1BE00BB9AA2 AS DateTime), N'14043017113900056', CAST(0x0000A1BE00BB9AA2 AS DateTime), N'14043017113900056', N'15051117594700071', N'15051117594700039', N'N')
INSERT [dbo].[GROUP_APPMENU] ([uuid], [is_active], [create_date], [create_user], [update_date], [update_user], [appmenu_uuid], [group_head_uuid], [is_default_page]) VALUES (N'15051117594700101', N'Y', CAST(0x0000A1BE00BB9AA2 AS DateTime), N'14043017113900056', CAST(0x0000A1BE00BB9AA2 AS DateTime), N'14043017113900056', N'15051117594700075', N'15051117594700039', N'N')
INSERT [dbo].[GROUP_APPMENU] ([uuid], [is_active], [create_date], [create_user], [update_date], [update_user], [appmenu_uuid], [group_head_uuid], [is_default_page]) VALUES (N'15051117594700103', N'Y', CAST(0x0000A1BE00BB9AA2 AS DateTime), N'14043017113900056', CAST(0x0000A1BE00BB9AA2 AS DateTime), N'14043017113900056', N'15051117594700087', N'15051117594700039', N'N')
INSERT [dbo].[GROUP_APPMENU] ([uuid], [is_active], [create_date], [create_user], [update_date], [update_user], [appmenu_uuid], [group_head_uuid], [is_default_page]) VALUES (N'15051117594700105', N'Y', CAST(0x0000A1BE00BB9AA2 AS DateTime), N'14043017113900056', CAST(0x0000A1BE00BB9AA2 AS DateTime), N'14043017113900056', N'15051117594700043', N'15051117594700039', N'N')
INSERT [dbo].[GROUP_APPMENU] ([uuid], [is_active], [create_date], [create_user], [update_date], [update_user], [appmenu_uuid], [group_head_uuid], [is_default_page]) VALUES (N'15051117594700107', N'Y', CAST(0x0000A1BE00BB9AA2 AS DateTime), N'14043017113900056', CAST(0x0000A1BE00BB9AA2 AS DateTime), N'14043017113900056', N'15051117594700083', N'15051117594700039', N'N')
INSERT [dbo].[GROUP_APPMENU] ([uuid], [is_active], [create_date], [create_user], [update_date], [update_user], [appmenu_uuid], [group_head_uuid], [is_default_page]) VALUES (N'15051117594700109', N'Y', CAST(0x0000A1BE00BB9AA2 AS DateTime), N'14043017113900056', CAST(0x0000A1BE00BB9AA2 AS DateTime), N'14043017113900056', N'15051117594700085', N'15051117594700039', N'N')
INSERT [dbo].[GROUP_APPMENU] ([uuid], [is_active], [create_date], [create_user], [update_date], [update_user], [appmenu_uuid], [group_head_uuid], [is_default_page]) VALUES (N'15051117594700111', N'Y', CAST(0x0000A1BE00BB9AA2 AS DateTime), N'14043017113900056', CAST(0x0000A1BE00BB9AA2 AS DateTime), N'14043017113900056', N'15051117594700081', N'15051117594700039', N'N')
INSERT [dbo].[GROUP_APPMENU] ([uuid], [is_active], [create_date], [create_user], [update_date], [update_user], [appmenu_uuid], [group_head_uuid], [is_default_page]) VALUES (N'15051117594700113', N'Y', CAST(0x0000A1BE00BB9AA2 AS DateTime), N'14043017113900056', CAST(0x0000A1BE00BB9AA2 AS DateTime), N'14043017113900056', N'15051117594700077', N'15051117594700039', N'N')
INSERT [dbo].[GROUP_APPMENU] ([uuid], [is_active], [create_date], [create_user], [update_date], [update_user], [appmenu_uuid], [group_head_uuid], [is_default_page]) VALUES (N'15051117594700115', N'Y', CAST(0x0000A1BE00BB9AA2 AS DateTime), N'14043017113900056', CAST(0x0000A1BE00BB9AA2 AS DateTime), NULL, N'15051117594700089', N'15051117594700039', N'N')
INSERT [dbo].[GROUP_APPMENU] ([uuid], [is_active], [create_date], [create_user], [update_date], [update_user], [appmenu_uuid], [group_head_uuid], [is_default_page]) VALUES (N'15051117594700117', N'Y', CAST(0x0000A1BE00BB9AA2 AS DateTime), N'14043017113900056', CAST(0x0000A1BE00BB9AA2 AS DateTime), NULL, N'15051117594700091', N'15051117594700039', N'N')

INSERT [dbo].[Proxy] ([UUID], [Proxy_Action], [Proxy_Method], [description], [Proxy_Type], [need_redirect], [redirect_Proxy_Action], [redirect_Proxy_Method], [application_head_uuid], [redirect_src]) VALUES (N'15051117594700123', N'AdminCompanyAction', N'loadCompany', N'AdminCompanyAction.loadCompany', N'Store', N'N', NULL, NULL, N'14043017114000058', NULL)
INSERT [dbo].[Proxy] ([UUID], [Proxy_Action], [Proxy_Method], [description], [Proxy_Type], [need_redirect], [redirect_Proxy_Action], [redirect_Proxy_Method], [application_head_uuid], [redirect_src]) VALUES (N'15051117594700125', N'AdminCompanyAction', N'info', N'AdminCompanyAction.info', N'Load', N'N', NULL, NULL, N'14043017114000058', NULL)
INSERT [dbo].[Proxy] ([UUID], [Proxy_Action], [Proxy_Method], [description], [Proxy_Type], [need_redirect], [redirect_Proxy_Action], [redirect_Proxy_Method], [application_head_uuid], [redirect_src]) VALUES (N'15051117594700127', N'AdminCompanyAction', N'submit', N'AdminCompanyAction.submit', N'Form', N'N', NULL, NULL, N'14043017114000058', NULL)
INSERT [dbo].[Proxy] ([UUID], [Proxy_Action], [Proxy_Method], [description], [Proxy_Type], [need_redirect], [redirect_Proxy_Action], [redirect_Proxy_Method], [application_head_uuid], [redirect_src]) VALUES (N'15051117594700129', N'ApplicationAction', N'loadApplication', N'ApplicationAction.loadApplication', N'Store', N'N', NULL, NULL, N'14043017114000058', NULL)
INSERT [dbo].[Proxy] ([UUID], [Proxy_Action], [Proxy_Method], [description], [Proxy_Type], [need_redirect], [redirect_Proxy_Action], [redirect_Proxy_Method], [application_head_uuid], [redirect_src]) VALUES (N'15051117594700131', N'ApplicationAction', N'getApplication', N'ApplicationAction.getApplication', N'Store', N'N', NULL, NULL, N'14043017114000058', NULL)
INSERT [dbo].[Proxy] ([UUID], [Proxy_Action], [Proxy_Method], [description], [Proxy_Type], [need_redirect], [redirect_Proxy_Action], [redirect_Proxy_Method], [application_head_uuid], [redirect_src]) VALUES (N'15051117594700133', N'ApplicationAction', N'submit', N'ApplicationAction.submit', N'Form', N'N', NULL, NULL, N'14043017114000058', NULL)
INSERT [dbo].[Proxy] ([UUID], [Proxy_Action], [Proxy_Method], [description], [Proxy_Type], [need_redirect], [redirect_Proxy_Action], [redirect_Proxy_Method], [application_head_uuid], [redirect_src]) VALUES (N'15051117594700135', N'ApplicationAction', N'info', N'ApplicationAction.info', N'Store', N'N', NULL, NULL, N'14043017114000058', NULL)
INSERT [dbo].[Proxy] ([UUID], [Proxy_Action], [Proxy_Method], [description], [Proxy_Type], [need_redirect], [redirect_Proxy_Action], [redirect_Proxy_Method], [application_head_uuid], [redirect_src]) VALUES (N'15051117594700137', N'AppPageAction', N'loadAppPage', N'AppPageAction.loadAppPage', N'Store', N'N', NULL, NULL, N'14043017114000058', NULL)
INSERT [dbo].[Proxy] ([UUID], [Proxy_Action], [Proxy_Method], [description], [Proxy_Type], [need_redirect], [redirect_Proxy_Action], [redirect_Proxy_Method], [application_head_uuid], [redirect_src]) VALUES (N'15051117594700139', N'AppPageAction', N'submit', N'AppPageAction.submit', N'Form', N'N', NULL, NULL, N'14043017114000058', NULL)
INSERT [dbo].[Proxy] ([UUID], [Proxy_Action], [Proxy_Method], [description], [Proxy_Type], [need_redirect], [redirect_Proxy_Action], [redirect_Proxy_Method], [application_head_uuid], [redirect_src]) VALUES (N'15051117594700141', N'AppPageAction', N'info', N'AppPageAction.info', N'Store', N'N', NULL, NULL, N'14043017114000058', NULL)
INSERT [dbo].[Proxy] ([UUID], [Proxy_Action], [Proxy_Method], [description], [Proxy_Type], [need_redirect], [redirect_Proxy_Action], [redirect_Proxy_Method], [application_head_uuid], [redirect_src]) VALUES (N'15051117594700143', N'AppPageAction', N'destroyByUuid', N'AppPageAction.destroyByUuid', N'Store', N'N', NULL, NULL, N'14043017114000058', NULL)
INSERT [dbo].[Proxy] ([UUID], [Proxy_Action], [Proxy_Method], [description], [Proxy_Type], [need_redirect], [redirect_Proxy_Action], [redirect_Proxy_Method], [application_head_uuid], [redirect_src]) VALUES (N'15051117594700145', N'AttendantAction', N'getUserName', N'AttendantAction.getUserName', N'Load', N'N', NULL, NULL, N'14043017114000058', NULL)
INSERT [dbo].[Proxy] ([UUID], [Proxy_Action], [Proxy_Method], [description], [Proxy_Type], [need_redirect], [redirect_Proxy_Action], [redirect_Proxy_Method], [application_head_uuid], [redirect_src]) VALUES (N'15051117594700147', N'AttendantAction', N'load', N'AttendantAction.load', N'Load', N'N', NULL, NULL, N'14043017114000058', NULL)
INSERT [dbo].[Proxy] ([UUID], [Proxy_Action], [Proxy_Method], [description], [Proxy_Type], [need_redirect], [redirect_Proxy_Action], [redirect_Proxy_Method], [application_head_uuid], [redirect_src]) VALUES (N'15051117594700149', N'AttendantAction', N'info', N'AttendantAction.info', N'Load', N'N', NULL, NULL, N'14043017114000058', NULL)
INSERT [dbo].[Proxy] ([UUID], [Proxy_Action], [Proxy_Method], [description], [Proxy_Type], [need_redirect], [redirect_Proxy_Action], [redirect_Proxy_Method], [application_head_uuid], [redirect_src]) VALUES (N'15051117594700151', N'AttendantAction', N'submit', N'AttendantAction.submit', N'Form', N'N', NULL, NULL, N'14043017114000058', NULL)
INSERT [dbo].[Proxy] ([UUID], [Proxy_Action], [Proxy_Method], [description], [Proxy_Type], [need_redirect], [redirect_Proxy_Action], [redirect_Proxy_Method], [application_head_uuid], [redirect_src]) VALUES (N'15051117594700153', N'AuthorityAction', N'loadAppmenuTree', N'AuthorityAction.loadAppmenuTree', N'TreeStore', N'N', NULL, NULL, N'14043017114000058', NULL)
INSERT [dbo].[Proxy] ([UUID], [Proxy_Action], [Proxy_Method], [description], [Proxy_Type], [need_redirect], [redirect_Proxy_Action], [redirect_Proxy_Method], [application_head_uuid], [redirect_src]) VALUES (N'15051117594700155', N'AuthorityAction', N'loadTreeRoot', N'AuthorityAction.loadTreeRoot', N'Store', N'N', NULL, NULL, N'14043017114000058', NULL)
INSERT [dbo].[Proxy] ([UUID], [Proxy_Action], [Proxy_Method], [description], [Proxy_Type], [need_redirect], [redirect_Proxy_Action], [redirect_Proxy_Method], [application_head_uuid], [redirect_src]) VALUES (N'15051117594700157', N'AuthorityAction', N'setGroupAppmenuIsDefaultPage', N'AuthorityAction.setGroupAppmenuIsDefaultPage', N'Store', N'N', NULL, NULL, N'14043017114000058', NULL)
INSERT [dbo].[Proxy] ([UUID], [Proxy_Action], [Proxy_Method], [description], [Proxy_Type], [need_redirect], [redirect_Proxy_Action], [redirect_Proxy_Method], [application_head_uuid], [redirect_src]) VALUES (N'15051117594700159', N'AuthorityAction', N'setGroupAppmenu', N'AuthorityAction.setGroupAppmenu', N'Store', N'N', NULL, NULL, N'14043017114000058', NULL)
INSERT [dbo].[Proxy] ([UUID], [Proxy_Action], [Proxy_Method], [description], [Proxy_Type], [need_redirect], [redirect_Proxy_Action], [redirect_Proxy_Method], [application_head_uuid], [redirect_src]) VALUES (N'15051117594700161', N'CompanyAction', N'getCompany', N'CompanyAction.getCompany', N'Store', N'N', NULL, NULL, N'14043017114000058', NULL)
INSERT [dbo].[Proxy] ([UUID], [Proxy_Action], [Proxy_Method], [description], [Proxy_Type], [need_redirect], [redirect_Proxy_Action], [redirect_Proxy_Method], [application_head_uuid], [redirect_src]) VALUES (N'15051117594700163', N'DeptAction', N'loadTree', N'DeptAction.loadTree', N'TreeStore', N'N', NULL, NULL, N'14043017114000058', NULL)
INSERT [dbo].[Proxy] ([UUID], [Proxy_Action], [Proxy_Method], [description], [Proxy_Type], [need_redirect], [redirect_Proxy_Action], [redirect_Proxy_Method], [application_head_uuid], [redirect_src]) VALUES (N'15051117594700165', N'DeptAction', N'loadTreeRoot', N'DeptAction.loadTreeRoot', N'Store', N'N', NULL, NULL, N'14043017114000058', NULL)
INSERT [dbo].[Proxy] ([UUID], [Proxy_Action], [Proxy_Method], [description], [Proxy_Type], [need_redirect], [redirect_Proxy_Action], [redirect_Proxy_Method], [application_head_uuid], [redirect_src]) VALUES (N'15051117594700167', N'DeptAction', N'info', N'DeptAction.info', N'Load', N'N', NULL, NULL, N'14043017114000058', NULL)
INSERT [dbo].[Proxy] ([UUID], [Proxy_Action], [Proxy_Method], [description], [Proxy_Type], [need_redirect], [redirect_Proxy_Action], [redirect_Proxy_Method], [application_head_uuid], [redirect_src]) VALUES (N'15051117594700169', N'DeptAction', N'submit', N'DeptAction.submit', N'Form', N'N', NULL, NULL, N'14043017114000058', NULL)
INSERT [dbo].[Proxy] ([UUID], [Proxy_Action], [Proxy_Method], [description], [Proxy_Type], [need_redirect], [redirect_Proxy_Action], [redirect_Proxy_Method], [application_head_uuid], [redirect_src]) VALUES (N'15051117594700171', N'DeptAction', N'destroy', N'DeptAction.destroy', N'Form', N'N', NULL, NULL, N'14043017114000058', NULL)
INSERT [dbo].[Proxy] ([UUID], [Proxy_Action], [Proxy_Method], [description], [Proxy_Type], [need_redirect], [redirect_Proxy_Action], [redirect_Proxy_Method], [application_head_uuid], [redirect_src]) VALUES (N'15051117594700173', N'EncryptAction', N'Encode', N'EncryptAction.Encode', N'Load', N'N', NULL, NULL, N'14043017114000058', NULL)
INSERT [dbo].[Proxy] ([UUID], [Proxy_Action], [Proxy_Method], [description], [Proxy_Type], [need_redirect], [redirect_Proxy_Action], [redirect_Proxy_Method], [application_head_uuid], [redirect_src]) VALUES (N'15051117594700175', N'ErrorLogAction', N'load', N'ErrorLogAction.load', N'Load', N'N', NULL, NULL, N'14043017114000058', NULL)
INSERT [dbo].[Proxy] ([UUID], [Proxy_Action], [Proxy_Method], [description], [Proxy_Type], [need_redirect], [redirect_Proxy_Action], [redirect_Proxy_Method], [application_head_uuid], [redirect_src]) VALUES (N'15051117594700177', N'ErrorLogAction', N'UpdateAllRead', N'ErrorLogAction.UpdateAllRead', N'Store', N'N', NULL, NULL, N'14043017114000058', NULL)
INSERT [dbo].[Proxy] ([UUID], [Proxy_Action], [Proxy_Method], [description], [Proxy_Type], [need_redirect], [redirect_Proxy_Action], [redirect_Proxy_Method], [application_head_uuid], [redirect_src]) VALUES (N'15051117594700179', N'ErrorLogAction', N'UpdateRead', N'ErrorLogAction.UpdateRead', N'Load', N'N', NULL, NULL, N'14043017114000058', NULL)
INSERT [dbo].[Proxy] ([UUID], [Proxy_Action], [Proxy_Method], [description], [Proxy_Type], [need_redirect], [redirect_Proxy_Action], [redirect_Proxy_Method], [application_head_uuid], [redirect_src]) VALUES (N'15051117594700181', N'GroupAttendantAction', N'loadAttendantStoreInGroup', N'GroupAttendantAction.loadAttendantStoreInGroup', N'Store', N'N', NULL, NULL, N'14043017114000058', NULL)
INSERT [dbo].[Proxy] ([UUID], [Proxy_Action], [Proxy_Method], [description], [Proxy_Type], [need_redirect], [redirect_Proxy_Action], [redirect_Proxy_Method], [application_head_uuid], [redirect_src]) VALUES (N'15051117594700183', N'GroupAttendantAction', N'loadAttendantStoreNotInGroup', N'GroupAttendantAction.loadAttendantStoreNotInGroup', N'Store', N'N', NULL, NULL, N'14043017114000058', NULL)
INSERT [dbo].[Proxy] ([UUID], [Proxy_Action], [Proxy_Method], [description], [Proxy_Type], [need_redirect], [redirect_Proxy_Action], [redirect_Proxy_Method], [application_head_uuid], [redirect_src]) VALUES (N'15051117594700185', N'GroupAttendantAction', N'addAttendnatGroupHead', N'GroupAttendantAction.addAttendnatGroupHead', N'Store', N'N', NULL, NULL, N'14043017114000058', NULL)
INSERT [dbo].[Proxy] ([UUID], [Proxy_Action], [Proxy_Method], [description], [Proxy_Type], [need_redirect], [redirect_Proxy_Action], [redirect_Proxy_Method], [application_head_uuid], [redirect_src]) VALUES (N'15051117594700187', N'GroupAttendantAction', N'destroyBy', N'GroupAttendantAction.destroyBy', N'Store', N'N', NULL, NULL, N'14043017114000058', NULL)
INSERT [dbo].[Proxy] ([UUID], [Proxy_Action], [Proxy_Method], [description], [Proxy_Type], [need_redirect], [redirect_Proxy_Action], [redirect_Proxy_Method], [application_head_uuid], [redirect_src]) VALUES (N'15051117594700189', N'GroupHeadAction', N'load', N'GroupHeadAction.load', N'Store', N'N', NULL, NULL, N'14043017114000058', NULL)
INSERT [dbo].[Proxy] ([UUID], [Proxy_Action], [Proxy_Method], [description], [Proxy_Type], [need_redirect], [redirect_Proxy_Action], [redirect_Proxy_Method], [application_head_uuid], [redirect_src]) VALUES (N'15051117594700191', N'GroupHeadAction', N'info', N'GroupHeadAction.info', N'Load', N'N', NULL, NULL, N'14043017114000058', NULL)
INSERT [dbo].[Proxy] ([UUID], [Proxy_Action], [Proxy_Method], [description], [Proxy_Type], [need_redirect], [redirect_Proxy_Action], [redirect_Proxy_Method], [application_head_uuid], [redirect_src]) VALUES (N'15051117594700193', N'GroupHeadAction', N'submit', N'GroupHeadAction.submit', N'Form', N'N', NULL, NULL, N'14043017114000058', NULL)
INSERT [dbo].[Proxy] ([UUID], [Proxy_Action], [Proxy_Method], [description], [Proxy_Type], [need_redirect], [redirect_Proxy_Action], [redirect_Proxy_Method], [application_head_uuid], [redirect_src]) VALUES (N'15051117594700195', N'GroupHeadAction', N'deleteGroupHead', N'GroupHeadAction.deleteGroupHead', N'Store', N'N', NULL, NULL, N'14043017114000058', NULL)
INSERT [dbo].[Proxy] ([UUID], [Proxy_Action], [Proxy_Method], [description], [Proxy_Type], [need_redirect], [redirect_Proxy_Action], [redirect_Proxy_Method], [application_head_uuid], [redirect_src]) VALUES (N'15051117594700197', N'InitAction', N'loadBasic', N'InitAction.loadBasic', N'Load', N'N', NULL, NULL, N'14043017114000058', NULL)
INSERT [dbo].[Proxy] ([UUID], [Proxy_Action], [Proxy_Method], [description], [Proxy_Type], [need_redirect], [redirect_Proxy_Action], [redirect_Proxy_Method], [application_head_uuid], [redirect_src]) VALUES (N'15051117594700199', N'InitAction', N'loadException', N'InitAction.loadException', N'Load', N'N', NULL, NULL, N'14043017114000058', NULL)
INSERT [dbo].[Proxy] ([UUID], [Proxy_Action], [Proxy_Method], [description], [Proxy_Type], [need_redirect], [redirect_Proxy_Action], [redirect_Proxy_Method], [application_head_uuid], [redirect_src]) VALUES (N'15051117594700201', N'InitAction', N'loadAction', N'InitAction.loadAction', N'Load', N'N', NULL, NULL, N'14043017114000058', NULL)
INSERT [dbo].[Proxy] ([UUID], [Proxy_Action], [Proxy_Method], [description], [Proxy_Type], [need_redirect], [redirect_Proxy_Action], [redirect_Proxy_Method], [application_head_uuid], [redirect_src]) VALUES (N'15051117594700203', N'InitAction', N'loadParameter', N'InitAction.loadParameter', N'Load', N'N', NULL, NULL, N'14043017114000058', NULL)
INSERT [dbo].[Proxy] ([UUID], [Proxy_Action], [Proxy_Method], [description], [Proxy_Type], [need_redirect], [redirect_Proxy_Action], [redirect_Proxy_Method], [application_head_uuid], [redirect_src]) VALUES (N'15051117594700205', N'InitAction', N'submitParameter', N'InitAction.submitParameter', N'Load', N'N', NULL, NULL, N'14043017114000058', NULL)
INSERT [dbo].[Proxy] ([UUID], [Proxy_Action], [Proxy_Method], [description], [Proxy_Type], [need_redirect], [redirect_Proxy_Action], [redirect_Proxy_Method], [application_head_uuid], [redirect_src]) VALUES (N'15051117594700207', N'InitAction', N'testConnection', N'InitAction.testConnection', N'Load', N'N', NULL, NULL, N'14043017114000058', NULL)
INSERT [dbo].[Proxy] ([UUID], [Proxy_Action], [Proxy_Method], [description], [Proxy_Type], [need_redirect], [redirect_Proxy_Action], [redirect_Proxy_Method], [application_head_uuid], [redirect_src]) VALUES (N'15051117594700209', N'InitAction', N'submitBasic', N'InitAction.submitBasic', N'Store', N'N', NULL, NULL, N'14043017114000058', NULL)
INSERT [dbo].[Proxy] ([UUID], [Proxy_Action], [Proxy_Method], [description], [Proxy_Type], [need_redirect], [redirect_Proxy_Action], [redirect_Proxy_Method], [application_head_uuid], [redirect_src]) VALUES (N'15051117594700211', N'InitAction', N'submitException', N'InitAction.submitException', N'Store', N'N', NULL, NULL, N'14043017114000058', NULL)
INSERT [dbo].[Proxy] ([UUID], [Proxy_Action], [Proxy_Method], [description], [Proxy_Type], [need_redirect], [redirect_Proxy_Action], [redirect_Proxy_Method], [application_head_uuid], [redirect_src]) VALUES (N'15051117594700213', N'InitAction', N'submitActionLog', N'InitAction.submitActionLog', N'Store', N'N', NULL, NULL, N'14043017114000058', NULL)
INSERT [dbo].[Proxy] ([UUID], [Proxy_Action], [Proxy_Method], [description], [Proxy_Type], [need_redirect], [redirect_Proxy_Action], [redirect_Proxy_Method], [application_head_uuid], [redirect_src]) VALUES (N'15051117594700215', N'InitAction', N'initBasic', N'InitAction.initBasic', N'Store', N'N', NULL, NULL, N'14043017114000058', NULL)
INSERT [dbo].[Proxy] ([UUID], [Proxy_Action], [Proxy_Method], [description], [Proxy_Type], [need_redirect], [redirect_Proxy_Action], [redirect_Proxy_Method], [application_head_uuid], [redirect_src]) VALUES (N'15051117594700217', N'InitAction', N'initException', N'InitAction.initException', N'Store', N'N', NULL, NULL, N'14043017114000058', NULL)
INSERT [dbo].[Proxy] ([UUID], [Proxy_Action], [Proxy_Method], [description], [Proxy_Type], [need_redirect], [redirect_Proxy_Action], [redirect_Proxy_Method], [application_head_uuid], [redirect_src]) VALUES (N'15051117594700219', N'InitAction', N'initAction', N'InitAction.initAction', N'Store', N'N', NULL, NULL, N'14043017114000058', NULL)
INSERT [dbo].[Proxy] ([UUID], [Proxy_Action], [Proxy_Method], [description], [Proxy_Type], [need_redirect], [redirect_Proxy_Action], [redirect_Proxy_Method], [application_head_uuid], [redirect_src]) VALUES (N'15051117594700221', N'InitAction', N'importData', N'InitAction.importData', N'Store', N'N', NULL, NULL, N'14043017114000058', NULL)
INSERT [dbo].[Proxy] ([UUID], [Proxy_Action], [Proxy_Method], [description], [Proxy_Type], [need_redirect], [redirect_Proxy_Action], [redirect_Proxy_Method], [application_head_uuid], [redirect_src]) VALUES (N'15051117594700223', N'MenuAction', N'loadMenuTree', N'MenuAction.loadMenuTree', N'TreeStore', N'N', NULL, NULL, N'14043017114000058', NULL)
INSERT [dbo].[Proxy] ([UUID], [Proxy_Action], [Proxy_Method], [description], [Proxy_Type], [need_redirect], [redirect_Proxy_Action], [redirect_Proxy_Method], [application_head_uuid], [redirect_src]) VALUES (N'15051117594700225', N'MenuAction', N'loadTreeRoot', N'MenuAction.loadTreeRoot', N'Store', N'N', NULL, NULL, N'14043017114000058', NULL)
INSERT [dbo].[Proxy] ([UUID], [Proxy_Action], [Proxy_Method], [description], [Proxy_Type], [need_redirect], [redirect_Proxy_Action], [redirect_Proxy_Method], [application_head_uuid], [redirect_src]) VALUES (N'15051117594700227', N'MenuAction', N'submit', N'MenuAction.submit', N'Form', N'N', NULL, NULL, N'14043017114000058', NULL)
INSERT [dbo].[Proxy] ([UUID], [Proxy_Action], [Proxy_Method], [description], [Proxy_Type], [need_redirect], [redirect_Proxy_Action], [redirect_Proxy_Method], [application_head_uuid], [redirect_src]) VALUES (N'15051117594700229', N'MenuAction', N'info', N'MenuAction.info', N'Store', N'N', NULL, NULL, N'14043017114000058', NULL)
INSERT [dbo].[Proxy] ([UUID], [Proxy_Action], [Proxy_Method], [description], [Proxy_Type], [need_redirect], [redirect_Proxy_Action], [redirect_Proxy_Method], [application_head_uuid], [redirect_src]) VALUES (N'15051117594700231', N'MenuAction', N'destroyByUuid', N'MenuAction.destroyByUuid', N'Store', N'N', NULL, NULL, N'14043017114000058', NULL)
INSERT [dbo].[Proxy] ([UUID], [Proxy_Action], [Proxy_Method], [description], [Proxy_Type], [need_redirect], [redirect_Proxy_Action], [redirect_Proxy_Method], [application_head_uuid], [redirect_src]) VALUES (N'15051117594700233', N'MenuAction', N'setAppMenuIsActive', N'MenuAction.setAppMenuIsActive', N'Store', N'N', NULL, NULL, N'14043017114000058', NULL)
INSERT [dbo].[Proxy] ([UUID], [Proxy_Action], [Proxy_Method], [description], [Proxy_Type], [need_redirect], [redirect_Proxy_Action], [redirect_Proxy_Method], [application_head_uuid], [redirect_src]) VALUES (N'15051117594700235', N'MenuAction', N'deleteAppMenu', N'MenuAction.deleteAppMenu', N'Store', N'N', NULL, NULL, N'14043017114000058', NULL)
INSERT [dbo].[Proxy] ([UUID], [Proxy_Action], [Proxy_Method], [description], [Proxy_Type], [need_redirect], [redirect_Proxy_Action], [redirect_Proxy_Method], [application_head_uuid], [redirect_src]) VALUES (N'15051117594700237', N'MenuAction', N'load', N'MenuAction.load', N'Store', N'N', NULL, NULL, N'14043017114000058', NULL)
INSERT [dbo].[Proxy] ([UUID], [Proxy_Action], [Proxy_Method], [description], [Proxy_Type], [need_redirect], [redirect_Proxy_Action], [redirect_Proxy_Method], [application_head_uuid], [redirect_src]) VALUES (N'15051117594700239', N'MenuAction', N'loadThisApplicationMenu', N'MenuAction.loadThisApplicationMenu', N'Store', N'N', NULL, NULL, N'14043017114000058', NULL)
INSERT [dbo].[Proxy] ([UUID], [Proxy_Action], [Proxy_Method], [description], [Proxy_Type], [need_redirect], [redirect_Proxy_Action], [redirect_Proxy_Method], [application_head_uuid], [redirect_src]) VALUES (N'15051117594700241', N'ProxyAction', N'loadProxy', N'ProxyAction.loadProxy', N'Store', N'N', NULL, NULL, N'14043017114000058', NULL)
INSERT [dbo].[Proxy] ([UUID], [Proxy_Action], [Proxy_Method], [description], [Proxy_Type], [need_redirect], [redirect_Proxy_Action], [redirect_Proxy_Method], [application_head_uuid], [redirect_src]) VALUES (N'15051117594700243', N'ProxyAction', N'submitProxy', N'ProxyAction.submitProxy', N'Form', N'N', NULL, NULL, N'14043017114000058', NULL)
INSERT [dbo].[Proxy] ([UUID], [Proxy_Action], [Proxy_Method], [description], [Proxy_Type], [need_redirect], [redirect_Proxy_Action], [redirect_Proxy_Method], [application_head_uuid], [redirect_src]) VALUES (N'15051117594700245', N'ProxyAction', N'infoProxy', N'ProxyAction.infoProxy', N'Store', N'N', NULL, NULL, N'14043017114000058', NULL)
INSERT [dbo].[Proxy] ([UUID], [Proxy_Action], [Proxy_Method], [description], [Proxy_Type], [need_redirect], [redirect_Proxy_Action], [redirect_Proxy_Method], [application_head_uuid], [redirect_src]) VALUES (N'15051117594700247', N'ProxyAction', N'destroyProxyByUuid', N'ProxyAction.destroyProxyByUuid', N'Store', N'N', NULL, NULL, N'14043017114000058', NULL)
INSERT [dbo].[Proxy] ([UUID], [Proxy_Action], [Proxy_Method], [description], [Proxy_Type], [need_redirect], [redirect_Proxy_Action], [redirect_Proxy_Method], [application_head_uuid], [redirect_src]) VALUES (N'15051117594700249', N'SiteMapAction', N'loadSiteMapTree', N'SiteMapAction.loadSiteMapTree', N'TreeStore', N'N', NULL, NULL, N'14043017114000058', NULL)
INSERT [dbo].[Proxy] ([UUID], [Proxy_Action], [Proxy_Method], [description], [Proxy_Type], [need_redirect], [redirect_Proxy_Action], [redirect_Proxy_Method], [application_head_uuid], [redirect_src]) VALUES (N'15051117594700251', N'SiteMapAction', N'loadTreeRoot', N'SiteMapAction.loadTreeRoot', N'Store', N'N', NULL, NULL, N'14043017114000058', NULL)
INSERT [dbo].[Proxy] ([UUID], [Proxy_Action], [Proxy_Method], [description], [Proxy_Type], [need_redirect], [redirect_Proxy_Action], [redirect_Proxy_Method], [application_head_uuid], [redirect_src]) VALUES (N'15051117594700253', N'SiteMapAction', N'load', N'SiteMapAction.load', N'Store', N'N', NULL, NULL, N'14043017114000058', NULL)
INSERT [dbo].[Proxy] ([UUID], [Proxy_Action], [Proxy_Method], [description], [Proxy_Type], [need_redirect], [redirect_Proxy_Action], [redirect_Proxy_Method], [application_head_uuid], [redirect_src]) VALUES (N'15051117594700255', N'SiteMapAction', N'loadThisApplication', N'SiteMapAction.loadThisApplication', N'Store', N'N', NULL, NULL, N'14043017114000058', NULL)
INSERT [dbo].[Proxy] ([UUID], [Proxy_Action], [Proxy_Method], [description], [Proxy_Type], [need_redirect], [redirect_Proxy_Action], [redirect_Proxy_Method], [application_head_uuid], [redirect_src]) VALUES (N'15051117594700257', N'SiteMapAction', N'submit', N'SiteMapAction.submit', N'Form', N'N', NULL, NULL, N'14043017114000058', NULL)
INSERT [dbo].[Proxy] ([UUID], [Proxy_Action], [Proxy_Method], [description], [Proxy_Type], [need_redirect], [redirect_Proxy_Action], [redirect_Proxy_Method], [application_head_uuid], [redirect_src]) VALUES (N'15051117594700259', N'SiteMapAction', N'info', N'SiteMapAction.info', N'Store', N'N', NULL, NULL, N'14043017114000058', NULL)
INSERT [dbo].[Proxy] ([UUID], [Proxy_Action], [Proxy_Method], [description], [Proxy_Type], [need_redirect], [redirect_Proxy_Action], [redirect_Proxy_Method], [application_head_uuid], [redirect_src]) VALUES (N'15051117594700261', N'SiteMapAction', N'destroyByUuid', N'SiteMapAction.destroyByUuid', N'Store', N'N', NULL, NULL, N'14043017114000058', NULL)
INSERT [dbo].[Proxy] ([UUID], [Proxy_Action], [Proxy_Method], [description], [Proxy_Type], [need_redirect], [redirect_Proxy_Action], [redirect_Proxy_Method], [application_head_uuid], [redirect_src]) VALUES (N'15051117594700263', N'SiteMapAction', N'setSiteMapIsActive', N'SiteMapAction.setSiteMapIsActive', N'Store', N'N', NULL, NULL, N'14043017114000058', NULL)
INSERT [dbo].[Proxy] ([UUID], [Proxy_Action], [Proxy_Method], [description], [Proxy_Type], [need_redirect], [redirect_Proxy_Action], [redirect_Proxy_Method], [application_head_uuid], [redirect_src]) VALUES (N'15051117594700265', N'SiteMapAction', N'deleteSiteMap', N'SiteMapAction.deleteSiteMap', N'Store', N'N', NULL, NULL, N'14043017114000058', NULL)
INSERT [dbo].[Proxy] ([UUID], [Proxy_Action], [Proxy_Method], [description], [Proxy_Type], [need_redirect], [redirect_Proxy_Action], [redirect_Proxy_Method], [application_head_uuid], [redirect_src]) VALUES (N'15051117594700267', N'SiteMapAction', N'addSiteMap', N'SiteMapAction.addSiteMap', N'Store', N'N', NULL, NULL, N'14043017114000058', NULL)
INSERT [dbo].[Proxy] ([UUID], [Proxy_Action], [Proxy_Method], [description], [Proxy_Type], [need_redirect], [redirect_Proxy_Action], [redirect_Proxy_Method], [application_head_uuid], [redirect_src]) VALUES (N'15051117594700269', N'UserAction', N'logon', N'UserAction.logon', N'Form', N'N', NULL, NULL, N'14043017114000058', NULL)
INSERT [dbo].[Proxy] ([UUID], [Proxy_Action], [Proxy_Method], [description], [Proxy_Type], [need_redirect], [redirect_Proxy_Action], [redirect_Proxy_Method], [application_head_uuid], [redirect_src]) VALUES (N'15051117594700271', N'UserAction', N'forgetPassword', N'UserAction.forgetPassword', N'Form', N'N', NULL, NULL, N'14043017114000058', NULL)
INSERT [dbo].[Proxy] ([UUID], [Proxy_Action], [Proxy_Method], [description], [Proxy_Type], [need_redirect], [redirect_Proxy_Action], [redirect_Proxy_Method], [application_head_uuid], [redirect_src]) VALUES (N'15051117594700273', N'UserAction', N'keepSession', N'UserAction.keepSession', N'Load', N'N', NULL, NULL, N'14043017114000058', NULL)
INSERT [dbo].[Proxy] ([UUID], [Proxy_Action], [Proxy_Method], [description], [Proxy_Type], [need_redirect], [redirect_Proxy_Action], [redirect_Proxy_Method], [application_head_uuid], [redirect_src]) VALUES (N'15051117594700275', N'UserAction', N'getUserInfo', N'UserAction.getUserInfo', N'Load', N'N', NULL, NULL, N'14043017114000058', NULL)
INSERT [dbo].[Proxy] ([UUID], [Proxy_Action], [Proxy_Method], [description], [Proxy_Type], [need_redirect], [redirect_Proxy_Action], [redirect_Proxy_Method], [application_head_uuid], [redirect_src]) VALUES (N'15051117594700277', N'UtilAction', N'getUid', N'UtilAction.getUid', N'Load', N'N', NULL, NULL, N'14043017114000058', NULL)
INSERT [dbo].[Proxy] ([UUID], [Proxy_Action], [Proxy_Method], [description], [Proxy_Type], [need_redirect], [redirect_Proxy_Action], [redirect_Proxy_Method], [application_head_uuid], [redirect_src]) VALUES (N'15051117594700279', N'ProxyAction', N'loadVAppmenuProxyMap', N'ProxyAction.loadVAppmenuProxyMap', N'Store', N'N', NULL, NULL, N'14043017114000058', NULL)
INSERT [dbo].[Proxy] ([UUID], [Proxy_Action], [Proxy_Method], [description], [Proxy_Type], [need_redirect], [redirect_Proxy_Action], [redirect_Proxy_Method], [application_head_uuid], [redirect_src]) VALUES (N'15051117594700281', N'ProxyAction', N'loadAppmenuProxyMapUnSelected', N'ProxyAction.loadAppmenuProxyMapUnSelected', N'Store', N'N', NULL, NULL, N'14043017114000058', NULL)
INSERT [dbo].[Proxy] ([UUID], [Proxy_Action], [Proxy_Method], [description], [Proxy_Type], [need_redirect], [redirect_Proxy_Action], [redirect_Proxy_Method], [application_head_uuid], [redirect_src]) VALUES (N'15051117594700283', N'ProxyAction', N'addAppmenuProxyMap', N'ProxyAction.addAppmenuProxyMap', N'Store', N'N', NULL, NULL, N'14043017114000058', NULL)
INSERT [dbo].[Proxy] ([UUID], [Proxy_Action], [Proxy_Method], [description], [Proxy_Type], [need_redirect], [redirect_Proxy_Action], [redirect_Proxy_Method], [application_head_uuid], [redirect_src]) VALUES (N'15051117594700285', N'ProxyAction', N'removeAppmenuProxyMap', N'ProxyAction.removeAppmenuProxyMap', N'Store', N'N', NULL, NULL, N'14043017114000058', NULL)
INSERT [dbo].[Proxy] ([UUID], [Proxy_Action], [Proxy_Method], [description], [Proxy_Type], [need_redirect], [redirect_Proxy_Action], [redirect_Proxy_Method], [application_head_uuid], [redirect_src]) VALUES (N'15051117594700287', N'AuthorityAction', N'loadAppmenuTree', N'AuthorityAction.loadAppmenuTree', N'TreeStore', N'N', NULL, NULL, N'14043017114000058', NULL)


INSERT [dbo].[Proxy] ([UUID], [Proxy_Action], [Proxy_Method], [description], [Proxy_Type], [need_redirect], [redirect_Proxy_Action], [redirect_Proxy_Method], [application_head_uuid], [redirect_src]) VALUES (N'15051117594700397', N'ServerAction', N'loadCpuInfo', N'ServerAction.loadCpuInfo', N'Load', N'N', NULL, NULL, N'14043017114000058', NULL)

INSERT [dbo].[Proxy] ([UUID], [Proxy_Action], [Proxy_Method], [description], [Proxy_Type], [need_redirect], [redirect_Proxy_Action], [redirect_Proxy_Method], [application_head_uuid], [redirect_src]) VALUES (N'15051117594700401', N'ServerAction', N'loadDisk', N'ServerAction.loadDisk', N'Load', N'N', NULL, NULL, N'14043017114000058', NULL)

INSERT [dbo].[Proxy] ([UUID], [Proxy_Action], [Proxy_Method], [description], [Proxy_Type], [need_redirect], [redirect_Proxy_Action], [redirect_Proxy_Method], [application_head_uuid], [redirect_src]) VALUES (N'15051117594700405', N'ServerAction', N'loadMemoryInfo', N'ServerAction.loadMemoryInfo', N'Load', N'N', NULL, NULL, N'14043017114000058', NULL)

INSERT [dbo].[Proxy] ([UUID], [Proxy_Action], [Proxy_Method], [description], [Proxy_Type], [need_redirect], [redirect_Proxy_Action], [redirect_Proxy_Method], [application_head_uuid], [redirect_src]) VALUES (N'15051117594700409', N'ServerAction', N'loadOSInfo', N'ServerAction.loadOSInfo', N'Load', N'N', NULL, NULL, N'14043017114000058', NULL)

INSERT [dbo].[Proxy] ([UUID], [Proxy_Action], [Proxy_Method], [description], [Proxy_Type], [need_redirect], [redirect_Proxy_Action], [redirect_Proxy_Method], [application_head_uuid], [redirect_src]) VALUES (N'15051117594700413', N'ServerAction', N'loadRuntimeCpuMem', N'ServerAction.loadRuntimeCpuMem', N'Load', N'N', NULL, NULL, N'14043017114000058', NULL)








INSERT [dbo].[APPMENU_PROXY_MAP] ([uuid], [proxy_uuid], [appMenu_uuid]) VALUES (N'15051117594700289', N'15051117594700125', N'15051117594700077')
INSERT [dbo].[APPMENU_PROXY_MAP] ([uuid], [proxy_uuid], [appMenu_uuid]) VALUES (N'15051117594700291', N'15051117594700147', N'15051117594700081')
INSERT [dbo].[APPMENU_PROXY_MAP] ([uuid], [proxy_uuid], [appMenu_uuid]) VALUES (N'15051117594700293', N'15051117594700149', N'15051117594700081')
INSERT [dbo].[APPMENU_PROXY_MAP] ([uuid], [proxy_uuid], [appMenu_uuid]) VALUES (N'15051117594700295', N'15051117594700151', N'15051117594700081')
INSERT [dbo].[APPMENU_PROXY_MAP] ([uuid], [proxy_uuid], [appMenu_uuid]) VALUES (N'15051117594700297', N'15051117594700129', N'15051117594700043')
INSERT [dbo].[APPMENU_PROXY_MAP] ([uuid], [proxy_uuid], [appMenu_uuid]) VALUES (N'15051117594700299', N'15051117594700135', N'15051117594700043')
INSERT [dbo].[APPMENU_PROXY_MAP] ([uuid], [proxy_uuid], [appMenu_uuid]) VALUES (N'15051117594700301', N'15051117594700133', N'15051117594700043')
INSERT [dbo].[APPMENU_PROXY_MAP] ([uuid], [proxy_uuid], [appMenu_uuid]) VALUES (N'15051117594700303', N'15051117594700137', N'15051117594700083')
INSERT [dbo].[APPMENU_PROXY_MAP] ([uuid], [proxy_uuid], [appMenu_uuid]) VALUES (N'15051117594700305', N'15051117594700141', N'15051117594700083')
INSERT [dbo].[APPMENU_PROXY_MAP] ([uuid], [proxy_uuid], [appMenu_uuid]) VALUES (N'15051117594700307', N'15051117594700139', N'15051117594700083')
INSERT [dbo].[APPMENU_PROXY_MAP] ([uuid], [proxy_uuid], [appMenu_uuid]) VALUES (N'15051117594700309', N'15051117594700143', N'15051117594700083')
INSERT [dbo].[APPMENU_PROXY_MAP] ([uuid], [proxy_uuid], [appMenu_uuid]) VALUES (N'15051117594700311', N'15051117594700223', N'15051117594700087')
INSERT [dbo].[APPMENU_PROXY_MAP] ([uuid], [proxy_uuid], [appMenu_uuid]) VALUES (N'15051117594700313', N'15051117594700225', N'15051117594700087')
INSERT [dbo].[APPMENU_PROXY_MAP] ([uuid], [proxy_uuid], [appMenu_uuid]) VALUES (N'15051117594700315', N'15051117594700227', N'15051117594700087')
INSERT [dbo].[APPMENU_PROXY_MAP] ([uuid], [proxy_uuid], [appMenu_uuid]) VALUES (N'15051117594700317', N'15051117594700229', N'15051117594700087')
INSERT [dbo].[APPMENU_PROXY_MAP] ([uuid], [proxy_uuid], [appMenu_uuid]) VALUES (N'15051117594700319', N'15051117594700231', N'15051117594700087')
INSERT [dbo].[APPMENU_PROXY_MAP] ([uuid], [proxy_uuid], [appMenu_uuid]) VALUES (N'15051117594700321', N'15051117594700233', N'15051117594700087')
INSERT [dbo].[APPMENU_PROXY_MAP] ([uuid], [proxy_uuid], [appMenu_uuid]) VALUES (N'15051117594700323', N'15051117594700235', N'15051117594700087')
INSERT [dbo].[APPMENU_PROXY_MAP] ([uuid], [proxy_uuid], [appMenu_uuid]) VALUES (N'15051117594700325', N'15051117594700237', N'15051117594700087')
INSERT [dbo].[APPMENU_PROXY_MAP] ([uuid], [proxy_uuid], [appMenu_uuid]) VALUES (N'15051117594700327', N'15051117594700239', N'15051117594700087')
INSERT [dbo].[APPMENU_PROXY_MAP] ([uuid], [proxy_uuid], [appMenu_uuid]) VALUES (N'15051117594700329', N'15051117594700241', N'15051117594700087')
INSERT [dbo].[APPMENU_PROXY_MAP] ([uuid], [proxy_uuid], [appMenu_uuid]) VALUES (N'15051117594700331', N'15051117594700243', N'15051117594700087')
INSERT [dbo].[APPMENU_PROXY_MAP] ([uuid], [proxy_uuid], [appMenu_uuid]) VALUES (N'15051117594700333', N'15051117594700245', N'15051117594700087')
INSERT [dbo].[APPMENU_PROXY_MAP] ([uuid], [proxy_uuid], [appMenu_uuid]) VALUES (N'15051117594700335', N'15051117594700247', N'15051117594700087')
INSERT [dbo].[APPMENU_PROXY_MAP] ([uuid], [proxy_uuid], [appMenu_uuid]) VALUES (N'15051117594700337', N'15051117594700255', N'15051117594700087')
INSERT [dbo].[APPMENU_PROXY_MAP] ([uuid], [proxy_uuid], [appMenu_uuid]) VALUES (N'15051117594700339', N'15051117594700279', N'15051117594700087')
INSERT [dbo].[APPMENU_PROXY_MAP] ([uuid], [proxy_uuid], [appMenu_uuid]) VALUES (N'15051117594700341', N'15051117594700175', N'15051117594700069')
INSERT [dbo].[APPMENU_PROXY_MAP] ([uuid], [proxy_uuid], [appMenu_uuid]) VALUES (N'15051117594700343', N'15051117594700177', N'15051117594700069')
INSERT [dbo].[APPMENU_PROXY_MAP] ([uuid], [proxy_uuid], [appMenu_uuid]) VALUES (N'15051117594700345', N'15051117594700179', N'15051117594700069')
INSERT [dbo].[APPMENU_PROXY_MAP] ([uuid], [proxy_uuid], [appMenu_uuid]) VALUES (N'15051117594700347', N'15051117594700281', N'15051117594700087')
INSERT [dbo].[APPMENU_PROXY_MAP] ([uuid], [proxy_uuid], [appMenu_uuid]) VALUES (N'15051117594700349', N'15051117594700283', N'15051117594700087')
INSERT [dbo].[APPMENU_PROXY_MAP] ([uuid], [proxy_uuid], [appMenu_uuid]) VALUES (N'15051117594700351', N'15051117594700285', N'15051117594700087')
INSERT [dbo].[APPMENU_PROXY_MAP] ([uuid], [proxy_uuid], [appMenu_uuid]) VALUES (N'15051117594700353', N'15051117594700251', N'15051117594700085')
INSERT [dbo].[APPMENU_PROXY_MAP] ([uuid], [proxy_uuid], [appMenu_uuid]) VALUES (N'15051117594700355', N'15051117594700249', N'15051117594700085')
INSERT [dbo].[APPMENU_PROXY_MAP] ([uuid], [proxy_uuid], [appMenu_uuid]) VALUES (N'15051117594700357', N'15051117594700267', N'15051117594700085')
INSERT [dbo].[APPMENU_PROXY_MAP] ([uuid], [proxy_uuid], [appMenu_uuid]) VALUES (N'15051117594700359', N'15051117594700265', N'15051117594700085')
INSERT [dbo].[APPMENU_PROXY_MAP] ([uuid], [proxy_uuid], [appMenu_uuid]) VALUES (N'15051117594700361', N'15051117594700153', N'15051117594700075')
INSERT [dbo].[APPMENU_PROXY_MAP] ([uuid], [proxy_uuid], [appMenu_uuid]) VALUES (N'15051117594700363', N'15051117594700189', N'15051117594700075')
INSERT [dbo].[APPMENU_PROXY_MAP] ([uuid], [proxy_uuid], [appMenu_uuid]) VALUES (N'15051117594700365', N'15051117594700191', N'15051117594700075')
INSERT [dbo].[APPMENU_PROXY_MAP] ([uuid], [proxy_uuid], [appMenu_uuid]) VALUES (N'15051117594700367', N'15051117594700193', N'15051117594700075')
INSERT [dbo].[APPMENU_PROXY_MAP] ([uuid], [proxy_uuid], [appMenu_uuid]) VALUES (N'15051117594700369', N'15051117594700181', N'15051117594700075')
INSERT [dbo].[APPMENU_PROXY_MAP] ([uuid], [proxy_uuid], [appMenu_uuid]) VALUES (N'15051117594700371', N'15051117594700155', N'15051117594700075')
INSERT [dbo].[APPMENU_PROXY_MAP] ([uuid], [proxy_uuid], [appMenu_uuid]) VALUES (N'15051117594700373', N'15051117594700159', N'15051117594700075')
INSERT [dbo].[APPMENU_PROXY_MAP] ([uuid], [proxy_uuid], [appMenu_uuid]) VALUES (N'15051117594700375', N'15051117594700157', N'15051117594700075')
INSERT [dbo].[APPMENU_PROXY_MAP] ([uuid], [proxy_uuid], [appMenu_uuid]) VALUES (N'15051117594700377', N'15051117594700183', N'15051117594700075')
INSERT [dbo].[APPMENU_PROXY_MAP] ([uuid], [proxy_uuid], [appMenu_uuid]) VALUES (N'15051117594700379', N'15051117594700185', N'15051117594700075')
INSERT [dbo].[APPMENU_PROXY_MAP] ([uuid], [proxy_uuid], [appMenu_uuid]) VALUES (N'15051117594700381', N'15051117594700187', N'15051117594700075')
INSERT [dbo].[APPMENU_PROXY_MAP] ([uuid], [proxy_uuid], [appMenu_uuid]) VALUES (N'15051117594700383', N'15051117594700195', N'15051117594700075')
INSERT [dbo].[APPMENU_PROXY_MAP] ([uuid], [proxy_uuid], [appMenu_uuid]) VALUES (N'15051117594700385', N'15051117594700123', N'15051117594700077')
INSERT [dbo].[APPMENU_PROXY_MAP] ([uuid], [proxy_uuid], [appMenu_uuid]) VALUES (N'15051117594700387', N'15051117594700127', N'15051117594700077')


INSERT [dbo].[APPMENU_PROXY_MAP] ([uuid], [proxy_uuid], [appMenu_uuid]) VALUES (N'15051117594700395', N'15051117594700397', N'15051117594700069')
INSERT [dbo].[APPMENU_PROXY_MAP] ([uuid], [proxy_uuid], [appMenu_uuid]) VALUES (N'15051117594700399', N'15051117594700401', N'15051117594700069')
INSERT [dbo].[APPMENU_PROXY_MAP] ([uuid], [proxy_uuid], [appMenu_uuid]) VALUES (N'15051117594700403', N'15051117594700405', N'15051117594700069')
INSERT [dbo].[APPMENU_PROXY_MAP] ([uuid], [proxy_uuid], [appMenu_uuid]) VALUES (N'15051117594700407', N'15051117594700409', N'15051117594700069')
INSERT [dbo].[APPMENU_PROXY_MAP] ([uuid], [proxy_uuid], [appMenu_uuid]) VALUES (N'15051117594700411', N'15051117594700413', N'15051117594700069')


INSERT [dbo].[APPPAGE] ([uuid], [is_active], [create_date], [create_user], [update_date], [update_user], [id], [name], [description], [url], [parameter_class], [application_head_uuid], [p_mode]) VALUES (N'15051117594700119', N'Y', CAST(0x0000A32200F91577 AS DateTime), N'14043017113900056', CAST(0x0000A323009AC747 AS DateTime), N'14043017113900056', N'資源維護', N'資源維護', N'資源維護', N'~/admin/system/proxy.aspx', N'', N'14043017114000058', N'')

INSERT [dbo].[SITEMAP] ([uuid], [is_active], [create_date], [create_user], [update_date], [update_user], [sitemap_uuid], [apppage_uuid], [root_uuid], [haschild], [application_head_uuid]) VALUES (N'15051117594700393', N'Y', CAST(0x0000A1BE00BB9AA2 AS DateTime), N'14043017113900056', NULL, N'14043017113900056', NULL, N'15051117594700119', N'15051117594700047', N'Y', N'14043017114000058')

INSERT [dbo].[APPMENU] ([uuid], [is_active], [create_date], [create_user], [update_date], [update_user], [name_zh_tw], [name_zh_cn], [name_en_us], [id], [appmenu_uuid], [haschild], [application_head_uuid], [ord], [parameter_class], [image], [sitemap_uuid], [action_mode], [is_default_page], [is_admin]) VALUES (N'15051117594700121', N'Y', CAST(0x0000A32200F8E2FA AS DateTime), N'14043017113900056', CAST(0x0000A32400B1C2F1 AS DateTime), N'14043017113900056', N'資源', N'資源', N'資源', N'PROXY', N'15051117594700073', N'N', N'14043017114000058', CAST(5 AS Numeric(18, 0)), NULL, N'~\css\images\source.png', N'15051117594700393', NULL, N'N', N'Y')

INSERT [dbo].[GROUP_APPMENU] ([uuid], [is_active], [create_date], [create_user], [update_date], [update_user], [appmenu_uuid], [group_head_uuid], [is_default_page]) VALUES (N'15051117594700391', N'Y', CAST(0x0000A32600991E10 AS DateTime), N'14043017113900056', CAST(0x0000A32600991E10 AS DateTime), NULL, N'15051117594700121', N'15051117594700039', N'N')











INSERT [dbo].[APPPAGE] ([uuid], [is_active], [create_date], [create_user], [update_date], [update_user], [id], [name], [description], [url], [parameter_class], [application_head_uuid], [p_mode]) VALUES (N'15051117594700415', N'Y', CAST(0x0000A35400E81E2F AS DateTime), N'14043017113900056', CAST(0x0000A35400E834F3 AS DateTime), N'14043017113900056', N'SCHEDULE', N'排程工作', N'排程工作', N'~/admin/jobs/schedule.aspx', N'', N'14043017114000058', N'')

INSERT [dbo].[SITEMAP] ([uuid], [is_active], [create_date], [create_user], [update_date], [update_user], [sitemap_uuid], [apppage_uuid], [root_uuid], [haschild], [application_head_uuid]) VALUES (N'15051117594700417', N'Y', CAST(0x0000A35400E971E9 AS DateTime), N'14043017113900056', CAST(0x0000A35400E971E9 AS DateTime), N'14043017113900056', N'15051117594700047', N'15051117594700415', N'15051117594700047', N'Y', N'14043017114000058')

INSERT [dbo].[APPMENU] ([uuid], [is_active], [create_date], [create_user], [update_date], [update_user], [name_zh_tw], [name_zh_cn], [name_en_us], [id], [appmenu_uuid], [haschild], [application_head_uuid], [ord], [parameter_class], [image], [sitemap_uuid], [action_mode], [is_default_page], [is_admin]) VALUES (N'15051117594700419', N'Y', CAST(0x0000A35400EA1D09 AS DateTime), N'14043017113900056', CAST(0x0000A35400EAD6C5 AS DateTime), N'14043017113900056', N'排程工作', N'排程工作', N'排程工作', N'ScheduleJob',N'15051117594700069', N'N', N'14043017114000058', CAST(3 AS Numeric(18, 0)), NULL, N'~\css\images\schedule.png', N'15051117594700417', NULL, N'N', N'N')

INSERT [dbo].[Proxy] ([UUID], [Proxy_Action], [Proxy_Method], [description], [Proxy_Type], [need_redirect], [redirect_Proxy_Action], [redirect_Proxy_Method], [application_head_uuid], [redirect_src]) VALUES (N'15051117594700421', N'ScheduleAction', N'loadSchedule', N'ScheduleAction.loadSchedule', N'Store', N'N', NULL, NULL, N'14043017114000058', NULL)

INSERT [dbo].[Proxy] ([UUID], [Proxy_Action], [Proxy_Method], [description], [Proxy_Type], [need_redirect], [redirect_Proxy_Action], [redirect_Proxy_Method], [application_head_uuid], [redirect_src]) VALUES (N'15051117594700423', N'ScheduleAction', N'infoSchedule', N'ScheduleAction.infoSchedule', N'Load', N'N', NULL, NULL, N'14043017114000058', NULL)

INSERT [dbo].[Proxy] ([UUID], [Proxy_Action], [Proxy_Method], [description], [Proxy_Type], [need_redirect], [redirect_Proxy_Action], [redirect_Proxy_Method], [application_head_uuid], [redirect_src]) VALUES (N'15051117594700425', N'ScheduleAction', N'deleteSchedule', N'ScheduleAction.deleteSchedule', N'Load', N'N', NULL, NULL, N'14043017114000058', NULL)

INSERT [dbo].[Proxy] ([UUID], [Proxy_Action], [Proxy_Method], [description], [Proxy_Type], [need_redirect], [redirect_Proxy_Action], [redirect_Proxy_Method], [application_head_uuid], [redirect_src]) VALUES (N'15051117594700427', N'ScheduleAction', N'submitSchedule', N'ScheduleAction.submitSchedule', N'Form', N'N', NULL, NULL, N'14043017114000058', NULL)

INSERT [dbo].[APPMENU_PROXY_MAP] ([uuid], [proxy_uuid], [appMenu_uuid]) VALUES (N'15051117594700429', N'15051117594700421', N'15051117594700419')

INSERT [dbo].[APPMENU_PROXY_MAP] ([uuid], [proxy_uuid], [appMenu_uuid]) VALUES (N'15051117594700431', N'15051117594700423', N'15051117594700419')

INSERT [dbo].[APPMENU_PROXY_MAP] ([uuid], [proxy_uuid], [appMenu_uuid]) VALUES (N'15051117594700433', N'15051117594700425', N'15051117594700419')

INSERT [dbo].[APPMENU_PROXY_MAP] ([uuid], [proxy_uuid], [appMenu_uuid]) VALUES (N'15051117594700435', N'15051117594700427', N'15051117594700419')

INSERT [dbo].[GROUP_APPMENU] ([uuid], [is_active], [create_date], [create_user], [update_date], [update_user], [appmenu_uuid], [group_head_uuid], [is_default_page]) VALUES (N'15051117594700437', N'Y', CAST(0x0000A35400ED1AA7 AS DateTime), N'14043017113900056', CAST(0x0000A35400ED1AA7 AS DateTime), NULL, N'15051117594700419', N'15051117594700039', N'N')

INSERT [dbo].[SCHEDULE] ([UUID], [SCHEDULE_NAME], [SCHEDULE_END_DATE], [LAST_RUN_TIME], [LAST_RUN_STATUS], [IS_CYCLE], [SINGLE_DATE], [HOUR], [MINUTE], [CYCLE_TYPE], [C_MINUTE], [C_HOUR], [C_DAY], [C_WEEK], [C_DAY_OF_WEEK], [C_MONTH], [C_DAY_OF_MONTH], [C_WEEK_OF_MONTH], [C_YEAR], [C_WEEK_OF_YEAR], [RUN_URL], [RUN_URL_PARAMETER], [RUN_ATTENDANT_UUID], [IS_ACTIVE], [START_DATE], [RUN_SECURITY], [EXPEND_ALL], [contiune_dateTime]) VALUES (N'15051117594700439', N'每10分執行一次', CAST(0x0000A41100000000 AS DateTime), CAST(0x0000A35400F1F4CE AS DateTime), N'OK', N'Y', NULL, NULL, NULL, N'每分重複', 10, NULL, NULL, NULL, NULL, NULL, NULL, NULL, NULL, NULL, N'http://localhost/WebTemplate3/admin/jobs/sampleJob1.ashx', NULL, NULL, N'Y', CAST(0x0000A33D00000000 AS DateTime), N'localhost', N'N', CAST(0x0000A35500000000 AS DateTime))




