INSERT COMPANY (uuid, create_date, update_date, is_active, class, id, c_name, e_name, voucher_point_uuid, week_shift, ou_sync_type, name_zh_cn, concurrent_user, expired_date, sales_attendant_uuid) VALUES (N'14043017113800054', NOW(), NOW(), N'Y', N'CLASS', N'myCompany', N'myCompany', N'myCompany', NULL, 0, N'N', N'myCompany', NULL, NULL, NULL);

INSERT APPLICATION_HEAD (uuid, create_date, update_date, is_active, name, description, id, create_user, update_user, web_site) VALUES (N'14043017114000058', NOW(), NOW(), N'Y', N'LKWebTemplate3', N'LKWebTemplate3', N'14043017114000058', N'14043017113900056', N'14043017113900056', NULL);

INSERT APPPAGE (uuid, is_active, create_date, create_user, update_date, update_user, id, name, description, url, parameter_class, application_head_uuid, p_mode) VALUES (N'15011914300400034', N'Y', NOW(), N'14043017113900056', NOW(), N'14043017113900056', N'company', N'公司維護', N'公司維護', N'~/admin/basic/company.aspx', N'', N'14043017114000058', N'');
INSERT APPPAGE (uuid, is_active, create_date, create_user, update_date, update_user, id, name, description, url, parameter_class, application_head_uuid, p_mode) VALUES (N'15011914300400036', N'Y', NOW(), N'14043017113900056', NOW(), N'14043017113900056', N'dept', N'部門維護', N'部門維護', N'~/admin/basic/dept.aspx', N'', N'14043017114000058', N'');
INSERT APPPAGE (uuid, is_active, create_date, create_user, update_date, update_user, id, name, description, url, parameter_class, application_head_uuid, p_mode) VALUES (N'15011914300400038', N'Y', NOW(), N'14043017113900056', NOW(), N'14043017113900056', N'attendant', N'人員維護', N'人員維護', N'~/admin/basic/attendant.aspx', N'', N'14043017114000058', N'');
INSERT APPPAGE (uuid, is_active, create_date, create_user, update_date, update_user, id, name, description, url, parameter_class, application_head_uuid, p_mode) VALUES (N'15011914300400040', N'Y', NOW(), N'14043017113900056', NOW(), N'14043017113900056', N'system', N'系統', N'系統', N'~/admin/system/system.aspx', N'', N'14043017114000058', N'');
INSERT APPPAGE (uuid, is_active, create_date, create_user, update_date, update_user, id, name, description, url, parameter_class, application_head_uuid, p_mode) VALUES (N'15011914300400042', N'Y', NOW(), N'14043017113900056', NOW(), N'14043017113900056', N'function', N'功能', N'功能', N'~/admin/system/function.aspx', N'', N'14043017114000058', N'');
INSERT APPPAGE (uuid, is_active, create_date, create_user, update_date, update_user, id, name, description, url, parameter_class, application_head_uuid, p_mode) VALUES (N'15011914300400044', N'Y', NOW(), N'14043017113900056', NOW(), N'14043017113900056', N'sitemap', N'Site Map', N'Site Map', N'~/admin/system/sitemap.aspx', N'', N'14043017114000058', N'');
INSERT APPPAGE (uuid, is_active, create_date, create_user, update_date, update_user, id, name, description, url, parameter_class, application_head_uuid, p_mode) VALUES (N'15011914300400046', N'Y', NOW(), N'14043017113900056', NOW(), N'14043017113900056', N'menu', N'選單', N'選單', N'~/admin/system/menu.aspx', N'', N'14043017114000058', N'');
INSERT APPPAGE (uuid, is_active, create_date, create_user, update_date, update_user, id, name, description, url, parameter_class, application_head_uuid, p_mode) VALUES (N'15011914300400048', N'Y', NOW(), N'14043017113900056', NOW(), N'14043017113900056', N'authority', N'權限維護', N'權限維護', N'~/admin/authority/authority/grouphead_query.aspx', N'', N'14043017114000058', N'');


INSERT ATTENDANT (uuid, create_date, update_date, is_active, company_uuid, account, c_name, e_name, email, password, is_supper, is_admin, code_page, department_uuid, phone, site_uuid, gender, birthday, hire_date, quit_date, is_manager, is_direct, grade, id, src_uuid, is_default_pass) VALUES (N'14043017113900056', NOW(), NOW(), N'Y', N'14043017113800054', N'myAdmin', N'管理者', N'Admin', N'canred.chen@gmail.com', N'myAdmin', N'N', N'Y', N'TW', NULL, NULL, NULL, N'M', NULL, NULL, NULL, N'N', N'N', NULL, N'myAdmin', NULL, N'Y');


INSERT GROUP_HEAD (uuid, create_date, update_date, is_active, name_zh_tw, name_zh_cn, name_en_us, company_uuid, id, create_user, update_user, application_head_uuid) VALUES (N'15011914300400050', NOW(), NOW(), N'Y', N'管理者', N'管理者', N'admin', N'14043017113800054', N'admin', N'14043017113900056', NULL, N'14043017114000058');




INSERT GROUP_ATTENDANT (uuid, is_active, create_date, create_user, update_date, update_user, group_head_uuid, attendant_uuid) VALUES (N'15011914300400052', N'Y', NOW(), N'14043017113900056', NOW(), N'14043017113900056', N'15011914300400050', N'14043017113900056');

INSERT APPPAGE (uuid, is_active, create_date, create_user, update_date, update_user, id, name, description, url, parameter_class, application_head_uuid, p_mode) VALUES (N'15011914300400056', N'Y', NOW(), N'14043017113900056', NOW(), N'14043017113900056', N'gwp_query', N'全球暖化潛勢(GWP)值維護', N'全球暖化潛勢(GWP)值維護', N'~/gwp/gwp_query.aspx', N'', N'14043017114000058', N'');
INSERT APPMENU (uuid, is_active, create_date, create_user, update_date, update_user, name_zh_tw, name_zh_cn, name_en_us, id, appmenu_uuid, haschild, application_head_uuid, ord, parameter_class, image, sitemap_uuid, action_mode, is_default_page, is_admin) VALUES (N'15011914300400054', N'Y', NOW(), N'14043017113900056', NOW(), N'14043017113900056', N'系統', N'系統', N'system', N'system', N'15011914300400054', N'Y', N'14043017114000058', 0, NULL, NULL, NULL, NULL, N'N', N'Y');


INSERT SITEMAP (uuid, is_active, create_date, create_user, update_date, update_user, sitemap_uuid, apppage_uuid, root_uuid, haschild, application_head_uuid) VALUES (N'15011914300400058', N'Y', NOW(), N'14043017113900056', NULL, N'14043017113900056', NULL, N'15011914300400056', N'15011914300400058', N'Y', N'14043017114000058');




INSERT SITEMAP (uuid, is_active, create_date, create_user, update_date, update_user, sitemap_uuid, apppage_uuid, root_uuid, haschild, application_head_uuid) VALUES (N'15011914300400060', N'Y', NOW(), N'14043017113900056', NOW(), N'14043017113900056', N'15011914300400058', N'15011914300400056', N'15011914300400058', N'Y', N'14043017114000058');


INSERT SITEMAP (uuid, is_active, create_date, create_user, update_date, update_user, sitemap_uuid, apppage_uuid, root_uuid, haschild, application_head_uuid) VALUES (N'15011914300400062', N'Y', NOW(), N'14043017113900056', NOW(), N'14043017113900056', N'15011914300400058', N'15011914300400034', N'15011914300400058', N'Y', N'14043017114000058');
INSERT SITEMAP (uuid, is_active, create_date, create_user, update_date, update_user, sitemap_uuid, apppage_uuid, root_uuid, haschild, application_head_uuid) VALUES (N'15011914300400064', N'Y', NOW(), N'14043017113900056', NOW(), N'14043017113900056', N'15011914300400058', N'15011914300400036', N'15011914300400058', N'Y', N'14043017114000058');
INSERT SITEMAP (uuid, is_active, create_date, create_user, update_date, update_user, sitemap_uuid, apppage_uuid, root_uuid, haschild, application_head_uuid) VALUES (N'15011914300400066', N'Y', NOW(), N'14043017113900056', NOW(), N'14043017113900056', N'15011914300400058', N'15011914300400038', N'15011914300400058', N'Y', N'14043017114000058');
INSERT SITEMAP (uuid, is_active, create_date, create_user, update_date, update_user, sitemap_uuid, apppage_uuid, root_uuid, haschild, application_head_uuid) VALUES (N'15011914300400068', N'Y', NOW(), N'14043017113900056', NOW(), N'14043017113900056', N'15011914300400058', N'15011914300400040', N'15011914300400058', N'Y', N'14043017114000058');
INSERT SITEMAP (uuid, is_active, create_date, create_user, update_date, update_user, sitemap_uuid, apppage_uuid, root_uuid, haschild, application_head_uuid) VALUES (N'15011914300400070', N'Y', NOW(), N'14043017113900056', NOW(), N'14043017113900056', N'15011914300400058', N'15011914300400042', N'15011914300400058', N'Y', N'14043017114000058');
INSERT SITEMAP (uuid, is_active, create_date, create_user, update_date, update_user, sitemap_uuid, apppage_uuid, root_uuid, haschild, application_head_uuid) VALUES (N'15011914300400072', N'Y', NOW(), N'14043017113900056', NOW(), N'14043017113900056', N'15011914300400058', N'15011914300400044', N'15011914300400058', N'Y', N'14043017114000058');
INSERT SITEMAP (uuid, is_active, create_date, create_user, update_date, update_user, sitemap_uuid, apppage_uuid, root_uuid, haschild, application_head_uuid) VALUES (N'15011914300400074', N'Y', NOW(), N'14043017113900056', NOW(), N'14043017113900056', N'15011914300400058', N'15011914300400046', N'15011914300400058', N'Y', N'14043017114000058');
INSERT SITEMAP (uuid, is_active, create_date, create_user, update_date, update_user, sitemap_uuid, apppage_uuid, root_uuid, haschild, application_head_uuid) VALUES (N'15011914300400076', N'Y', NOW(), N'14043017113900056', NOW(), N'14043017113900056', N'15011914300400058', N'15011914300400048', N'15011914300400058', N'Y', N'14043017114000058');

INSERT APPMENU (uuid, is_active, create_date, create_user, update_date, update_user, name_zh_tw, name_zh_cn, name_en_us, id, appmenu_uuid, haschild, application_head_uuid, ord, parameter_class, image, sitemap_uuid, action_mode, is_default_page, is_admin) VALUES (N'15011914300400078', N'Y', NOW(), N'14043017113900056', NOW(), N'14043017113900056', N'ROOT', N'ROOT', N'ROOT', N'15011914300400078', NULL, N'Y', N'14043017114000058', 1, NULL, NULL, N'15011914300400058', NULL, N'N', N'N');


INSERT APPMENU (uuid, is_active, create_date, create_user, update_date, update_user, name_zh_tw, name_zh_cn, name_en_us, id, appmenu_uuid, haschild, application_head_uuid, ord, parameter_class, image, sitemap_uuid, action_mode, is_default_page, is_admin) VALUES (N'15011914300400080', N'Y', NOW(), N'14043017113900056', NOW(), N'14043017113900056', N'管理者', N'管理者', N'admin', N'admin', N'15011914300400078', N'Y', N'14043017114000058', 6, NULL, '~/css/images/setting.png', NULL, NULL, N'N', N'Y');
INSERT APPMENU (uuid, is_active, create_date, create_user, update_date, update_user, name_zh_tw, name_zh_cn, name_en_us, id, appmenu_uuid, haschild, application_head_uuid, ord, parameter_class, image, sitemap_uuid, action_mode, is_default_page, is_admin) VALUES (N'15011914300400082', N'Y', NOW(), N'14043017113900056', NOW(), N'14043017113900056', N'基本資料維護', N'基本資料維護', N'basic', N'basic', N'15011914300400080', N'Y', N'14043017114000058', 0, NULL, '~/css/images/basic.png', NULL, NULL, N'N', N'Y');
INSERT APPMENU (uuid, is_active, create_date, create_user, update_date, update_user, name_zh_tw, name_zh_cn, name_en_us, id, appmenu_uuid, haschild, application_head_uuid, ord, parameter_class, image, sitemap_uuid, action_mode, is_default_page, is_admin) VALUES (N'15011914300400084', N'Y', NOW(), N'14043017113900056', NOW(), N'14043017113900056', N'系統設定', N'系統設定', N'systemSetting', N'systemSetting', N'15011914300400080', N'Y', N'14043017114000058', 1, NULL, '~/css/images/setting.png', NULL, NULL, N'N', N'Y');
INSERT APPMENU (uuid, is_active, create_date, create_user, update_date, update_user, name_zh_tw, name_zh_cn, name_en_us, id, appmenu_uuid, haschild, application_head_uuid, ord, parameter_class, image, sitemap_uuid, action_mode, is_default_page, is_admin) VALUES (N'15011914300400086', N'Y', NOW(), N'14043017113900056', NOW(), N'14043017113900056', N'權限', N'權限', N'authority', N'authority', N'15011914300400080', N'N', N'14043017114000058', 2, NULL, '~/css/images/permission.png', N'15011914300400076', NULL, N'N', N'Y');
INSERT APPMENU (uuid, is_active, create_date, create_user, update_date, update_user, name_zh_tw, name_zh_cn, name_en_us, id, appmenu_uuid, haschild, application_head_uuid, ord, parameter_class, image, sitemap_uuid, action_mode, is_default_page, is_admin) VALUES (N'15011914300400088', N'Y', NOW(), N'14043017113900056', NOW(), N'14043017113900056', N'公司維護', N'公司維護', N'company', N'company', N'15011914300400082', N'N', N'14043017114000058', 0, NULL, '~/css/images/company.png', N'15011914300400062', NULL, N'N', N'Y');






INSERT APPMENU (uuid, is_active, create_date, create_user, update_date, update_user, name_zh_tw, name_zh_cn, name_en_us, id, appmenu_uuid, haschild, application_head_uuid, ord, parameter_class, image, sitemap_uuid, action_mode, is_default_page, is_admin) VALUES (N'15011914300400090', N'Y', NOW(), N'14043017113900056', NOW(), N'14043017113900056', N'部門維護', N'部門維護', N'department', N'department', N'15011914300400082', N'N', N'14043017114000058', 1, NULL, NULL, N'15011914300400064', NULL, N'N', N'Y');
INSERT APPMENU (uuid, is_active, create_date, create_user, update_date, update_user, name_zh_tw, name_zh_cn, name_en_us, id, appmenu_uuid, haschild, application_head_uuid, ord, parameter_class, image, sitemap_uuid, action_mode, is_default_page, is_admin) VALUES (N'15011914300400092', N'Y', NOW(), N'14043017113900056', NOW(), N'14043017113900056', N'人員維護', N'人員維護', N'attendant', N'attendant', N'15011914300400082', N'N', N'14043017114000058', 2, NULL, '~/css/images/man.png', N'15011914300400066', NULL, N'N', N'Y');

INSERT APPMENU (uuid, is_active, create_date, create_user, update_date, update_user, name_zh_tw, name_zh_cn, name_en_us, id, appmenu_uuid, haschild, application_head_uuid, ord, parameter_class, image, sitemap_uuid, action_mode, is_default_page, is_admin) VALUES (N'15011914300400094', N'Y', NOW(), N'14043017113900056', NOW(), N'14043017113900056', N'功能', N'功能', N'function', N'function', N'15011914300400084', N'N', N'14043017114000058', 1, NULL, '~/css/images/function_tag.png', N'15011914300400070', NULL, N'N', N'Y');
INSERT APPMENU (uuid, is_active, create_date, create_user, update_date, update_user, name_zh_tw, name_zh_cn, name_en_us, id, appmenu_uuid, haschild, application_head_uuid, ord, parameter_class, image, sitemap_uuid, action_mode, is_default_page, is_admin) VALUES (N'15011914300400096', N'Y', NOW(), N'14043017113900056', NOW(), N'14043017113900056', N'Site Map', N'Site Map', N'Site Map', N'site_map', N'15011914300400084', N'N', N'14043017114000058', 2, NULL,  '~/css/images/map.png', N'15011914300400072', NULL, N'N', N'Y');
INSERT APPMENU (uuid, is_active, create_date, create_user, update_date, update_user, name_zh_tw, name_zh_cn, name_en_us, id, appmenu_uuid, haschild, application_head_uuid, ord, parameter_class, image, sitemap_uuid, action_mode, is_default_page, is_admin) VALUES (N'15011914300400098', N'Y', NOW(), N'14043017113900056', NOW(), N'14043017113900056', N'選單', N'選單', N'menu', N'menu', N'15011914300400084', N'N', N'14043017114000058', 3, NULL, '~/css/images/menu.png', N'15011914300400074', NULL, N'N', N'Y');
INSERT APPMENU (uuid, is_active, create_date, create_user, update_date, update_user, name_zh_tw, name_zh_cn, name_en_us, id, appmenu_uuid, haschild, application_head_uuid, ord, parameter_class, image, sitemap_uuid, action_mode, is_default_page, is_admin) VALUES (N'15011914300400100', N'Y', NOW(), N'14043017113900056', NOW(), N'14043017113900056', N'系統', N'系統', N'System', N'系統', N'15011914300400084', N'Y', N'14043017114000058', 0, NULL, '~/css/images/application.png', N'15011914300400068', NULL, N'N', N'N');
INSERT APPMENU (uuid, is_active, create_date, create_user, update_date, update_user, name_zh_tw, name_zh_cn, name_en_us, id, appmenu_uuid, haschild, application_head_uuid, ord, parameter_class, image, sitemap_uuid, action_mode, is_default_page, is_admin) VALUES (N'15011914300400102', N'N', NOW(), N'14043017113900056', NOW(), N'14043017113900056', N'權限維護', N'權限維護', N'權限維護', N'Authority2', N'15011914300400084', N'Y', N'14043017114000058',4, NULL, '~/css/images/key.png', N'15011914300400076', NULL, N'N', N'N');



INSERT GROUP_APPMENU (uuid, is_active, create_date, create_user, update_date, update_user, appmenu_uuid, group_head_uuid, is_default_page) VALUES (N'15011914300400104', N'Y', NOW(), N'14043017113900056', NOW(), NULL, N'15011914300400078', N'15011914300400050', N'N');
INSERT GROUP_APPMENU (uuid, is_active, create_date, create_user, update_date, update_user, appmenu_uuid, group_head_uuid, is_default_page) VALUES (N'15011914300400106', N'Y', NOW(), N'14043017113900056', NOW(), N'14043017113900056', N'15011914300400084', N'15011914300400050', N'N');
INSERT GROUP_APPMENU (uuid, is_active, create_date, create_user, update_date, update_user, appmenu_uuid, group_head_uuid, is_default_page) VALUES (N'15011914300400108', N'Y', NOW(), N'14043017113900056', NOW(), N'14043017113900056', N'15011914300400080', N'15011914300400050', N'N');
INSERT GROUP_APPMENU (uuid, is_active, create_date, create_user, update_date, update_user, appmenu_uuid, group_head_uuid, is_default_page) VALUES (N'15011914300400110', N'Y', NOW(), N'14043017113900056', NOW(), N'14043017113900056', N'15011914300400082', N'15011914300400050', N'N');
INSERT GROUP_APPMENU (uuid, is_active, create_date, create_user, update_date, update_user, appmenu_uuid, group_head_uuid, is_default_page) VALUES (N'15011914300400112', N'Y', NOW(), N'14043017113900056', NOW(), N'14043017113900056', N'15011914300400086', N'15011914300400050', N'N');
INSERT GROUP_APPMENU (uuid, is_active, create_date, create_user, update_date, update_user, appmenu_uuid, group_head_uuid, is_default_page) VALUES (N'15011914300400114', N'Y', NOW(), N'14043017113900056', NOW(), N'14043017113900056', N'15011914300400098', N'15011914300400050', N'N');
INSERT GROUP_APPMENU (uuid, is_active, create_date, create_user, update_date, update_user, appmenu_uuid, group_head_uuid, is_default_page) VALUES (N'15011914300400116', N'Y', NOW(), N'14043017113900056', NOW(), N'14043017113900056', N'15011914300400054', N'15011914300400050', N'N');
INSERT GROUP_APPMENU (uuid, is_active, create_date, create_user, update_date, update_user, appmenu_uuid, group_head_uuid, is_default_page) VALUES (N'15011914300400118', N'Y', NOW(), N'14043017113900056', NOW(), N'14043017113900056', N'15011914300400094', N'15011914300400050', N'N');
INSERT GROUP_APPMENU (uuid, is_active, create_date, create_user, update_date, update_user, appmenu_uuid, group_head_uuid, is_default_page) VALUES (N'15011914300400120', N'Y', NOW(), N'14043017113900056', NOW(), N'14043017113900056', N'15011914300400096', N'15011914300400050', N'N');
INSERT GROUP_APPMENU (uuid, is_active, create_date, create_user, update_date, update_user, appmenu_uuid, group_head_uuid, is_default_page) VALUES (N'15011914300400122', N'Y', NOW(), N'14043017113900056', NOW(), N'14043017113900056', N'15011914300400092', N'15011914300400050', N'N');
INSERT GROUP_APPMENU (uuid, is_active, create_date, create_user, update_date, update_user, appmenu_uuid, group_head_uuid, is_default_page) VALUES (N'15011914300400124', N'Y', NOW(), N'14043017113900056', NOW(), N'14043017113900056', N'15011914300400088', N'15011914300400050', N'N');
INSERT GROUP_APPMENU (uuid, is_active, create_date, create_user, update_date, update_user, appmenu_uuid, group_head_uuid, is_default_page) VALUES (N'15011914300400126', N'Y', NOW(), N'14043017113900056', NOW(), NULL, N'15011914300400100', N'15011914300400050', N'N');
INSERT GROUP_APPMENU (uuid, is_active, create_date, create_user, update_date, update_user, appmenu_uuid, group_head_uuid, is_default_page) VALUES (N'15011914300400128', N'Y', NOW(), N'14043017113900056', NOW(), NULL, N'15011914300400102', N'15011914300400050', N'N');

INSERT Proxy (UUID, Proxy_Action, Proxy_Method, description, Proxy_Type, need_redirect, redirect_Proxy_Action, redirect_Proxy_Method, application_head_uuid, redirect_src) VALUES (N'15011914300400134', N'AdminCompanyAction', N'loadCompany', N'AdminCompanyAction.loadCompany', N'Store', N'N', NULL, NULL, N'14043017114000058', NULL);
INSERT Proxy (UUID, Proxy_Action, Proxy_Method, description, Proxy_Type, need_redirect, redirect_Proxy_Action, redirect_Proxy_Method, application_head_uuid, redirect_src) VALUES (N'15011914300400136', N'AdminCompanyAction', N'info', N'AdminCompanyAction.info', N'Load', N'N', NULL, NULL, N'14043017114000058', NULL);
INSERT Proxy (UUID, Proxy_Action, Proxy_Method, description, Proxy_Type, need_redirect, redirect_Proxy_Action, redirect_Proxy_Method, application_head_uuid, redirect_src) VALUES (N'15011914300400138', N'AdminCompanyAction', N'submit', N'AdminCompanyAction.submit', N'Form', N'N', NULL, NULL, N'14043017114000058', NULL);
INSERT Proxy (UUID, Proxy_Action, Proxy_Method, description, Proxy_Type, need_redirect, redirect_Proxy_Action, redirect_Proxy_Method, application_head_uuid, redirect_src) VALUES (N'15011914300400140', N'ApplicationAction', N'loadApplication', N'ApplicationAction.loadApplication', N'Store', N'N', NULL, NULL, N'14043017114000058', NULL);
INSERT Proxy (UUID, Proxy_Action, Proxy_Method, description, Proxy_Type, need_redirect, redirect_Proxy_Action, redirect_Proxy_Method, application_head_uuid, redirect_src) VALUES (N'15011914300400142', N'ApplicationAction', N'getApplication', N'ApplicationAction.getApplication', N'Store', N'N', NULL, NULL, N'14043017114000058', NULL);
INSERT Proxy (UUID, Proxy_Action, Proxy_Method, description, Proxy_Type, need_redirect, redirect_Proxy_Action, redirect_Proxy_Method, application_head_uuid, redirect_src) VALUES (N'15011914300400144', N'ApplicationAction', N'submit', N'ApplicationAction.submit', N'Form', N'N', NULL, NULL, N'14043017114000058', NULL);
INSERT Proxy (UUID, Proxy_Action, Proxy_Method, description, Proxy_Type, need_redirect, redirect_Proxy_Action, redirect_Proxy_Method, application_head_uuid, redirect_src) VALUES (N'15011914300400146', N'ApplicationAction', N'info', N'ApplicationAction.info', N'Store', N'N', NULL, NULL, N'14043017114000058', NULL);
INSERT Proxy (UUID, Proxy_Action, Proxy_Method, description, Proxy_Type, need_redirect, redirect_Proxy_Action, redirect_Proxy_Method, application_head_uuid, redirect_src) VALUES (N'15011914300400148', N'AppPageAction', N'loadAppPage', N'AppPageAction.loadAppPage', N'Store', N'N', NULL, NULL, N'14043017114000058', NULL);
INSERT Proxy (UUID, Proxy_Action, Proxy_Method, description, Proxy_Type, need_redirect, redirect_Proxy_Action, redirect_Proxy_Method, application_head_uuid, redirect_src) VALUES (N'15011914300400150', N'AppPageAction', N'submit', N'AppPageAction.submit', N'Form', N'N', NULL, NULL, N'14043017114000058', NULL);
INSERT Proxy (UUID, Proxy_Action, Proxy_Method, description, Proxy_Type, need_redirect, redirect_Proxy_Action, redirect_Proxy_Method, application_head_uuid, redirect_src) VALUES (N'15011914300400152', N'AppPageAction', N'info', N'AppPageAction.info', N'Store', N'N', NULL, NULL, N'14043017114000058', NULL);
INSERT Proxy (UUID, Proxy_Action, Proxy_Method, description, Proxy_Type, need_redirect, redirect_Proxy_Action, redirect_Proxy_Method, application_head_uuid, redirect_src) VALUES (N'15011914300400154', N'AppPageAction', N'destroyByUuid', N'AppPageAction.destroyByUuid', N'Store', N'N', NULL, NULL, N'14043017114000058', NULL);
INSERT Proxy (UUID, Proxy_Action, Proxy_Method, description, Proxy_Type, need_redirect, redirect_Proxy_Action, redirect_Proxy_Method, application_head_uuid, redirect_src) VALUES (N'15011914300400156', N'AttendantAction', N'getUserName', N'AttendantAction.getUserName', N'Load', N'N', NULL, NULL, N'14043017114000058', NULL);
INSERT Proxy (UUID, Proxy_Action, Proxy_Method, description, Proxy_Type, need_redirect, redirect_Proxy_Action, redirect_Proxy_Method, application_head_uuid, redirect_src) VALUES (N'15011914300400158', N'AttendantAction', N'load', N'AttendantAction.load', N'Load', N'N', NULL, NULL, N'14043017114000058', NULL);
INSERT Proxy (UUID, Proxy_Action, Proxy_Method, description, Proxy_Type, need_redirect, redirect_Proxy_Action, redirect_Proxy_Method, application_head_uuid, redirect_src) VALUES (N'15011914300400160', N'AttendantAction', N'info', N'AttendantAction.info', N'Load', N'N', NULL, NULL, N'14043017114000058', NULL);
INSERT Proxy (UUID, Proxy_Action, Proxy_Method, description, Proxy_Type, need_redirect, redirect_Proxy_Action, redirect_Proxy_Method, application_head_uuid, redirect_src) VALUES (N'15011914300400162', N'AttendantAction', N'submit', N'AttendantAction.submit', N'Form', N'N', NULL, NULL, N'14043017114000058', NULL);
INSERT Proxy (UUID, Proxy_Action, Proxy_Method, description, Proxy_Type, need_redirect, redirect_Proxy_Action, redirect_Proxy_Method, application_head_uuid, redirect_src) VALUES (N'15011914300400164', N'AuthorityAction', N'loadAppmenuTree', N'AuthorityAction.loadAppmenuTree', N'TreeStore', N'N', NULL, NULL, N'14043017114000058', NULL);
INSERT Proxy (UUID, Proxy_Action, Proxy_Method, description, Proxy_Type, need_redirect, redirect_Proxy_Action, redirect_Proxy_Method, application_head_uuid, redirect_src) VALUES (N'15011914300400166', N'AuthorityAction', N'loadTreeRoot', N'AuthorityAction.loadTreeRoot', N'Store', N'N', NULL, NULL, N'14043017114000058', NULL);
INSERT Proxy (UUID, Proxy_Action, Proxy_Method, description, Proxy_Type, need_redirect, redirect_Proxy_Action, redirect_Proxy_Method, application_head_uuid, redirect_src) VALUES (N'15011914300400168', N'AuthorityAction', N'setGroupAppmenuIsDefaultPage', N'AuthorityAction.setGroupAppmenuIsDefaultPage', N'Store', N'N', NULL, NULL, N'14043017114000058', NULL);
INSERT Proxy (UUID, Proxy_Action, Proxy_Method, description, Proxy_Type, need_redirect, redirect_Proxy_Action, redirect_Proxy_Method, application_head_uuid, redirect_src) VALUES (N'15011914300400170', N'AuthorityAction', N'setGroupAppmenu', N'AuthorityAction.setGroupAppmenu', N'Store', N'N', NULL, NULL, N'14043017114000058', NULL);
INSERT Proxy (UUID, Proxy_Action, Proxy_Method, description, Proxy_Type, need_redirect, redirect_Proxy_Action, redirect_Proxy_Method, application_head_uuid, redirect_src) VALUES (N'15011914300400172', N'CompanyAction', N'getCompany', N'CompanyAction.getCompany', N'Store', N'N', NULL, NULL, N'14043017114000058', NULL);
INSERT Proxy (UUID, Proxy_Action, Proxy_Method, description, Proxy_Type, need_redirect, redirect_Proxy_Action, redirect_Proxy_Method, application_head_uuid, redirect_src) VALUES (N'15011914300400174', N'DeptAction', N'loadTree', N'DeptAction.loadTree', N'TreeStore', N'N', NULL, NULL, N'14043017114000058', NULL);
INSERT Proxy (UUID, Proxy_Action, Proxy_Method, description, Proxy_Type, need_redirect, redirect_Proxy_Action, redirect_Proxy_Method, application_head_uuid, redirect_src) VALUES (N'15011914300400176', N'DeptAction', N'loadTreeRoot', N'DeptAction.loadTreeRoot', N'Store', N'N', NULL, NULL, N'14043017114000058', NULL);
INSERT Proxy (UUID, Proxy_Action, Proxy_Method, description, Proxy_Type, need_redirect, redirect_Proxy_Action, redirect_Proxy_Method, application_head_uuid, redirect_src) VALUES (N'15011914300400178', N'DeptAction', N'info', N'DeptAction.info', N'Load', N'N', NULL, NULL, N'14043017114000058', NULL);
INSERT Proxy (UUID, Proxy_Action, Proxy_Method, description, Proxy_Type, need_redirect, redirect_Proxy_Action, redirect_Proxy_Method, application_head_uuid, redirect_src) VALUES (N'15011914300400180', N'DeptAction', N'submit', N'DeptAction.submit', N'Form', N'N', NULL, NULL, N'14043017114000058', NULL);
INSERT Proxy (UUID, Proxy_Action, Proxy_Method, description, Proxy_Type, need_redirect, redirect_Proxy_Action, redirect_Proxy_Method, application_head_uuid, redirect_src) VALUES (N'15011914300400182', N'DeptAction', N'destroy', N'DeptAction.destroy', N'Form', N'N', NULL, NULL, N'14043017114000058', NULL);
INSERT Proxy (UUID, Proxy_Action, Proxy_Method, description, Proxy_Type, need_redirect, redirect_Proxy_Action, redirect_Proxy_Method, application_head_uuid, redirect_src) VALUES (N'15011914300400184', N'EncryptAction', N'Encode', N'EncryptAction.Encode', N'Load', N'N', NULL, NULL, N'14043017114000058', NULL);
INSERT Proxy (UUID, Proxy_Action, Proxy_Method, description, Proxy_Type, need_redirect, redirect_Proxy_Action, redirect_Proxy_Method, application_head_uuid, redirect_src) VALUES (N'15011914300400186', N'ErrorLogAction', N'load', N'ErrorLogAction.load', N'Load', N'N', NULL, NULL, N'14043017114000058', NULL);
INSERT Proxy (UUID, Proxy_Action, Proxy_Method, description, Proxy_Type, need_redirect, redirect_Proxy_Action, redirect_Proxy_Method, application_head_uuid, redirect_src) VALUES (N'15011914300400188', N'ErrorLogAction', N'UpdateAllRead', N'ErrorLogAction.UpdateAllRead', N'Store', N'N', NULL, NULL, N'14043017114000058', NULL);
INSERT Proxy (UUID, Proxy_Action, Proxy_Method, description, Proxy_Type, need_redirect, redirect_Proxy_Action, redirect_Proxy_Method, application_head_uuid, redirect_src) VALUES (N'15011914300400190', N'ErrorLogAction', N'UpdateRead', N'ErrorLogAction.UpdateRead', N'Load', N'N', NULL, NULL, N'14043017114000058', NULL);
INSERT Proxy (UUID, Proxy_Action, Proxy_Method, description, Proxy_Type, need_redirect, redirect_Proxy_Action, redirect_Proxy_Method, application_head_uuid, redirect_src) VALUES (N'15011914300400192', N'GroupAttendantAction', N'loadAttendantStoreInGroup', N'GroupAttendantAction.loadAttendantStoreInGroup', N'Store', N'N', NULL, NULL, N'14043017114000058', NULL);
INSERT Proxy (UUID, Proxy_Action, Proxy_Method, description, Proxy_Type, need_redirect, redirect_Proxy_Action, redirect_Proxy_Method, application_head_uuid, redirect_src) VALUES (N'15011914300400194', N'GroupAttendantAction', N'loadAttendantStoreNotInGroup', N'GroupAttendantAction.loadAttendantStoreNotInGroup', N'Store', N'N', NULL, NULL, N'14043017114000058', NULL);
INSERT Proxy (UUID, Proxy_Action, Proxy_Method, description, Proxy_Type, need_redirect, redirect_Proxy_Action, redirect_Proxy_Method, application_head_uuid, redirect_src) VALUES (N'15011914300400196', N'GroupAttendantAction', N'addAttendnatGroupHead', N'GroupAttendantAction.addAttendnatGroupHead', N'Store', N'N', NULL, NULL, N'14043017114000058', NULL);
INSERT Proxy (UUID, Proxy_Action, Proxy_Method, description, Proxy_Type, need_redirect, redirect_Proxy_Action, redirect_Proxy_Method, application_head_uuid, redirect_src) VALUES (N'15011914300400198', N'GroupAttendantAction', N'destroyBy', N'GroupAttendantAction.destroyBy', N'Store', N'N', NULL, NULL, N'14043017114000058', NULL);
INSERT Proxy (UUID, Proxy_Action, Proxy_Method, description, Proxy_Type, need_redirect, redirect_Proxy_Action, redirect_Proxy_Method, application_head_uuid, redirect_src) VALUES (N'15011914300400200', N'GroupHeadAction', N'load', N'GroupHeadAction.load', N'Store', N'N', NULL, NULL, N'14043017114000058', NULL);
INSERT Proxy (UUID, Proxy_Action, Proxy_Method, description, Proxy_Type, need_redirect, redirect_Proxy_Action, redirect_Proxy_Method, application_head_uuid, redirect_src) VALUES (N'15011914300400202', N'GroupHeadAction', N'info', N'GroupHeadAction.info', N'Load', N'N', NULL, NULL, N'14043017114000058', NULL);
INSERT Proxy (UUID, Proxy_Action, Proxy_Method, description, Proxy_Type, need_redirect, redirect_Proxy_Action, redirect_Proxy_Method, application_head_uuid, redirect_src) VALUES (N'15011914300400204', N'GroupHeadAction', N'submit', N'GroupHeadAction.submit', N'Form', N'N', NULL, NULL, N'14043017114000058', NULL);
INSERT Proxy (UUID, Proxy_Action, Proxy_Method, description, Proxy_Type, need_redirect, redirect_Proxy_Action, redirect_Proxy_Method, application_head_uuid, redirect_src) VALUES (N'15011914300400206', N'GroupHeadAction', N'deleteGroupHead', N'GroupHeadAction.deleteGroupHead', N'Store', N'N', NULL, NULL, N'14043017114000058', NULL);
INSERT Proxy (UUID, Proxy_Action, Proxy_Method, description, Proxy_Type, need_redirect, redirect_Proxy_Action, redirect_Proxy_Method, application_head_uuid, redirect_src) VALUES (N'15011914300400208', N'InitAction', N'loadBasic', N'InitAction.loadBasic', N'Load', N'N', NULL, NULL, N'14043017114000058', NULL);
INSERT Proxy (UUID, Proxy_Action, Proxy_Method, description, Proxy_Type, need_redirect, redirect_Proxy_Action, redirect_Proxy_Method, application_head_uuid, redirect_src) VALUES (N'15011914300400210', N'InitAction', N'loadException', N'InitAction.loadException', N'Load', N'N', NULL, NULL, N'14043017114000058', NULL);
INSERT Proxy (UUID, Proxy_Action, Proxy_Method, description, Proxy_Type, need_redirect, redirect_Proxy_Action, redirect_Proxy_Method, application_head_uuid, redirect_src) VALUES (N'15011914300400212', N'InitAction', N'loadAction', N'InitAction.loadAction', N'Load', N'N', NULL, NULL, N'14043017114000058', NULL);
INSERT Proxy (UUID, Proxy_Action, Proxy_Method, description, Proxy_Type, need_redirect, redirect_Proxy_Action, redirect_Proxy_Method, application_head_uuid, redirect_src) VALUES (N'15011914300400214', N'InitAction', N'loadParameter', N'InitAction.loadParameter', N'Load', N'N', NULL, NULL, N'14043017114000058', NULL);
INSERT Proxy (UUID, Proxy_Action, Proxy_Method, description, Proxy_Type, need_redirect, redirect_Proxy_Action, redirect_Proxy_Method, application_head_uuid, redirect_src) VALUES (N'15011914300400216', N'InitAction', N'submitParameter', N'InitAction.submitParameter', N'Load', N'N', NULL, NULL, N'14043017114000058', NULL);
INSERT Proxy (UUID, Proxy_Action, Proxy_Method, description, Proxy_Type, need_redirect, redirect_Proxy_Action, redirect_Proxy_Method, application_head_uuid, redirect_src) VALUES (N'15011914300400218', N'InitAction', N'testConnection', N'InitAction.testConnection', N'Load', N'N', NULL, NULL, N'14043017114000058', NULL);
INSERT Proxy (UUID, Proxy_Action, Proxy_Method, description, Proxy_Type, need_redirect, redirect_Proxy_Action, redirect_Proxy_Method, application_head_uuid, redirect_src) VALUES (N'15011914300400220', N'InitAction', N'submitBasic', N'InitAction.submitBasic', N'Store', N'N', NULL, NULL, N'14043017114000058', NULL);
INSERT Proxy (UUID, Proxy_Action, Proxy_Method, description, Proxy_Type, need_redirect, redirect_Proxy_Action, redirect_Proxy_Method, application_head_uuid, redirect_src) VALUES (N'15011914300400222', N'InitAction', N'submitException', N'InitAction.submitException', N'Store', N'N', NULL, NULL, N'14043017114000058', NULL);
INSERT Proxy (UUID, Proxy_Action, Proxy_Method, description, Proxy_Type, need_redirect, redirect_Proxy_Action, redirect_Proxy_Method, application_head_uuid, redirect_src) VALUES (N'15011914300400224', N'InitAction', N'submitActionLog', N'InitAction.submitActionLog', N'Store', N'N', NULL, NULL, N'14043017114000058', NULL);
INSERT Proxy (UUID, Proxy_Action, Proxy_Method, description, Proxy_Type, need_redirect, redirect_Proxy_Action, redirect_Proxy_Method, application_head_uuid, redirect_src) VALUES (N'15011914300400226', N'InitAction', N'initBasic', N'InitAction.initBasic', N'Store', N'N', NULL, NULL, N'14043017114000058', NULL);
INSERT Proxy (UUID, Proxy_Action, Proxy_Method, description, Proxy_Type, need_redirect, redirect_Proxy_Action, redirect_Proxy_Method, application_head_uuid, redirect_src) VALUES (N'15011914300400228', N'InitAction', N'initException', N'InitAction.initException', N'Store', N'N', NULL, NULL, N'14043017114000058', NULL);
INSERT Proxy (UUID, Proxy_Action, Proxy_Method, description, Proxy_Type, need_redirect, redirect_Proxy_Action, redirect_Proxy_Method, application_head_uuid, redirect_src) VALUES (N'15011914300400230', N'InitAction', N'initAction', N'InitAction.initAction', N'Store', N'N', NULL, NULL, N'14043017114000058', NULL);
INSERT Proxy (UUID, Proxy_Action, Proxy_Method, description, Proxy_Type, need_redirect, redirect_Proxy_Action, redirect_Proxy_Method, application_head_uuid, redirect_src) VALUES (N'15011914300400232', N'InitAction', N'importData', N'InitAction.importData', N'Store', N'N', NULL, NULL, N'14043017114000058', NULL);
INSERT Proxy (UUID, Proxy_Action, Proxy_Method, description, Proxy_Type, need_redirect, redirect_Proxy_Action, redirect_Proxy_Method, application_head_uuid, redirect_src) VALUES (N'15011914300400234', N'MenuAction', N'loadMenuTree', N'MenuAction.loadMenuTree', N'TreeStore', N'N', NULL, NULL, N'14043017114000058', NULL);
INSERT Proxy (UUID, Proxy_Action, Proxy_Method, description, Proxy_Type, need_redirect, redirect_Proxy_Action, redirect_Proxy_Method, application_head_uuid, redirect_src) VALUES (N'15011914300400236', N'MenuAction', N'loadTreeRoot', N'MenuAction.loadTreeRoot', N'Store', N'N', NULL, NULL, N'14043017114000058', NULL);
INSERT Proxy (UUID, Proxy_Action, Proxy_Method, description, Proxy_Type, need_redirect, redirect_Proxy_Action, redirect_Proxy_Method, application_head_uuid, redirect_src) VALUES (N'15011914300400238', N'MenuAction', N'submit', N'MenuAction.submit', N'Form', N'N', NULL, NULL, N'14043017114000058', NULL);
INSERT Proxy (UUID, Proxy_Action, Proxy_Method, description, Proxy_Type, need_redirect, redirect_Proxy_Action, redirect_Proxy_Method, application_head_uuid, redirect_src) VALUES (N'15011914300400240', N'MenuAction', N'info', N'MenuAction.info', N'Store', N'N', NULL, NULL, N'14043017114000058', NULL);
INSERT Proxy (UUID, Proxy_Action, Proxy_Method, description, Proxy_Type, need_redirect, redirect_Proxy_Action, redirect_Proxy_Method, application_head_uuid, redirect_src) VALUES (N'15011914300400242', N'MenuAction', N'destroyByUuid', N'MenuAction.destroyByUuid', N'Store', N'N', NULL, NULL, N'14043017114000058', NULL);
INSERT Proxy (UUID, Proxy_Action, Proxy_Method, description, Proxy_Type, need_redirect, redirect_Proxy_Action, redirect_Proxy_Method, application_head_uuid, redirect_src) VALUES (N'15011914300400244', N'MenuAction', N'setAppMenuIsActive', N'MenuAction.setAppMenuIsActive', N'Store', N'N', NULL, NULL, N'14043017114000058', NULL);
INSERT Proxy (UUID, Proxy_Action, Proxy_Method, description, Proxy_Type, need_redirect, redirect_Proxy_Action, redirect_Proxy_Method, application_head_uuid, redirect_src) VALUES (N'15011914300400246', N'MenuAction', N'deleteAppMenu', N'MenuAction.deleteAppMenu', N'Store', N'N', NULL, NULL, N'14043017114000058', NULL);
INSERT Proxy (UUID, Proxy_Action, Proxy_Method, description, Proxy_Type, need_redirect, redirect_Proxy_Action, redirect_Proxy_Method, application_head_uuid, redirect_src) VALUES (N'15011914300400248', N'MenuAction', N'load', N'MenuAction.load', N'Store', N'N', NULL, NULL, N'14043017114000058', NULL);
INSERT Proxy (UUID, Proxy_Action, Proxy_Method, description, Proxy_Type, need_redirect, redirect_Proxy_Action, redirect_Proxy_Method, application_head_uuid, redirect_src) VALUES (N'15011914300400250', N'MenuAction', N'loadThisApplicationMenu', N'MenuAction.loadThisApplicationMenu', N'Store', N'N', NULL, NULL, N'14043017114000058', NULL);
INSERT Proxy (UUID, Proxy_Action, Proxy_Method, description, Proxy_Type, need_redirect, redirect_Proxy_Action, redirect_Proxy_Method, application_head_uuid, redirect_src) VALUES (N'15011914300400252', N'ProxyAction', N'loadProxy', N'ProxyAction.loadProxy', N'Store', N'N', NULL, NULL, N'14043017114000058', NULL);
INSERT Proxy (UUID, Proxy_Action, Proxy_Method, description, Proxy_Type, need_redirect, redirect_Proxy_Action, redirect_Proxy_Method, application_head_uuid, redirect_src) VALUES (N'15011914300400254', N'ProxyAction', N'submitProxy', N'ProxyAction.submitProxy', N'Form', N'N', NULL, NULL, N'14043017114000058', NULL);
INSERT Proxy (UUID, Proxy_Action, Proxy_Method, description, Proxy_Type, need_redirect, redirect_Proxy_Action, redirect_Proxy_Method, application_head_uuid, redirect_src) VALUES (N'15011914300400256', N'ProxyAction', N'infoProxy', N'ProxyAction.infoProxy', N'Store', N'N', NULL, NULL, N'14043017114000058', NULL);
INSERT Proxy (UUID, Proxy_Action, Proxy_Method, description, Proxy_Type, need_redirect, redirect_Proxy_Action, redirect_Proxy_Method, application_head_uuid, redirect_src) VALUES (N'15011914300400258', N'ProxyAction', N'destroyProxyByUuid', N'ProxyAction.destroyProxyByUuid', N'Store', N'N', NULL, NULL, N'14043017114000058', NULL);
INSERT Proxy (UUID, Proxy_Action, Proxy_Method, description, Proxy_Type, need_redirect, redirect_Proxy_Action, redirect_Proxy_Method, application_head_uuid, redirect_src) VALUES (N'15011914300400260', N'SiteMapAction', N'loadSiteMapTree', N'SiteMapAction.loadSiteMapTree', N'TreeStore', N'N', NULL, NULL, N'14043017114000058', NULL);
INSERT Proxy (UUID, Proxy_Action, Proxy_Method, description, Proxy_Type, need_redirect, redirect_Proxy_Action, redirect_Proxy_Method, application_head_uuid, redirect_src) VALUES (N'15011914300400262', N'SiteMapAction', N'loadTreeRoot', N'SiteMapAction.loadTreeRoot', N'Store', N'N', NULL, NULL, N'14043017114000058', NULL);
INSERT Proxy (UUID, Proxy_Action, Proxy_Method, description, Proxy_Type, need_redirect, redirect_Proxy_Action, redirect_Proxy_Method, application_head_uuid, redirect_src) VALUES (N'15011914300400264', N'SiteMapAction', N'load', N'SiteMapAction.load', N'Store', N'N', NULL, NULL, N'14043017114000058', NULL);
INSERT Proxy (UUID, Proxy_Action, Proxy_Method, description, Proxy_Type, need_redirect, redirect_Proxy_Action, redirect_Proxy_Method, application_head_uuid, redirect_src) VALUES (N'15011914300400266', N'SiteMapAction', N'loadThisApplication', N'SiteMapAction.loadThisApplication', N'Store', N'N', NULL, NULL, N'14043017114000058', NULL);
INSERT Proxy (UUID, Proxy_Action, Proxy_Method, description, Proxy_Type, need_redirect, redirect_Proxy_Action, redirect_Proxy_Method, application_head_uuid, redirect_src) VALUES (N'15011914300400268', N'SiteMapAction', N'submit', N'SiteMapAction.submit', N'Form', N'N', NULL, NULL, N'14043017114000058', NULL);
INSERT Proxy (UUID, Proxy_Action, Proxy_Method, description, Proxy_Type, need_redirect, redirect_Proxy_Action, redirect_Proxy_Method, application_head_uuid, redirect_src) VALUES (N'15011914300400270', N'SiteMapAction', N'info', N'SiteMapAction.info', N'Store', N'N', NULL, NULL, N'14043017114000058', NULL);
INSERT Proxy (UUID, Proxy_Action, Proxy_Method, description, Proxy_Type, need_redirect, redirect_Proxy_Action, redirect_Proxy_Method, application_head_uuid, redirect_src) VALUES (N'15011914300400272', N'SiteMapAction', N'destroyByUuid', N'SiteMapAction.destroyByUuid', N'Store', N'N', NULL, NULL, N'14043017114000058', NULL);
INSERT Proxy (UUID, Proxy_Action, Proxy_Method, description, Proxy_Type, need_redirect, redirect_Proxy_Action, redirect_Proxy_Method, application_head_uuid, redirect_src) VALUES (N'15011914300400274', N'SiteMapAction', N'setSiteMapIsActive', N'SiteMapAction.setSiteMapIsActive', N'Store', N'N', NULL, NULL, N'14043017114000058', NULL);
INSERT Proxy (UUID, Proxy_Action, Proxy_Method, description, Proxy_Type, need_redirect, redirect_Proxy_Action, redirect_Proxy_Method, application_head_uuid, redirect_src) VALUES (N'15011914300400276', N'SiteMapAction', N'deleteSiteMap', N'SiteMapAction.deleteSiteMap', N'Store', N'N', NULL, NULL, N'14043017114000058', NULL);
INSERT Proxy (UUID, Proxy_Action, Proxy_Method, description, Proxy_Type, need_redirect, redirect_Proxy_Action, redirect_Proxy_Method, application_head_uuid, redirect_src) VALUES (N'15011914300400278', N'SiteMapAction', N'addSiteMap', N'SiteMapAction.addSiteMap', N'Store', N'N', NULL, NULL, N'14043017114000058', NULL);
INSERT Proxy (UUID, Proxy_Action, Proxy_Method, description, Proxy_Type, need_redirect, redirect_Proxy_Action, redirect_Proxy_Method, application_head_uuid, redirect_src) VALUES (N'15011914300400280', N'UserAction', N'logon', N'UserAction.logon', N'Form', N'N', NULL, NULL, N'14043017114000058', NULL);
INSERT Proxy (UUID, Proxy_Action, Proxy_Method, description, Proxy_Type, need_redirect, redirect_Proxy_Action, redirect_Proxy_Method, application_head_uuid, redirect_src) VALUES (N'15011914300400282', N'UserAction', N'forgetPassword', N'UserAction.forgetPassword', N'Form', N'N', NULL, NULL, N'14043017114000058', NULL);
INSERT Proxy (UUID, Proxy_Action, Proxy_Method, description, Proxy_Type, need_redirect, redirect_Proxy_Action, redirect_Proxy_Method, application_head_uuid, redirect_src) VALUES (N'15011914300400284', N'UserAction', N'keepSession', N'UserAction.keepSession', N'Load', N'N', NULL, NULL, N'14043017114000058', NULL);
INSERT Proxy (UUID, Proxy_Action, Proxy_Method, description, Proxy_Type, need_redirect, redirect_Proxy_Action, redirect_Proxy_Method, application_head_uuid, redirect_src) VALUES (N'15011914300400286', N'UserAction', N'getUserInfo', N'UserAction.getUserInfo', N'Load', N'N', NULL, NULL, N'14043017114000058', NULL);
INSERT Proxy (UUID, Proxy_Action, Proxy_Method, description, Proxy_Type, need_redirect, redirect_Proxy_Action, redirect_Proxy_Method, application_head_uuid, redirect_src) VALUES (N'15011914300400288', N'UtilAction', N'getUid', N'UtilAction.getUid', N'Load', N'N', NULL, NULL, N'14043017114000058', NULL);
INSERT Proxy (UUID, Proxy_Action, Proxy_Method, description, Proxy_Type, need_redirect, redirect_Proxy_Action, redirect_Proxy_Method, application_head_uuid, redirect_src) VALUES (N'15011914300400290', N'ProxyAction', N'loadVAppmenuProxyMap', N'ProxyAction.loadVAppmenuProxyMap', N'Store', N'N', NULL, NULL, N'14043017114000058', NULL);
INSERT Proxy (UUID, Proxy_Action, Proxy_Method, description, Proxy_Type, need_redirect, redirect_Proxy_Action, redirect_Proxy_Method, application_head_uuid, redirect_src) VALUES (N'15011914300400292', N'ProxyAction', N'loadAppmenuProxyMapUnSelected', N'ProxyAction.loadAppmenuProxyMapUnSelected', N'Store', N'N', NULL, NULL, N'14043017114000058', NULL);
INSERT Proxy (UUID, Proxy_Action, Proxy_Method, description, Proxy_Type, need_redirect, redirect_Proxy_Action, redirect_Proxy_Method, application_head_uuid, redirect_src) VALUES (N'15011914300400294', N'ProxyAction', N'addAppmenuProxyMap', N'ProxyAction.addAppmenuProxyMap', N'Store', N'N', NULL, NULL, N'14043017114000058', NULL);
INSERT Proxy (UUID, Proxy_Action, Proxy_Method, description, Proxy_Type, need_redirect, redirect_Proxy_Action, redirect_Proxy_Method, application_head_uuid, redirect_src) VALUES (N'15011914300400296', N'ProxyAction', N'removeAppmenuProxyMap', N'ProxyAction.removeAppmenuProxyMap', N'Store', N'N', NULL, NULL, N'14043017114000058', NULL);
INSERT Proxy (UUID, Proxy_Action, Proxy_Method, description, Proxy_Type, need_redirect, redirect_Proxy_Action, redirect_Proxy_Method, application_head_uuid, redirect_src) VALUES (N'15011914300400298', N'AuthorityAction', N'loadAppmenuTree', N'AuthorityAction.loadAppmenuTree', N'TreeStore', N'N', NULL, NULL, N'14043017114000058', NULL);

INSERT Proxy (UUID, Proxy_Action, Proxy_Method, description, Proxy_Type, need_redirect, redirect_Proxy_Action, redirect_Proxy_Method, application_head_uuid, redirect_src) VALUES (N'15011914300400408', N'ServerAction', N'loadCpuInfo', N'ServerAction.loadCpuInfo', N'Load', N'N', NULL, NULL, N'14043017114000058', NULL);

INSERT Proxy (UUID, Proxy_Action, Proxy_Method, description, Proxy_Type, need_redirect, redirect_Proxy_Action, redirect_Proxy_Method, application_head_uuid, redirect_src) VALUES (N'15011914300400412', N'ServerAction', N'loadDisk', N'ServerAction.loadDisk', N'Load', N'N', NULL, NULL, N'14043017114000058', NULL);

INSERT Proxy (UUID, Proxy_Action, Proxy_Method, description, Proxy_Type, need_redirect, redirect_Proxy_Action, redirect_Proxy_Method, application_head_uuid, redirect_src) VALUES (N'15011914300400416', N'ServerAction', N'loadMemoryInfo', N'ServerAction.loadMemoryInfo', N'Load', N'N', NULL, NULL, N'14043017114000058', NULL);

INSERT Proxy (UUID, Proxy_Action, Proxy_Method, description, Proxy_Type, need_redirect, redirect_Proxy_Action, redirect_Proxy_Method, application_head_uuid, redirect_src) VALUES (N'15011914300400420', N'ServerAction', N'loadOSInfo', N'ServerAction.loadOSInfo', N'Load', N'N', NULL, NULL, N'14043017114000058', NULL);

INSERT Proxy (UUID, Proxy_Action, Proxy_Method, description, Proxy_Type, need_redirect, redirect_Proxy_Action, redirect_Proxy_Method, application_head_uuid, redirect_src) VALUES (N'15011914300400424', N'ServerAction', N'loadRuntimeCpuMem', N'ServerAction.loadRuntimeCpuMem', N'Load', N'N', NULL, NULL, N'14043017114000058', NULL);




INSERT APPMENU_PROXY_MAP (uuid, proxy_uuid, appMenu_uuid) VALUES (N'15011914300400300', N'15011914300400136', N'15011914300400088');
INSERT APPMENU_PROXY_MAP (uuid, proxy_uuid, appMenu_uuid) VALUES (N'15011914300400302', N'15011914300400158', N'15011914300400092');
INSERT APPMENU_PROXY_MAP (uuid, proxy_uuid, appMenu_uuid) VALUES (N'15011914300400304', N'15011914300400160', N'15011914300400092');
INSERT APPMENU_PROXY_MAP (uuid, proxy_uuid, appMenu_uuid) VALUES (N'15011914300400306', N'15011914300400162', N'15011914300400092');
INSERT APPMENU_PROXY_MAP (uuid, proxy_uuid, appMenu_uuid) VALUES (N'15011914300400308', N'15011914300400140', N'15011914300400054');
INSERT APPMENU_PROXY_MAP (uuid, proxy_uuid, appMenu_uuid) VALUES (N'15011914300400310', N'15011914300400146', N'15011914300400054');
INSERT APPMENU_PROXY_MAP (uuid, proxy_uuid, appMenu_uuid) VALUES (N'15011914300400312', N'15011914300400144', N'15011914300400054');
INSERT APPMENU_PROXY_MAP (uuid, proxy_uuid, appMenu_uuid) VALUES (N'15011914300400314', N'15011914300400148', N'15011914300400094');
INSERT APPMENU_PROXY_MAP (uuid, proxy_uuid, appMenu_uuid) VALUES (N'15011914300400316', N'15011914300400152', N'15011914300400094');
INSERT APPMENU_PROXY_MAP (uuid, proxy_uuid, appMenu_uuid) VALUES (N'15011914300400318', N'15011914300400150', N'15011914300400094');
INSERT APPMENU_PROXY_MAP (uuid, proxy_uuid, appMenu_uuid) VALUES (N'15011914300400320', N'15011914300400154', N'15011914300400094');
INSERT APPMENU_PROXY_MAP (uuid, proxy_uuid, appMenu_uuid) VALUES (N'15011914300400322', N'15011914300400234', N'15011914300400098');
INSERT APPMENU_PROXY_MAP (uuid, proxy_uuid, appMenu_uuid) VALUES (N'15011914300400324', N'15011914300400236', N'15011914300400098');
INSERT APPMENU_PROXY_MAP (uuid, proxy_uuid, appMenu_uuid) VALUES (N'15011914300400326', N'15011914300400238', N'15011914300400098');
INSERT APPMENU_PROXY_MAP (uuid, proxy_uuid, appMenu_uuid) VALUES (N'15011914300400328', N'15011914300400240', N'15011914300400098');
INSERT APPMENU_PROXY_MAP (uuid, proxy_uuid, appMenu_uuid) VALUES (N'15011914300400330', N'15011914300400242', N'15011914300400098');
INSERT APPMENU_PROXY_MAP (uuid, proxy_uuid, appMenu_uuid) VALUES (N'15011914300400332', N'15011914300400244', N'15011914300400098');
INSERT APPMENU_PROXY_MAP (uuid, proxy_uuid, appMenu_uuid) VALUES (N'15011914300400334', N'15011914300400246', N'15011914300400098');
INSERT APPMENU_PROXY_MAP (uuid, proxy_uuid, appMenu_uuid) VALUES (N'15011914300400336', N'15011914300400248', N'15011914300400098');
INSERT APPMENU_PROXY_MAP (uuid, proxy_uuid, appMenu_uuid) VALUES (N'15011914300400338', N'15011914300400250', N'15011914300400098');
INSERT APPMENU_PROXY_MAP (uuid, proxy_uuid, appMenu_uuid) VALUES (N'15011914300400340', N'15011914300400252', N'15011914300400098');
INSERT APPMENU_PROXY_MAP (uuid, proxy_uuid, appMenu_uuid) VALUES (N'15011914300400342', N'15011914300400254', N'15011914300400098');
INSERT APPMENU_PROXY_MAP (uuid, proxy_uuid, appMenu_uuid) VALUES (N'15011914300400344', N'15011914300400256', N'15011914300400098');
INSERT APPMENU_PROXY_MAP (uuid, proxy_uuid, appMenu_uuid) VALUES (N'15011914300400346', N'15011914300400258', N'15011914300400098');
INSERT APPMENU_PROXY_MAP (uuid, proxy_uuid, appMenu_uuid) VALUES (N'15011914300400348', N'15011914300400266', N'15011914300400098');
INSERT APPMENU_PROXY_MAP (uuid, proxy_uuid, appMenu_uuid) VALUES (N'15011914300400350', N'15011914300400290', N'15011914300400098');
INSERT APPMENU_PROXY_MAP (uuid, proxy_uuid, appMenu_uuid) VALUES (N'15011914300400352', N'15011914300400186', N'15011914300400080');
INSERT APPMENU_PROXY_MAP (uuid, proxy_uuid, appMenu_uuid) VALUES (N'15011914300400354', N'15011914300400188', N'15011914300400080');
INSERT APPMENU_PROXY_MAP (uuid, proxy_uuid, appMenu_uuid) VALUES (N'15011914300400356', N'15011914300400190', N'15011914300400080');
INSERT APPMENU_PROXY_MAP (uuid, proxy_uuid, appMenu_uuid) VALUES (N'15011914300400358', N'15011914300400292', N'15011914300400098');
INSERT APPMENU_PROXY_MAP (uuid, proxy_uuid, appMenu_uuid) VALUES (N'15011914300400360', N'15011914300400294', N'15011914300400098');
INSERT APPMENU_PROXY_MAP (uuid, proxy_uuid, appMenu_uuid) VALUES (N'15011914300400362', N'15011914300400296', N'15011914300400098');
INSERT APPMENU_PROXY_MAP (uuid, proxy_uuid, appMenu_uuid) VALUES (N'15011914300400364', N'15011914300400262', N'15011914300400096');
INSERT APPMENU_PROXY_MAP (uuid, proxy_uuid, appMenu_uuid) VALUES (N'15011914300400366', N'15011914300400260', N'15011914300400096');
INSERT APPMENU_PROXY_MAP (uuid, proxy_uuid, appMenu_uuid) VALUES (N'15011914300400368', N'15011914300400278', N'15011914300400096');
INSERT APPMENU_PROXY_MAP (uuid, proxy_uuid, appMenu_uuid) VALUES (N'15011914300400370', N'15011914300400276', N'15011914300400096');
INSERT APPMENU_PROXY_MAP (uuid, proxy_uuid, appMenu_uuid) VALUES (N'15011914300400372', N'15011914300400164', N'15011914300400086');
INSERT APPMENU_PROXY_MAP (uuid, proxy_uuid, appMenu_uuid) VALUES (N'15011914300400374', N'15011914300400200', N'15011914300400086');
INSERT APPMENU_PROXY_MAP (uuid, proxy_uuid, appMenu_uuid) VALUES (N'15011914300400376', N'15011914300400202', N'15011914300400086');
INSERT APPMENU_PROXY_MAP (uuid, proxy_uuid, appMenu_uuid) VALUES (N'15011914300400378', N'15011914300400204', N'15011914300400086');
INSERT APPMENU_PROXY_MAP (uuid, proxy_uuid, appMenu_uuid) VALUES (N'15011914300400380', N'15011914300400192', N'15011914300400086');
INSERT APPMENU_PROXY_MAP (uuid, proxy_uuid, appMenu_uuid) VALUES (N'15011914300400382', N'15011914300400166', N'15011914300400086');
INSERT APPMENU_PROXY_MAP (uuid, proxy_uuid, appMenu_uuid) VALUES (N'15011914300400384', N'15011914300400170', N'15011914300400086');
INSERT APPMENU_PROXY_MAP (uuid, proxy_uuid, appMenu_uuid) VALUES (N'15011914300400386', N'15011914300400168', N'15011914300400086');
INSERT APPMENU_PROXY_MAP (uuid, proxy_uuid, appMenu_uuid) VALUES (N'15011914300400388', N'15011914300400194', N'15011914300400086');
INSERT APPMENU_PROXY_MAP (uuid, proxy_uuid, appMenu_uuid) VALUES (N'15011914300400390', N'15011914300400196', N'15011914300400086');
INSERT APPMENU_PROXY_MAP (uuid, proxy_uuid, appMenu_uuid) VALUES (N'15011914300400392', N'15011914300400198', N'15011914300400086');
INSERT APPMENU_PROXY_MAP (uuid, proxy_uuid, appMenu_uuid) VALUES (N'15011914300400394', N'15011914300400206', N'15011914300400086');
INSERT APPMENU_PROXY_MAP (uuid, proxy_uuid, appMenu_uuid) VALUES (N'15011914300400396', N'15011914300400134', N'15011914300400088');
INSERT APPMENU_PROXY_MAP (uuid, proxy_uuid, appMenu_uuid) VALUES (N'15011914300400398', N'15011914300400138', N'15011914300400088');

INSERT APPMENU_PROXY_MAP (uuid, proxy_uuid, appMenu_uuid) VALUES (N'15011914300400406', N'15011914300400408', N'15011914300400080');
INSERT APPMENU_PROXY_MAP (uuid, proxy_uuid, appMenu_uuid) VALUES (N'15011914300400410', N'15011914300400412', N'15011914300400080');
INSERT APPMENU_PROXY_MAP (uuid, proxy_uuid, appMenu_uuid) VALUES (N'15011914300400414', N'15011914300400416', N'15011914300400080');
INSERT APPMENU_PROXY_MAP (uuid, proxy_uuid, appMenu_uuid) VALUES (N'15011914300400418', N'15011914300400420', N'15011914300400080');
INSERT APPMENU_PROXY_MAP (uuid, proxy_uuid, appMenu_uuid) VALUES (N'15011914300400422', N'15011914300400424', N'15011914300400080');

INSERT APPPAGE (uuid, is_active, create_date, create_user, update_date, update_user, id, name, description, url, parameter_class, application_head_uuid, p_mode) VALUES (N'15011914300400130', N'Y', NOW(), N'14043017113900056', NOW(), N'14043017113900056', N'資源維護', N'資源維護', N'資源維護', N'~/admin/system/proxy.aspx', N'', N'14043017114000058', N'');

INSERT SITEMAP (uuid, is_active, create_date, create_user, update_date, update_user, sitemap_uuid, apppage_uuid, root_uuid, haschild, application_head_uuid) VALUES (N'15011914300400404', N'Y', NOW(), N'14043017113900056', NULL, N'14043017113900056', NULL, N'15011914300400130', N'15011914300400058', N'Y', N'14043017114000058');

INSERT APPMENU (uuid, is_active, create_date, create_user, update_date, update_user, name_zh_tw, name_zh_cn, name_en_us, id, appmenu_uuid, haschild, application_head_uuid, ord, parameter_class, image, sitemap_uuid, action_mode, is_default_page, is_admin) VALUES (N'15011914300400132', N'Y', NOW(), N'14043017113900056', NOW(), N'14043017113900056', N'資源', N'資源', N'資源', N'PROXY', N'15011914300400084', N'N', N'14043017114000058', 5, NULL, N'~/css/images/source.png', N'15011914300400404', NULL, N'N', N'Y');

INSERT GROUP_APPMENU (uuid, is_active, create_date, create_user, update_date, update_user, appmenu_uuid, group_head_uuid, is_default_page) VALUES (N'15011914300400402', N'Y', NOW(), N'14043017113900056',NOW(), NULL, N'15011914300400132', N'15011914300400050', N'N');




INSERT APPPAGE (uuid, is_active, create_date, create_user, update_date, update_user, id, name, description, url, parameter_class, application_head_uuid, p_mode) VALUES (N'15011914300400426', N'Y',NOW(), N'14043017113900056', NOW(), N'14043017113900056', N'SCHEDULE', N'排程工作', N'排程工作', N'~/admin/jobs/schedule.aspx', N'', N'14043017114000058', N'');

INSERT SITEMAP (uuid, is_active, create_date, create_user, update_date, update_user, sitemap_uuid, apppage_uuid, root_uuid, haschild, application_head_uuid) VALUES (N'15011914300400428', N'Y', NOW(), N'14043017113900056', NOW(), N'14043017113900056', N'15011914300400058', N'15011914300400426', N'15011914300400058', N'Y', N'14043017114000058');

INSERT APPMENU (uuid, is_active, create_date, create_user, update_date, update_user, name_zh_tw, name_zh_cn, name_en_us, id, appmenu_uuid, haschild, application_head_uuid, ord, parameter_class, image, sitemap_uuid, action_mode, is_default_page, is_admin) VALUES (N'15011914300400430', N'Y', NOW(), N'14043017113900056', NOW(), N'14043017113900056', N'排程工作', N'排程工作', N'排程工作', N'ScheduleJob',N'15011914300400080', N'N', N'14043017114000058', 3, NULL, N'~/css/images/schedule.png', N'15011914300400428', NULL, N'N', N'N');

INSERT Proxy (UUID, Proxy_Action, Proxy_Method, description, Proxy_Type, need_redirect, redirect_Proxy_Action, redirect_Proxy_Method, application_head_uuid, redirect_src) VALUES (N'15011914300400432', N'ScheduleAction', N'loadSchedule', N'ScheduleAction.loadSchedule', N'Store', N'N', NULL, NULL, N'14043017114000058', NULL);

INSERT Proxy (UUID, Proxy_Action, Proxy_Method, description, Proxy_Type, need_redirect, redirect_Proxy_Action, redirect_Proxy_Method, application_head_uuid, redirect_src) VALUES (N'15011914300400434', N'ScheduleAction', N'infoSchedule', N'ScheduleAction.infoSchedule', N'Load', N'N', NULL, NULL, N'14043017114000058', NULL);

INSERT Proxy (UUID, Proxy_Action, Proxy_Method, description, Proxy_Type, need_redirect, redirect_Proxy_Action, redirect_Proxy_Method, application_head_uuid, redirect_src) VALUES (N'15011914300400436', N'ScheduleAction', N'deleteSchedule', N'ScheduleAction.deleteSchedule', N'Load', N'N', NULL, NULL, N'14043017114000058', NULL);

INSERT Proxy (UUID, Proxy_Action, Proxy_Method, description, Proxy_Type, need_redirect, redirect_Proxy_Action, redirect_Proxy_Method, application_head_uuid, redirect_src) VALUES (N'15011914300400438', N'ScheduleAction', N'submitSchedule', N'ScheduleAction.submitSchedule', N'Form', N'N', NULL, NULL, N'14043017114000058', NULL);

INSERT APPMENU_PROXY_MAP (uuid, proxy_uuid, appMenu_uuid) VALUES (N'15011914300400440', N'15011914300400432', N'15011914300400430');

INSERT APPMENU_PROXY_MAP (uuid, proxy_uuid, appMenu_uuid) VALUES (N'15011914300400442', N'15011914300400434', N'15011914300400430');

INSERT APPMENU_PROXY_MAP (uuid, proxy_uuid, appMenu_uuid) VALUES (N'15011914300400444', N'15011914300400436', N'15011914300400430');

INSERT APPMENU_PROXY_MAP (uuid, proxy_uuid, appMenu_uuid) VALUES (N'15011914300400446', N'15011914300400438', N'15011914300400430');

INSERT GROUP_APPMENU (uuid, is_active, create_date, create_user, update_date, update_user, appmenu_uuid, group_head_uuid, is_default_page) VALUES (N'15011914300400448', N'Y', NOW(), N'14043017113900056', NOW(), NULL, N'15011914300400430', N'15011914300400050', N'N');

INSERT SCHEDULE (UUID, SCHEDULE_NAME, SCHEDULE_END_DATE, LAST_RUN_TIME, LAST_RUN_STATUS, IS_CYCLE, SINGLE_DATE, HOUR, MINUTE, CYCLE_TYPE, C_MINUTE, C_HOUR, C_DAY, C_WEEK, C_DAY_OF_WEEK, C_MONTH, C_DAY_OF_MONTH, C_WEEK_OF_MONTH, C_YEAR, C_WEEK_OF_YEAR, RUN_URL, RUN_URL_PARAMETER, RUN_ATTENDANT_UUID, IS_ACTIVE, START_DATE, RUN_SECURITY, EXPEND_ALL, contiune_dateTime) VALUES (N'15011914300400450', N'每10分執行一次', NOW(), NOW(), N'OK', N'Y', NULL, NULL, NULL, N'每分重複', 10, NULL, NULL, NULL, NULL, NULL, NULL, NULL, NULL, NULL, N'http://localhost/WebTemplate3/admin/jobs/sampleJob1.ashx', NULL, NULL, N'Y', NOW(), N'localhost', N'N', NOW());