INSERT COMPANY (uuid, create_date, update_date, is_active, class, id, c_name, e_name, voucher_point_uuid, week_shift, ou_sync_type, name_zh_cn, concurrent_user, expired_date, sales_attendant_uuid) VALUES (N'14043017113800054', NOW(), NOW(), N'Y', N'CLASS', N'myCompany', N'myCompany', N'myCompany', NULL, 0, N'N', N'myCompany', NULL, NULL, NULL);

INSERT APPLICATION_HEAD (uuid, create_date, update_date, is_active, name, description, id, create_user, update_user, web_site) VALUES (N'14043017114000058', NOW(), NOW(), N'Y', N'LKWebTemplate4', N'LKWebTemplate4', N'14043017114000058', N'14043017113900056', N'14043017113900056', NULL);

INSERT APPPAGE (uuid, is_active, create_date, create_user, update_date, update_user, id, name, description, url, parameter_class, application_head_uuid, p_mode) VALUES (N'15051117472000479', N'Y', NOW(), N'14043017113900056', NOW(), N'14043017113900056', N'company', N'公司維護', N'公司維護', N'~/admin/basic/company.aspx', N'', N'14043017114000058', N'');
INSERT APPPAGE (uuid, is_active, create_date, create_user, update_date, update_user, id, name, description, url, parameter_class, application_head_uuid, p_mode) VALUES (N'15051117472000481', N'Y', NOW(), N'14043017113900056', NOW(), N'14043017113900056', N'dept', N'部門維護', N'部門維護', N'~/admin/basic/dept.aspx', N'', N'14043017114000058', N'');
INSERT APPPAGE (uuid, is_active, create_date, create_user, update_date, update_user, id, name, description, url, parameter_class, application_head_uuid, p_mode) VALUES (N'15051117472000483', N'Y', NOW(), N'14043017113900056', NOW(), N'14043017113900056', N'attendant', N'人員維護', N'人員維護', N'~/admin/basic/attendant.aspx', N'', N'14043017114000058', N'');
INSERT APPPAGE (uuid, is_active, create_date, create_user, update_date, update_user, id, name, description, url, parameter_class, application_head_uuid, p_mode) VALUES (N'15051117472000485', N'Y', NOW(), N'14043017113900056', NOW(), N'14043017113900056', N'system', N'系統', N'系統', N'~/admin/system/system.aspx', N'', N'14043017114000058', N'');
INSERT APPPAGE (uuid, is_active, create_date, create_user, update_date, update_user, id, name, description, url, parameter_class, application_head_uuid, p_mode) VALUES (N'15051117472000487', N'Y', NOW(), N'14043017113900056', NOW(), N'14043017113900056', N'function', N'功能', N'功能', N'~/admin/system/function.aspx', N'', N'14043017114000058', N'');
INSERT APPPAGE (uuid, is_active, create_date, create_user, update_date, update_user, id, name, description, url, parameter_class, application_head_uuid, p_mode) VALUES (N'15051117472000489', N'Y', NOW(), N'14043017113900056', NOW(), N'14043017113900056', N'sitemap', N'Site Map', N'Site Map', N'~/admin/system/sitemap.aspx', N'', N'14043017114000058', N'');
INSERT APPPAGE (uuid, is_active, create_date, create_user, update_date, update_user, id, name, description, url, parameter_class, application_head_uuid, p_mode) VALUES (N'15051117472000491', N'Y', NOW(), N'14043017113900056', NOW(), N'14043017113900056', N'menu', N'選單', N'選單', N'~/admin/system/menu.aspx', N'', N'14043017114000058', N'');
INSERT APPPAGE (uuid, is_active, create_date, create_user, update_date, update_user, id, name, description, url, parameter_class, application_head_uuid, p_mode) VALUES (N'15051117472000493', N'Y', NOW(), N'14043017113900056', NOW(), N'14043017113900056', N'authority', N'權限維護', N'權限維護', N'~/admin/authority/authority/grouphead_query.aspx', N'', N'14043017114000058', N'');


INSERT ATTENDANT (uuid, create_date, update_date, is_active, company_uuid, account, c_name, e_name, email, password, is_supper, is_admin, code_page, department_uuid, phone, site_uuid, gender, birthday, hire_date, quit_date, is_manager, is_direct, grade, id, src_uuid, is_default_pass) VALUES (N'14043017113900056', NOW(), NOW(), N'Y', N'14043017113800054', N'myAdmin', N'管理者', N'Admin', N'canred.chen@gmail.com', N'myAdmin', N'N', N'Y', N'TW', NULL, NULL, NULL, N'M', NULL, NULL, NULL, N'N', N'N', NULL, N'myAdmin', NULL, N'Y');


INSERT GROUP_HEAD (uuid, create_date, update_date, is_active, name_zh_tw, name_zh_cn, name_en_us, company_uuid, id, create_user, update_user, application_head_uuid) VALUES (N'15051117472000495', NOW(), NOW(), N'Y', N'管理者', N'管理者', N'admin', N'14043017113800054', N'admin', N'14043017113900056', NULL, N'14043017114000058');




INSERT GROUP_ATTENDANT (uuid, is_active, create_date, create_user, update_date, update_user, group_head_uuid, attendant_uuid) VALUES (N'15051117472000497', N'Y', NOW(), N'14043017113900056', NOW(), N'14043017113900056', N'15051117472000495', N'14043017113900056');

INSERT APPPAGE (uuid, is_active, create_date, create_user, update_date, update_user, id, name, description, url, parameter_class, application_head_uuid, p_mode) VALUES (N'15051117472000501', N'Y', NOW(), N'14043017113900056', NOW(), N'14043017113900056', N'gwp_query', N'全球暖化潛勢(GWP)值維護', N'全球暖化潛勢(GWP)值維護', N'~/gwp/gwp_query.aspx', N'', N'14043017114000058', N'');
INSERT APPMENU (uuid, is_active, create_date, create_user, update_date, update_user, name_zh_tw, name_zh_cn, name_en_us, id, appmenu_uuid, haschild, application_head_uuid, ord, parameter_class, image, sitemap_uuid, action_mode, is_default_page, is_admin) VALUES (N'15051117472000499', N'Y', NOW(), N'14043017113900056', NOW(), N'14043017113900056', N'系統', N'系統', N'system', N'system', N'15051117472000499', N'Y', N'14043017114000058', 0, NULL, NULL, NULL, NULL, N'N', N'Y');


INSERT SITEMAP (uuid, is_active, create_date, create_user, update_date, update_user, sitemap_uuid, apppage_uuid, root_uuid, haschild, application_head_uuid) VALUES (N'15051117472000503', N'Y', NOW(), N'14043017113900056', NULL, N'14043017113900056', NULL, N'15051117472000501', N'15051117472000503', N'Y', N'14043017114000058');




INSERT SITEMAP (uuid, is_active, create_date, create_user, update_date, update_user, sitemap_uuid, apppage_uuid, root_uuid, haschild, application_head_uuid) VALUES (N'15051117472000505', N'Y', NOW(), N'14043017113900056', NOW(), N'14043017113900056', N'15051117472000503', N'15051117472000501', N'15051117472000503', N'Y', N'14043017114000058');


INSERT SITEMAP (uuid, is_active, create_date, create_user, update_date, update_user, sitemap_uuid, apppage_uuid, root_uuid, haschild, application_head_uuid) VALUES (N'15051117472000507', N'Y', NOW(), N'14043017113900056', NOW(), N'14043017113900056', N'15051117472000503', N'15051117472000479', N'15051117472000503', N'Y', N'14043017114000058');
INSERT SITEMAP (uuid, is_active, create_date, create_user, update_date, update_user, sitemap_uuid, apppage_uuid, root_uuid, haschild, application_head_uuid) VALUES (N'15051117472000509', N'Y', NOW(), N'14043017113900056', NOW(), N'14043017113900056', N'15051117472000503', N'15051117472000481', N'15051117472000503', N'Y', N'14043017114000058');
INSERT SITEMAP (uuid, is_active, create_date, create_user, update_date, update_user, sitemap_uuid, apppage_uuid, root_uuid, haschild, application_head_uuid) VALUES (N'15051117472000511', N'Y', NOW(), N'14043017113900056', NOW(), N'14043017113900056', N'15051117472000503', N'15051117472000483', N'15051117472000503', N'Y', N'14043017114000058');
INSERT SITEMAP (uuid, is_active, create_date, create_user, update_date, update_user, sitemap_uuid, apppage_uuid, root_uuid, haschild, application_head_uuid) VALUES (N'15051117472000513', N'Y', NOW(), N'14043017113900056', NOW(), N'14043017113900056', N'15051117472000503', N'15051117472000485', N'15051117472000503', N'Y', N'14043017114000058');
INSERT SITEMAP (uuid, is_active, create_date, create_user, update_date, update_user, sitemap_uuid, apppage_uuid, root_uuid, haschild, application_head_uuid) VALUES (N'15051117472000515', N'Y', NOW(), N'14043017113900056', NOW(), N'14043017113900056', N'15051117472000503', N'15051117472000487', N'15051117472000503', N'Y', N'14043017114000058');
INSERT SITEMAP (uuid, is_active, create_date, create_user, update_date, update_user, sitemap_uuid, apppage_uuid, root_uuid, haschild, application_head_uuid) VALUES (N'15051117472000517', N'Y', NOW(), N'14043017113900056', NOW(), N'14043017113900056', N'15051117472000503', N'15051117472000489', N'15051117472000503', N'Y', N'14043017114000058');
INSERT SITEMAP (uuid, is_active, create_date, create_user, update_date, update_user, sitemap_uuid, apppage_uuid, root_uuid, haschild, application_head_uuid) VALUES (N'15051117472000519', N'Y', NOW(), N'14043017113900056', NOW(), N'14043017113900056', N'15051117472000503', N'15051117472000491', N'15051117472000503', N'Y', N'14043017114000058');
INSERT SITEMAP (uuid, is_active, create_date, create_user, update_date, update_user, sitemap_uuid, apppage_uuid, root_uuid, haschild, application_head_uuid) VALUES (N'15051117472000521', N'Y', NOW(), N'14043017113900056', NOW(), N'14043017113900056', N'15051117472000503', N'15051117472000493', N'15051117472000503', N'Y', N'14043017114000058');

INSERT APPMENU (uuid, is_active, create_date, create_user, update_date, update_user, name_zh_tw, name_zh_cn, name_en_us, id, appmenu_uuid, haschild, application_head_uuid, ord, parameter_class, image, sitemap_uuid, action_mode, is_default_page, is_admin) VALUES (N'15051117472000523', N'Y', NOW(), N'14043017113900056', NOW(), N'14043017113900056', N'ROOT', N'ROOT', N'ROOT', N'15051117472000523', NULL, N'Y', N'14043017114000058', 1, NULL, NULL, N'15051117472000503', NULL, N'N', N'N');


INSERT APPMENU (uuid, is_active, create_date, create_user, update_date, update_user, name_zh_tw, name_zh_cn, name_en_us, id, appmenu_uuid, haschild, application_head_uuid, ord, parameter_class, image, sitemap_uuid, action_mode, is_default_page, is_admin) VALUES (N'15051117472000525', N'Y', NOW(), N'14043017113900056', NOW(), N'14043017113900056', N'管理者', N'管理者', N'admin', N'admin', N'15051117472000523', N'Y', N'14043017114000058', 6, NULL, '~/css/images/setting.png', NULL, NULL, N'N', N'Y');
INSERT APPMENU (uuid, is_active, create_date, create_user, update_date, update_user, name_zh_tw, name_zh_cn, name_en_us, id, appmenu_uuid, haschild, application_head_uuid, ord, parameter_class, image, sitemap_uuid, action_mode, is_default_page, is_admin) VALUES (N'15051117472000527', N'Y', NOW(), N'14043017113900056', NOW(), N'14043017113900056', N'基本資料維護', N'基本資料維護', N'basic', N'basic', N'15051117472000525', N'Y', N'14043017114000058', 0, NULL, '~/css/images/basic.png', NULL, NULL, N'N', N'Y');
INSERT APPMENU (uuid, is_active, create_date, create_user, update_date, update_user, name_zh_tw, name_zh_cn, name_en_us, id, appmenu_uuid, haschild, application_head_uuid, ord, parameter_class, image, sitemap_uuid, action_mode, is_default_page, is_admin) VALUES (N'15051117472000529', N'Y', NOW(), N'14043017113900056', NOW(), N'14043017113900056', N'系統設定', N'系統設定', N'systemSetting', N'systemSetting', N'15051117472000525', N'Y', N'14043017114000058', 1, NULL, '~/css/images/setting.png', NULL, NULL, N'N', N'Y');
INSERT APPMENU (uuid, is_active, create_date, create_user, update_date, update_user, name_zh_tw, name_zh_cn, name_en_us, id, appmenu_uuid, haschild, application_head_uuid, ord, parameter_class, image, sitemap_uuid, action_mode, is_default_page, is_admin) VALUES (N'15051117472000531', N'Y', NOW(), N'14043017113900056', NOW(), N'14043017113900056', N'權限', N'權限', N'authority', N'authority', N'15051117472000525', N'N', N'14043017114000058', 2, NULL, '~/css/images/permission.png', N'15051117472000521', NULL, N'N', N'Y');
INSERT APPMENU (uuid, is_active, create_date, create_user, update_date, update_user, name_zh_tw, name_zh_cn, name_en_us, id, appmenu_uuid, haschild, application_head_uuid, ord, parameter_class, image, sitemap_uuid, action_mode, is_default_page, is_admin) VALUES (N'15051117472000533', N'Y', NOW(), N'14043017113900056', NOW(), N'14043017113900056', N'公司維護', N'公司維護', N'company', N'company', N'15051117472000527', N'N', N'14043017114000058', 0, NULL, '~/css/images/company.png', N'15051117472000507', NULL, N'N', N'Y');






INSERT APPMENU (uuid, is_active, create_date, create_user, update_date, update_user, name_zh_tw, name_zh_cn, name_en_us, id, appmenu_uuid, haschild, application_head_uuid, ord, parameter_class, image, sitemap_uuid, action_mode, is_default_page, is_admin) VALUES (N'15051117472000535', N'Y', NOW(), N'14043017113900056', NOW(), N'14043017113900056', N'部門維護', N'部門維護', N'department', N'department', N'15051117472000527', N'N', N'14043017114000058', 1, NULL, NULL, N'15051117472000509', NULL, N'N', N'Y');
INSERT APPMENU (uuid, is_active, create_date, create_user, update_date, update_user, name_zh_tw, name_zh_cn, name_en_us, id, appmenu_uuid, haschild, application_head_uuid, ord, parameter_class, image, sitemap_uuid, action_mode, is_default_page, is_admin) VALUES (N'15051117472000537', N'Y', NOW(), N'14043017113900056', NOW(), N'14043017113900056', N'人員維護', N'人員維護', N'attendant', N'attendant', N'15051117472000527', N'N', N'14043017114000058', 2, NULL, '~/css/images/man.png', N'15051117472000511', NULL, N'N', N'Y');

INSERT APPMENU (uuid, is_active, create_date, create_user, update_date, update_user, name_zh_tw, name_zh_cn, name_en_us, id, appmenu_uuid, haschild, application_head_uuid, ord, parameter_class, image, sitemap_uuid, action_mode, is_default_page, is_admin) VALUES (N'15051117472000539', N'Y', NOW(), N'14043017113900056', NOW(), N'14043017113900056', N'功能', N'功能', N'function', N'function', N'15051117472000529', N'N', N'14043017114000058', 1, NULL, '~/css/images/function_tag.png', N'15051117472000515', NULL, N'N', N'Y');
INSERT APPMENU (uuid, is_active, create_date, create_user, update_date, update_user, name_zh_tw, name_zh_cn, name_en_us, id, appmenu_uuid, haschild, application_head_uuid, ord, parameter_class, image, sitemap_uuid, action_mode, is_default_page, is_admin) VALUES (N'15051117472000541', N'Y', NOW(), N'14043017113900056', NOW(), N'14043017113900056', N'Site Map', N'Site Map', N'Site Map', N'site_map', N'15051117472000529', N'N', N'14043017114000058', 2, NULL,  '~/css/images/map.png', N'15051117472000517', NULL, N'N', N'Y');
INSERT APPMENU (uuid, is_active, create_date, create_user, update_date, update_user, name_zh_tw, name_zh_cn, name_en_us, id, appmenu_uuid, haschild, application_head_uuid, ord, parameter_class, image, sitemap_uuid, action_mode, is_default_page, is_admin) VALUES (N'15051117472000543', N'Y', NOW(), N'14043017113900056', NOW(), N'14043017113900056', N'選單', N'選單', N'menu', N'menu', N'15051117472000529', N'N', N'14043017114000058', 3, NULL, '~/css/images/menu.png', N'15051117472000519', NULL, N'N', N'Y');
INSERT APPMENU (uuid, is_active, create_date, create_user, update_date, update_user, name_zh_tw, name_zh_cn, name_en_us, id, appmenu_uuid, haschild, application_head_uuid, ord, parameter_class, image, sitemap_uuid, action_mode, is_default_page, is_admin) VALUES (N'15051117472000545', N'Y', NOW(), N'14043017113900056', NOW(), N'14043017113900056', N'系統', N'系統', N'System', N'系統', N'15051117472000529', N'Y', N'14043017114000058', 0, NULL, '~/css/images/application.png', N'15051117472000513', NULL, N'N', N'N');
INSERT APPMENU (uuid, is_active, create_date, create_user, update_date, update_user, name_zh_tw, name_zh_cn, name_en_us, id, appmenu_uuid, haschild, application_head_uuid, ord, parameter_class, image, sitemap_uuid, action_mode, is_default_page, is_admin) VALUES (N'15051117472000547', N'N', NOW(), N'14043017113900056', NOW(), N'14043017113900056', N'權限維護', N'權限維護', N'權限維護', N'Authority2', N'15051117472000529', N'Y', N'14043017114000058',4, NULL, '~/css/images/key.png', N'15051117472000521', NULL, N'N', N'N');



INSERT GROUP_APPMENU (uuid, is_active, create_date, create_user, update_date, update_user, appmenu_uuid, group_head_uuid, is_default_page) VALUES (N'15051117472000549', N'Y', NOW(), N'14043017113900056', NOW(), NULL, N'15051117472000523', N'15051117472000495', N'N');
INSERT GROUP_APPMENU (uuid, is_active, create_date, create_user, update_date, update_user, appmenu_uuid, group_head_uuid, is_default_page) VALUES (N'15051117472000551', N'Y', NOW(), N'14043017113900056', NOW(), N'14043017113900056', N'15051117472000529', N'15051117472000495', N'N');
INSERT GROUP_APPMENU (uuid, is_active, create_date, create_user, update_date, update_user, appmenu_uuid, group_head_uuid, is_default_page) VALUES (N'15051117472000553', N'Y', NOW(), N'14043017113900056', NOW(), N'14043017113900056', N'15051117472000525', N'15051117472000495', N'N');
INSERT GROUP_APPMENU (uuid, is_active, create_date, create_user, update_date, update_user, appmenu_uuid, group_head_uuid, is_default_page) VALUES (N'15051117472000555', N'Y', NOW(), N'14043017113900056', NOW(), N'14043017113900056', N'15051117472000527', N'15051117472000495', N'N');
INSERT GROUP_APPMENU (uuid, is_active, create_date, create_user, update_date, update_user, appmenu_uuid, group_head_uuid, is_default_page) VALUES (N'15051117472000557', N'Y', NOW(), N'14043017113900056', NOW(), N'14043017113900056', N'15051117472000531', N'15051117472000495', N'N');
INSERT GROUP_APPMENU (uuid, is_active, create_date, create_user, update_date, update_user, appmenu_uuid, group_head_uuid, is_default_page) VALUES (N'15051117472000559', N'Y', NOW(), N'14043017113900056', NOW(), N'14043017113900056', N'15051117472000543', N'15051117472000495', N'N');
INSERT GROUP_APPMENU (uuid, is_active, create_date, create_user, update_date, update_user, appmenu_uuid, group_head_uuid, is_default_page) VALUES (N'15051117472000561', N'Y', NOW(), N'14043017113900056', NOW(), N'14043017113900056', N'15051117472000499', N'15051117472000495', N'N');
INSERT GROUP_APPMENU (uuid, is_active, create_date, create_user, update_date, update_user, appmenu_uuid, group_head_uuid, is_default_page) VALUES (N'15051117472000563', N'Y', NOW(), N'14043017113900056', NOW(), N'14043017113900056', N'15051117472000539', N'15051117472000495', N'N');
INSERT GROUP_APPMENU (uuid, is_active, create_date, create_user, update_date, update_user, appmenu_uuid, group_head_uuid, is_default_page) VALUES (N'15051117472000565', N'Y', NOW(), N'14043017113900056', NOW(), N'14043017113900056', N'15051117472000541', N'15051117472000495', N'N');
INSERT GROUP_APPMENU (uuid, is_active, create_date, create_user, update_date, update_user, appmenu_uuid, group_head_uuid, is_default_page) VALUES (N'15051117472000567', N'Y', NOW(), N'14043017113900056', NOW(), N'14043017113900056', N'15051117472000537', N'15051117472000495', N'N');
INSERT GROUP_APPMENU (uuid, is_active, create_date, create_user, update_date, update_user, appmenu_uuid, group_head_uuid, is_default_page) VALUES (N'15051117472000569', N'Y', NOW(), N'14043017113900056', NOW(), N'14043017113900056', N'15051117472000533', N'15051117472000495', N'N');
INSERT GROUP_APPMENU (uuid, is_active, create_date, create_user, update_date, update_user, appmenu_uuid, group_head_uuid, is_default_page) VALUES (N'15051117472000571', N'Y', NOW(), N'14043017113900056', NOW(), NULL, N'15051117472000545', N'15051117472000495', N'N');
INSERT GROUP_APPMENU (uuid, is_active, create_date, create_user, update_date, update_user, appmenu_uuid, group_head_uuid, is_default_page) VALUES (N'15051117472000573', N'Y', NOW(), N'14043017113900056', NOW(), NULL, N'15051117472000547', N'15051117472000495', N'N');

INSERT Proxy (UUID, Proxy_Action, Proxy_Method, description, Proxy_Type, need_redirect, redirect_Proxy_Action, redirect_Proxy_Method, application_head_uuid, redirect_src) VALUES (N'15051117472000579', N'AdminCompanyAction', N'loadCompany', N'AdminCompanyAction.loadCompany', N'Store', N'N', NULL, NULL, N'14043017114000058', NULL);
INSERT Proxy (UUID, Proxy_Action, Proxy_Method, description, Proxy_Type, need_redirect, redirect_Proxy_Action, redirect_Proxy_Method, application_head_uuid, redirect_src) VALUES (N'15051117472000581', N'AdminCompanyAction', N'info', N'AdminCompanyAction.info', N'Load', N'N', NULL, NULL, N'14043017114000058', NULL);
INSERT Proxy (UUID, Proxy_Action, Proxy_Method, description, Proxy_Type, need_redirect, redirect_Proxy_Action, redirect_Proxy_Method, application_head_uuid, redirect_src) VALUES (N'15051117472000583', N'AdminCompanyAction', N'submit', N'AdminCompanyAction.submit', N'Form', N'N', NULL, NULL, N'14043017114000058', NULL);
INSERT Proxy (UUID, Proxy_Action, Proxy_Method, description, Proxy_Type, need_redirect, redirect_Proxy_Action, redirect_Proxy_Method, application_head_uuid, redirect_src) VALUES (N'15051117472000585', N'ApplicationAction', N'loadApplication', N'ApplicationAction.loadApplication', N'Store', N'N', NULL, NULL, N'14043017114000058', NULL);
INSERT Proxy (UUID, Proxy_Action, Proxy_Method, description, Proxy_Type, need_redirect, redirect_Proxy_Action, redirect_Proxy_Method, application_head_uuid, redirect_src) VALUES (N'15051117472000587', N'ApplicationAction', N'getApplication', N'ApplicationAction.getApplication', N'Store', N'N', NULL, NULL, N'14043017114000058', NULL);
INSERT Proxy (UUID, Proxy_Action, Proxy_Method, description, Proxy_Type, need_redirect, redirect_Proxy_Action, redirect_Proxy_Method, application_head_uuid, redirect_src) VALUES (N'15051117472000589', N'ApplicationAction', N'submit', N'ApplicationAction.submit', N'Form', N'N', NULL, NULL, N'14043017114000058', NULL);
INSERT Proxy (UUID, Proxy_Action, Proxy_Method, description, Proxy_Type, need_redirect, redirect_Proxy_Action, redirect_Proxy_Method, application_head_uuid, redirect_src) VALUES (N'15051117472000591', N'ApplicationAction', N'info', N'ApplicationAction.info', N'Store', N'N', NULL, NULL, N'14043017114000058', NULL);
INSERT Proxy (UUID, Proxy_Action, Proxy_Method, description, Proxy_Type, need_redirect, redirect_Proxy_Action, redirect_Proxy_Method, application_head_uuid, redirect_src) VALUES (N'15051117472000593', N'AppPageAction', N'loadAppPage', N'AppPageAction.loadAppPage', N'Store', N'N', NULL, NULL, N'14043017114000058', NULL);
INSERT Proxy (UUID, Proxy_Action, Proxy_Method, description, Proxy_Type, need_redirect, redirect_Proxy_Action, redirect_Proxy_Method, application_head_uuid, redirect_src) VALUES (N'15051117472000595', N'AppPageAction', N'submit', N'AppPageAction.submit', N'Form', N'N', NULL, NULL, N'14043017114000058', NULL);
INSERT Proxy (UUID, Proxy_Action, Proxy_Method, description, Proxy_Type, need_redirect, redirect_Proxy_Action, redirect_Proxy_Method, application_head_uuid, redirect_src) VALUES (N'15051117472000597', N'AppPageAction', N'info', N'AppPageAction.info', N'Store', N'N', NULL, NULL, N'14043017114000058', NULL);
INSERT Proxy (UUID, Proxy_Action, Proxy_Method, description, Proxy_Type, need_redirect, redirect_Proxy_Action, redirect_Proxy_Method, application_head_uuid, redirect_src) VALUES (N'15051117472000599', N'AppPageAction', N'destroyByUuid', N'AppPageAction.destroyByUuid', N'Store', N'N', NULL, NULL, N'14043017114000058', NULL);
INSERT Proxy (UUID, Proxy_Action, Proxy_Method, description, Proxy_Type, need_redirect, redirect_Proxy_Action, redirect_Proxy_Method, application_head_uuid, redirect_src) VALUES (N'15051117472000601', N'AttendantAction', N'getUserName', N'AttendantAction.getUserName', N'Load', N'N', NULL, NULL, N'14043017114000058', NULL);
INSERT Proxy (UUID, Proxy_Action, Proxy_Method, description, Proxy_Type, need_redirect, redirect_Proxy_Action, redirect_Proxy_Method, application_head_uuid, redirect_src) VALUES (N'15051117472000603', N'AttendantAction', N'load', N'AttendantAction.load', N'Load', N'N', NULL, NULL, N'14043017114000058', NULL);
INSERT Proxy (UUID, Proxy_Action, Proxy_Method, description, Proxy_Type, need_redirect, redirect_Proxy_Action, redirect_Proxy_Method, application_head_uuid, redirect_src) VALUES (N'15051117472000605', N'AttendantAction', N'info', N'AttendantAction.info', N'Load', N'N', NULL, NULL, N'14043017114000058', NULL);
INSERT Proxy (UUID, Proxy_Action, Proxy_Method, description, Proxy_Type, need_redirect, redirect_Proxy_Action, redirect_Proxy_Method, application_head_uuid, redirect_src) VALUES (N'15051117472000607', N'AttendantAction', N'submit', N'AttendantAction.submit', N'Form', N'N', NULL, NULL, N'14043017114000058', NULL);
INSERT Proxy (UUID, Proxy_Action, Proxy_Method, description, Proxy_Type, need_redirect, redirect_Proxy_Action, redirect_Proxy_Method, application_head_uuid, redirect_src) VALUES (N'15051117472000609', N'AuthorityAction', N'loadAppmenuTree', N'AuthorityAction.loadAppmenuTree', N'TreeStore', N'N', NULL, NULL, N'14043017114000058', NULL);
INSERT Proxy (UUID, Proxy_Action, Proxy_Method, description, Proxy_Type, need_redirect, redirect_Proxy_Action, redirect_Proxy_Method, application_head_uuid, redirect_src) VALUES (N'15051117472000611', N'AuthorityAction', N'loadTreeRoot', N'AuthorityAction.loadTreeRoot', N'Store', N'N', NULL, NULL, N'14043017114000058', NULL);
INSERT Proxy (UUID, Proxy_Action, Proxy_Method, description, Proxy_Type, need_redirect, redirect_Proxy_Action, redirect_Proxy_Method, application_head_uuid, redirect_src) VALUES (N'15051117472000613', N'AuthorityAction', N'setGroupAppmenuIsDefaultPage', N'AuthorityAction.setGroupAppmenuIsDefaultPage', N'Store', N'N', NULL, NULL, N'14043017114000058', NULL);
INSERT Proxy (UUID, Proxy_Action, Proxy_Method, description, Proxy_Type, need_redirect, redirect_Proxy_Action, redirect_Proxy_Method, application_head_uuid, redirect_src) VALUES (N'15051117472000615', N'AuthorityAction', N'setGroupAppmenu', N'AuthorityAction.setGroupAppmenu', N'Store', N'N', NULL, NULL, N'14043017114000058', NULL);
INSERT Proxy (UUID, Proxy_Action, Proxy_Method, description, Proxy_Type, need_redirect, redirect_Proxy_Action, redirect_Proxy_Method, application_head_uuid, redirect_src) VALUES (N'15051117472000617', N'CompanyAction', N'getCompany', N'CompanyAction.getCompany', N'Store', N'N', NULL, NULL, N'14043017114000058', NULL);
INSERT Proxy (UUID, Proxy_Action, Proxy_Method, description, Proxy_Type, need_redirect, redirect_Proxy_Action, redirect_Proxy_Method, application_head_uuid, redirect_src) VALUES (N'15051117472000619', N'DeptAction', N'loadTree', N'DeptAction.loadTree', N'TreeStore', N'N', NULL, NULL, N'14043017114000058', NULL);
INSERT Proxy (UUID, Proxy_Action, Proxy_Method, description, Proxy_Type, need_redirect, redirect_Proxy_Action, redirect_Proxy_Method, application_head_uuid, redirect_src) VALUES (N'15051117472000621', N'DeptAction', N'loadTreeRoot', N'DeptAction.loadTreeRoot', N'Store', N'N', NULL, NULL, N'14043017114000058', NULL);
INSERT Proxy (UUID, Proxy_Action, Proxy_Method, description, Proxy_Type, need_redirect, redirect_Proxy_Action, redirect_Proxy_Method, application_head_uuid, redirect_src) VALUES (N'15051117472000623', N'DeptAction', N'info', N'DeptAction.info', N'Load', N'N', NULL, NULL, N'14043017114000058', NULL);
INSERT Proxy (UUID, Proxy_Action, Proxy_Method, description, Proxy_Type, need_redirect, redirect_Proxy_Action, redirect_Proxy_Method, application_head_uuid, redirect_src) VALUES (N'15051117472000625', N'DeptAction', N'submit', N'DeptAction.submit', N'Form', N'N', NULL, NULL, N'14043017114000058', NULL);
INSERT Proxy (UUID, Proxy_Action, Proxy_Method, description, Proxy_Type, need_redirect, redirect_Proxy_Action, redirect_Proxy_Method, application_head_uuid, redirect_src) VALUES (N'15051117472000627', N'DeptAction', N'destroy', N'DeptAction.destroy', N'Form', N'N', NULL, NULL, N'14043017114000058', NULL);
INSERT Proxy (UUID, Proxy_Action, Proxy_Method, description, Proxy_Type, need_redirect, redirect_Proxy_Action, redirect_Proxy_Method, application_head_uuid, redirect_src) VALUES (N'15051117472000629', N'EncryptAction', N'Encode', N'EncryptAction.Encode', N'Load', N'N', NULL, NULL, N'14043017114000058', NULL);
INSERT Proxy (UUID, Proxy_Action, Proxy_Method, description, Proxy_Type, need_redirect, redirect_Proxy_Action, redirect_Proxy_Method, application_head_uuid, redirect_src) VALUES (N'15051117472000631', N'ErrorLogAction', N'load', N'ErrorLogAction.load', N'Load', N'N', NULL, NULL, N'14043017114000058', NULL);
INSERT Proxy (UUID, Proxy_Action, Proxy_Method, description, Proxy_Type, need_redirect, redirect_Proxy_Action, redirect_Proxy_Method, application_head_uuid, redirect_src) VALUES (N'15051117472000633', N'ErrorLogAction', N'UpdateAllRead', N'ErrorLogAction.UpdateAllRead', N'Store', N'N', NULL, NULL, N'14043017114000058', NULL);
INSERT Proxy (UUID, Proxy_Action, Proxy_Method, description, Proxy_Type, need_redirect, redirect_Proxy_Action, redirect_Proxy_Method, application_head_uuid, redirect_src) VALUES (N'15051117472000635', N'ErrorLogAction', N'UpdateRead', N'ErrorLogAction.UpdateRead', N'Load', N'N', NULL, NULL, N'14043017114000058', NULL);
INSERT Proxy (UUID, Proxy_Action, Proxy_Method, description, Proxy_Type, need_redirect, redirect_Proxy_Action, redirect_Proxy_Method, application_head_uuid, redirect_src) VALUES (N'15051117472000637', N'GroupAttendantAction', N'loadAttendantStoreInGroup', N'GroupAttendantAction.loadAttendantStoreInGroup', N'Store', N'N', NULL, NULL, N'14043017114000058', NULL);
INSERT Proxy (UUID, Proxy_Action, Proxy_Method, description, Proxy_Type, need_redirect, redirect_Proxy_Action, redirect_Proxy_Method, application_head_uuid, redirect_src) VALUES (N'15051117472000639', N'GroupAttendantAction', N'loadAttendantStoreNotInGroup', N'GroupAttendantAction.loadAttendantStoreNotInGroup', N'Store', N'N', NULL, NULL, N'14043017114000058', NULL);
INSERT Proxy (UUID, Proxy_Action, Proxy_Method, description, Proxy_Type, need_redirect, redirect_Proxy_Action, redirect_Proxy_Method, application_head_uuid, redirect_src) VALUES (N'15051117472000641', N'GroupAttendantAction', N'addAttendnatGroupHead', N'GroupAttendantAction.addAttendnatGroupHead', N'Store', N'N', NULL, NULL, N'14043017114000058', NULL);
INSERT Proxy (UUID, Proxy_Action, Proxy_Method, description, Proxy_Type, need_redirect, redirect_Proxy_Action, redirect_Proxy_Method, application_head_uuid, redirect_src) VALUES (N'15051117472000643', N'GroupAttendantAction', N'destroyBy', N'GroupAttendantAction.destroyBy', N'Store', N'N', NULL, NULL, N'14043017114000058', NULL);
INSERT Proxy (UUID, Proxy_Action, Proxy_Method, description, Proxy_Type, need_redirect, redirect_Proxy_Action, redirect_Proxy_Method, application_head_uuid, redirect_src) VALUES (N'15051117472000645', N'GroupHeadAction', N'load', N'GroupHeadAction.load', N'Store', N'N', NULL, NULL, N'14043017114000058', NULL);
INSERT Proxy (UUID, Proxy_Action, Proxy_Method, description, Proxy_Type, need_redirect, redirect_Proxy_Action, redirect_Proxy_Method, application_head_uuid, redirect_src) VALUES (N'15051117472000647', N'GroupHeadAction', N'info', N'GroupHeadAction.info', N'Load', N'N', NULL, NULL, N'14043017114000058', NULL);
INSERT Proxy (UUID, Proxy_Action, Proxy_Method, description, Proxy_Type, need_redirect, redirect_Proxy_Action, redirect_Proxy_Method, application_head_uuid, redirect_src) VALUES (N'15051117472000649', N'GroupHeadAction', N'submit', N'GroupHeadAction.submit', N'Form', N'N', NULL, NULL, N'14043017114000058', NULL);
INSERT Proxy (UUID, Proxy_Action, Proxy_Method, description, Proxy_Type, need_redirect, redirect_Proxy_Action, redirect_Proxy_Method, application_head_uuid, redirect_src) VALUES (N'15051117472000651', N'GroupHeadAction', N'deleteGroupHead', N'GroupHeadAction.deleteGroupHead', N'Store', N'N', NULL, NULL, N'14043017114000058', NULL);
INSERT Proxy (UUID, Proxy_Action, Proxy_Method, description, Proxy_Type, need_redirect, redirect_Proxy_Action, redirect_Proxy_Method, application_head_uuid, redirect_src) VALUES (N'15051117472000653', N'InitAction', N'loadBasic', N'InitAction.loadBasic', N'Load', N'N', NULL, NULL, N'14043017114000058', NULL);
INSERT Proxy (UUID, Proxy_Action, Proxy_Method, description, Proxy_Type, need_redirect, redirect_Proxy_Action, redirect_Proxy_Method, application_head_uuid, redirect_src) VALUES (N'15051117472000655', N'InitAction', N'loadException', N'InitAction.loadException', N'Load', N'N', NULL, NULL, N'14043017114000058', NULL);
INSERT Proxy (UUID, Proxy_Action, Proxy_Method, description, Proxy_Type, need_redirect, redirect_Proxy_Action, redirect_Proxy_Method, application_head_uuid, redirect_src) VALUES (N'15051117472000657', N'InitAction', N'loadAction', N'InitAction.loadAction', N'Load', N'N', NULL, NULL, N'14043017114000058', NULL);
INSERT Proxy (UUID, Proxy_Action, Proxy_Method, description, Proxy_Type, need_redirect, redirect_Proxy_Action, redirect_Proxy_Method, application_head_uuid, redirect_src) VALUES (N'15051117472000659', N'InitAction', N'loadParameter', N'InitAction.loadParameter', N'Load', N'N', NULL, NULL, N'14043017114000058', NULL);
INSERT Proxy (UUID, Proxy_Action, Proxy_Method, description, Proxy_Type, need_redirect, redirect_Proxy_Action, redirect_Proxy_Method, application_head_uuid, redirect_src) VALUES (N'15051117472000661', N'InitAction', N'submitParameter', N'InitAction.submitParameter', N'Load', N'N', NULL, NULL, N'14043017114000058', NULL);
INSERT Proxy (UUID, Proxy_Action, Proxy_Method, description, Proxy_Type, need_redirect, redirect_Proxy_Action, redirect_Proxy_Method, application_head_uuid, redirect_src) VALUES (N'15051117472000663', N'InitAction', N'testConnection', N'InitAction.testConnection', N'Load', N'N', NULL, NULL, N'14043017114000058', NULL);
INSERT Proxy (UUID, Proxy_Action, Proxy_Method, description, Proxy_Type, need_redirect, redirect_Proxy_Action, redirect_Proxy_Method, application_head_uuid, redirect_src) VALUES (N'15051117472000665', N'InitAction', N'submitBasic', N'InitAction.submitBasic', N'Store', N'N', NULL, NULL, N'14043017114000058', NULL);
INSERT Proxy (UUID, Proxy_Action, Proxy_Method, description, Proxy_Type, need_redirect, redirect_Proxy_Action, redirect_Proxy_Method, application_head_uuid, redirect_src) VALUES (N'15051117472000667', N'InitAction', N'submitException', N'InitAction.submitException', N'Store', N'N', NULL, NULL, N'14043017114000058', NULL);
INSERT Proxy (UUID, Proxy_Action, Proxy_Method, description, Proxy_Type, need_redirect, redirect_Proxy_Action, redirect_Proxy_Method, application_head_uuid, redirect_src) VALUES (N'15051117472000669', N'InitAction', N'submitActionLog', N'InitAction.submitActionLog', N'Store', N'N', NULL, NULL, N'14043017114000058', NULL);
INSERT Proxy (UUID, Proxy_Action, Proxy_Method, description, Proxy_Type, need_redirect, redirect_Proxy_Action, redirect_Proxy_Method, application_head_uuid, redirect_src) VALUES (N'15051117472000671', N'InitAction', N'initBasic', N'InitAction.initBasic', N'Store', N'N', NULL, NULL, N'14043017114000058', NULL);
INSERT Proxy (UUID, Proxy_Action, Proxy_Method, description, Proxy_Type, need_redirect, redirect_Proxy_Action, redirect_Proxy_Method, application_head_uuid, redirect_src) VALUES (N'15051117472000673', N'InitAction', N'initException', N'InitAction.initException', N'Store', N'N', NULL, NULL, N'14043017114000058', NULL);
INSERT Proxy (UUID, Proxy_Action, Proxy_Method, description, Proxy_Type, need_redirect, redirect_Proxy_Action, redirect_Proxy_Method, application_head_uuid, redirect_src) VALUES (N'15051117472000675', N'InitAction', N'initAction', N'InitAction.initAction', N'Store', N'N', NULL, NULL, N'14043017114000058', NULL);
INSERT Proxy (UUID, Proxy_Action, Proxy_Method, description, Proxy_Type, need_redirect, redirect_Proxy_Action, redirect_Proxy_Method, application_head_uuid, redirect_src) VALUES (N'15051117472000677', N'InitAction', N'importData', N'InitAction.importData', N'Store', N'N', NULL, NULL, N'14043017114000058', NULL);
INSERT Proxy (UUID, Proxy_Action, Proxy_Method, description, Proxy_Type, need_redirect, redirect_Proxy_Action, redirect_Proxy_Method, application_head_uuid, redirect_src) VALUES (N'15051117472000679', N'MenuAction', N'loadMenuTree', N'MenuAction.loadMenuTree', N'TreeStore', N'N', NULL, NULL, N'14043017114000058', NULL);
INSERT Proxy (UUID, Proxy_Action, Proxy_Method, description, Proxy_Type, need_redirect, redirect_Proxy_Action, redirect_Proxy_Method, application_head_uuid, redirect_src) VALUES (N'15051117472000681', N'MenuAction', N'loadTreeRoot', N'MenuAction.loadTreeRoot', N'Store', N'N', NULL, NULL, N'14043017114000058', NULL);
INSERT Proxy (UUID, Proxy_Action, Proxy_Method, description, Proxy_Type, need_redirect, redirect_Proxy_Action, redirect_Proxy_Method, application_head_uuid, redirect_src) VALUES (N'15051117472000683', N'MenuAction', N'submit', N'MenuAction.submit', N'Form', N'N', NULL, NULL, N'14043017114000058', NULL);
INSERT Proxy (UUID, Proxy_Action, Proxy_Method, description, Proxy_Type, need_redirect, redirect_Proxy_Action, redirect_Proxy_Method, application_head_uuid, redirect_src) VALUES (N'15051117472000685', N'MenuAction', N'info', N'MenuAction.info', N'Store', N'N', NULL, NULL, N'14043017114000058', NULL);
INSERT Proxy (UUID, Proxy_Action, Proxy_Method, description, Proxy_Type, need_redirect, redirect_Proxy_Action, redirect_Proxy_Method, application_head_uuid, redirect_src) VALUES (N'15051117472000687', N'MenuAction', N'destroyByUuid', N'MenuAction.destroyByUuid', N'Store', N'N', NULL, NULL, N'14043017114000058', NULL);
INSERT Proxy (UUID, Proxy_Action, Proxy_Method, description, Proxy_Type, need_redirect, redirect_Proxy_Action, redirect_Proxy_Method, application_head_uuid, redirect_src) VALUES (N'15051117472000689', N'MenuAction', N'setAppMenuIsActive', N'MenuAction.setAppMenuIsActive', N'Store', N'N', NULL, NULL, N'14043017114000058', NULL);
INSERT Proxy (UUID, Proxy_Action, Proxy_Method, description, Proxy_Type, need_redirect, redirect_Proxy_Action, redirect_Proxy_Method, application_head_uuid, redirect_src) VALUES (N'15051117472000691', N'MenuAction', N'deleteAppMenu', N'MenuAction.deleteAppMenu', N'Store', N'N', NULL, NULL, N'14043017114000058', NULL);
INSERT Proxy (UUID, Proxy_Action, Proxy_Method, description, Proxy_Type, need_redirect, redirect_Proxy_Action, redirect_Proxy_Method, application_head_uuid, redirect_src) VALUES (N'15051117472000693', N'MenuAction', N'load', N'MenuAction.load', N'Store', N'N', NULL, NULL, N'14043017114000058', NULL);
INSERT Proxy (UUID, Proxy_Action, Proxy_Method, description, Proxy_Type, need_redirect, redirect_Proxy_Action, redirect_Proxy_Method, application_head_uuid, redirect_src) VALUES (N'15051117472000695', N'MenuAction', N'loadThisApplicationMenu', N'MenuAction.loadThisApplicationMenu', N'Store', N'N', NULL, NULL, N'14043017114000058', NULL);
INSERT Proxy (UUID, Proxy_Action, Proxy_Method, description, Proxy_Type, need_redirect, redirect_Proxy_Action, redirect_Proxy_Method, application_head_uuid, redirect_src) VALUES (N'15051117472000697', N'ProxyAction', N'loadProxy', N'ProxyAction.loadProxy', N'Store', N'N', NULL, NULL, N'14043017114000058', NULL);
INSERT Proxy (UUID, Proxy_Action, Proxy_Method, description, Proxy_Type, need_redirect, redirect_Proxy_Action, redirect_Proxy_Method, application_head_uuid, redirect_src) VALUES (N'15051117472000699', N'ProxyAction', N'submitProxy', N'ProxyAction.submitProxy', N'Form', N'N', NULL, NULL, N'14043017114000058', NULL);
INSERT Proxy (UUID, Proxy_Action, Proxy_Method, description, Proxy_Type, need_redirect, redirect_Proxy_Action, redirect_Proxy_Method, application_head_uuid, redirect_src) VALUES (N'15051117472000701', N'ProxyAction', N'infoProxy', N'ProxyAction.infoProxy', N'Store', N'N', NULL, NULL, N'14043017114000058', NULL);
INSERT Proxy (UUID, Proxy_Action, Proxy_Method, description, Proxy_Type, need_redirect, redirect_Proxy_Action, redirect_Proxy_Method, application_head_uuid, redirect_src) VALUES (N'15051117472000703', N'ProxyAction', N'destroyProxyByUuid', N'ProxyAction.destroyProxyByUuid', N'Store', N'N', NULL, NULL, N'14043017114000058', NULL);
INSERT Proxy (UUID, Proxy_Action, Proxy_Method, description, Proxy_Type, need_redirect, redirect_Proxy_Action, redirect_Proxy_Method, application_head_uuid, redirect_src) VALUES (N'15051117472000705', N'SiteMapAction', N'loadSiteMapTree', N'SiteMapAction.loadSiteMapTree', N'TreeStore', N'N', NULL, NULL, N'14043017114000058', NULL);
INSERT Proxy (UUID, Proxy_Action, Proxy_Method, description, Proxy_Type, need_redirect, redirect_Proxy_Action, redirect_Proxy_Method, application_head_uuid, redirect_src) VALUES (N'15051117472000707', N'SiteMapAction', N'loadTreeRoot', N'SiteMapAction.loadTreeRoot', N'Store', N'N', NULL, NULL, N'14043017114000058', NULL);
INSERT Proxy (UUID, Proxy_Action, Proxy_Method, description, Proxy_Type, need_redirect, redirect_Proxy_Action, redirect_Proxy_Method, application_head_uuid, redirect_src) VALUES (N'15051117472000709', N'SiteMapAction', N'load', N'SiteMapAction.load', N'Store', N'N', NULL, NULL, N'14043017114000058', NULL);
INSERT Proxy (UUID, Proxy_Action, Proxy_Method, description, Proxy_Type, need_redirect, redirect_Proxy_Action, redirect_Proxy_Method, application_head_uuid, redirect_src) VALUES (N'15051117472000711', N'SiteMapAction', N'loadThisApplication', N'SiteMapAction.loadThisApplication', N'Store', N'N', NULL, NULL, N'14043017114000058', NULL);
INSERT Proxy (UUID, Proxy_Action, Proxy_Method, description, Proxy_Type, need_redirect, redirect_Proxy_Action, redirect_Proxy_Method, application_head_uuid, redirect_src) VALUES (N'15051117472000713', N'SiteMapAction', N'submit', N'SiteMapAction.submit', N'Form', N'N', NULL, NULL, N'14043017114000058', NULL);
INSERT Proxy (UUID, Proxy_Action, Proxy_Method, description, Proxy_Type, need_redirect, redirect_Proxy_Action, redirect_Proxy_Method, application_head_uuid, redirect_src) VALUES (N'15051117472000715', N'SiteMapAction', N'info', N'SiteMapAction.info', N'Store', N'N', NULL, NULL, N'14043017114000058', NULL);
INSERT Proxy (UUID, Proxy_Action, Proxy_Method, description, Proxy_Type, need_redirect, redirect_Proxy_Action, redirect_Proxy_Method, application_head_uuid, redirect_src) VALUES (N'15051117472000717', N'SiteMapAction', N'destroyByUuid', N'SiteMapAction.destroyByUuid', N'Store', N'N', NULL, NULL, N'14043017114000058', NULL);
INSERT Proxy (UUID, Proxy_Action, Proxy_Method, description, Proxy_Type, need_redirect, redirect_Proxy_Action, redirect_Proxy_Method, application_head_uuid, redirect_src) VALUES (N'15051117472000719', N'SiteMapAction', N'setSiteMapIsActive', N'SiteMapAction.setSiteMapIsActive', N'Store', N'N', NULL, NULL, N'14043017114000058', NULL);
INSERT Proxy (UUID, Proxy_Action, Proxy_Method, description, Proxy_Type, need_redirect, redirect_Proxy_Action, redirect_Proxy_Method, application_head_uuid, redirect_src) VALUES (N'15051117472000721', N'SiteMapAction', N'deleteSiteMap', N'SiteMapAction.deleteSiteMap', N'Store', N'N', NULL, NULL, N'14043017114000058', NULL);
INSERT Proxy (UUID, Proxy_Action, Proxy_Method, description, Proxy_Type, need_redirect, redirect_Proxy_Action, redirect_Proxy_Method, application_head_uuid, redirect_src) VALUES (N'15051117472000723', N'SiteMapAction', N'addSiteMap', N'SiteMapAction.addSiteMap', N'Store', N'N', NULL, NULL, N'14043017114000058', NULL);
INSERT Proxy (UUID, Proxy_Action, Proxy_Method, description, Proxy_Type, need_redirect, redirect_Proxy_Action, redirect_Proxy_Method, application_head_uuid, redirect_src) VALUES (N'15051117472000725', N'UserAction', N'logon', N'UserAction.logon', N'Form', N'N', NULL, NULL, N'14043017114000058', NULL);
INSERT Proxy (UUID, Proxy_Action, Proxy_Method, description, Proxy_Type, need_redirect, redirect_Proxy_Action, redirect_Proxy_Method, application_head_uuid, redirect_src) VALUES (N'15051117472000727', N'UserAction', N'forgetPassword', N'UserAction.forgetPassword', N'Form', N'N', NULL, NULL, N'14043017114000058', NULL);
INSERT Proxy (UUID, Proxy_Action, Proxy_Method, description, Proxy_Type, need_redirect, redirect_Proxy_Action, redirect_Proxy_Method, application_head_uuid, redirect_src) VALUES (N'15051117472000729', N'UserAction', N'keepSession', N'UserAction.keepSession', N'Load', N'N', NULL, NULL, N'14043017114000058', NULL);
INSERT Proxy (UUID, Proxy_Action, Proxy_Method, description, Proxy_Type, need_redirect, redirect_Proxy_Action, redirect_Proxy_Method, application_head_uuid, redirect_src) VALUES (N'15051117472000731', N'UserAction', N'getUserInfo', N'UserAction.getUserInfo', N'Load', N'N', NULL, NULL, N'14043017114000058', NULL);
INSERT Proxy (UUID, Proxy_Action, Proxy_Method, description, Proxy_Type, need_redirect, redirect_Proxy_Action, redirect_Proxy_Method, application_head_uuid, redirect_src) VALUES (N'15051117472000733', N'UtilAction', N'getUid', N'UtilAction.getUid', N'Load', N'N', NULL, NULL, N'14043017114000058', NULL);
INSERT Proxy (UUID, Proxy_Action, Proxy_Method, description, Proxy_Type, need_redirect, redirect_Proxy_Action, redirect_Proxy_Method, application_head_uuid, redirect_src) VALUES (N'15051117472000735', N'ProxyAction', N'loadVAppmenuProxyMap', N'ProxyAction.loadVAppmenuProxyMap', N'Store', N'N', NULL, NULL, N'14043017114000058', NULL);
INSERT Proxy (UUID, Proxy_Action, Proxy_Method, description, Proxy_Type, need_redirect, redirect_Proxy_Action, redirect_Proxy_Method, application_head_uuid, redirect_src) VALUES (N'15051117472000737', N'ProxyAction', N'loadAppmenuProxyMapUnSelected', N'ProxyAction.loadAppmenuProxyMapUnSelected', N'Store', N'N', NULL, NULL, N'14043017114000058', NULL);
INSERT Proxy (UUID, Proxy_Action, Proxy_Method, description, Proxy_Type, need_redirect, redirect_Proxy_Action, redirect_Proxy_Method, application_head_uuid, redirect_src) VALUES (N'15051117472000739', N'ProxyAction', N'addAppmenuProxyMap', N'ProxyAction.addAppmenuProxyMap', N'Store', N'N', NULL, NULL, N'14043017114000058', NULL);
INSERT Proxy (UUID, Proxy_Action, Proxy_Method, description, Proxy_Type, need_redirect, redirect_Proxy_Action, redirect_Proxy_Method, application_head_uuid, redirect_src) VALUES (N'15051117472000741', N'ProxyAction', N'removeAppmenuProxyMap', N'ProxyAction.removeAppmenuProxyMap', N'Store', N'N', NULL, NULL, N'14043017114000058', NULL);
INSERT Proxy (UUID, Proxy_Action, Proxy_Method, description, Proxy_Type, need_redirect, redirect_Proxy_Action, redirect_Proxy_Method, application_head_uuid, redirect_src) VALUES (N'15051117472000743', N'AuthorityAction', N'loadAppmenuTree', N'AuthorityAction.loadAppmenuTree', N'TreeStore', N'N', NULL, NULL, N'14043017114000058', NULL);

INSERT Proxy (UUID, Proxy_Action, Proxy_Method, description, Proxy_Type, need_redirect, redirect_Proxy_Action, redirect_Proxy_Method, application_head_uuid, redirect_src) VALUES (N'15051117472000853', N'ServerAction', N'loadCpuInfo', N'ServerAction.loadCpuInfo', N'Load', N'N', NULL, NULL, N'14043017114000058', NULL);

INSERT Proxy (UUID, Proxy_Action, Proxy_Method, description, Proxy_Type, need_redirect, redirect_Proxy_Action, redirect_Proxy_Method, application_head_uuid, redirect_src) VALUES (N'15051117472000857', N'ServerAction', N'loadDisk', N'ServerAction.loadDisk', N'Load', N'N', NULL, NULL, N'14043017114000058', NULL);

INSERT Proxy (UUID, Proxy_Action, Proxy_Method, description, Proxy_Type, need_redirect, redirect_Proxy_Action, redirect_Proxy_Method, application_head_uuid, redirect_src) VALUES (N'15051117472000861', N'ServerAction', N'loadMemoryInfo', N'ServerAction.loadMemoryInfo', N'Load', N'N', NULL, NULL, N'14043017114000058', NULL);

INSERT Proxy (UUID, Proxy_Action, Proxy_Method, description, Proxy_Type, need_redirect, redirect_Proxy_Action, redirect_Proxy_Method, application_head_uuid, redirect_src) VALUES (N'15051117472000865', N'ServerAction', N'loadOSInfo', N'ServerAction.loadOSInfo', N'Load', N'N', NULL, NULL, N'14043017114000058', NULL);

INSERT Proxy (UUID, Proxy_Action, Proxy_Method, description, Proxy_Type, need_redirect, redirect_Proxy_Action, redirect_Proxy_Method, application_head_uuid, redirect_src) VALUES (N'15051117472000869', N'ServerAction', N'loadRuntimeCpuMem', N'ServerAction.loadRuntimeCpuMem', N'Load', N'N', NULL, NULL, N'14043017114000058', NULL);




INSERT APPMENU_PROXY_MAP (uuid, proxy_uuid, appMenu_uuid) VALUES (N'15051117472000745', N'15051117472000581', N'15051117472000533');
INSERT APPMENU_PROXY_MAP (uuid, proxy_uuid, appMenu_uuid) VALUES (N'15051117472000747', N'15051117472000603', N'15051117472000537');
INSERT APPMENU_PROXY_MAP (uuid, proxy_uuid, appMenu_uuid) VALUES (N'15051117472000749', N'15051117472000605', N'15051117472000537');
INSERT APPMENU_PROXY_MAP (uuid, proxy_uuid, appMenu_uuid) VALUES (N'15051117472000751', N'15051117472000607', N'15051117472000537');
INSERT APPMENU_PROXY_MAP (uuid, proxy_uuid, appMenu_uuid) VALUES (N'15051117472000753', N'15051117472000585', N'15051117472000499');
INSERT APPMENU_PROXY_MAP (uuid, proxy_uuid, appMenu_uuid) VALUES (N'15051117472000755', N'15051117472000591', N'15051117472000499');
INSERT APPMENU_PROXY_MAP (uuid, proxy_uuid, appMenu_uuid) VALUES (N'15051117472000757', N'15051117472000589', N'15051117472000499');
INSERT APPMENU_PROXY_MAP (uuid, proxy_uuid, appMenu_uuid) VALUES (N'15051117472000759', N'15051117472000593', N'15051117472000539');
INSERT APPMENU_PROXY_MAP (uuid, proxy_uuid, appMenu_uuid) VALUES (N'15051117472000761', N'15051117472000597', N'15051117472000539');
INSERT APPMENU_PROXY_MAP (uuid, proxy_uuid, appMenu_uuid) VALUES (N'15051117472000763', N'15051117472000595', N'15051117472000539');
INSERT APPMENU_PROXY_MAP (uuid, proxy_uuid, appMenu_uuid) VALUES (N'15051117472000765', N'15051117472000599', N'15051117472000539');
INSERT APPMENU_PROXY_MAP (uuid, proxy_uuid, appMenu_uuid) VALUES (N'15051117472000767', N'15051117472000679', N'15051117472000543');
INSERT APPMENU_PROXY_MAP (uuid, proxy_uuid, appMenu_uuid) VALUES (N'15051117472000769', N'15051117472000681', N'15051117472000543');
INSERT APPMENU_PROXY_MAP (uuid, proxy_uuid, appMenu_uuid) VALUES (N'15051117472000771', N'15051117472000683', N'15051117472000543');
INSERT APPMENU_PROXY_MAP (uuid, proxy_uuid, appMenu_uuid) VALUES (N'15051117472000773', N'15051117472000685', N'15051117472000543');
INSERT APPMENU_PROXY_MAP (uuid, proxy_uuid, appMenu_uuid) VALUES (N'15051117472000775', N'15051117472000687', N'15051117472000543');
INSERT APPMENU_PROXY_MAP (uuid, proxy_uuid, appMenu_uuid) VALUES (N'15051117472000777', N'15051117472000689', N'15051117472000543');
INSERT APPMENU_PROXY_MAP (uuid, proxy_uuid, appMenu_uuid) VALUES (N'15051117472000779', N'15051117472000691', N'15051117472000543');
INSERT APPMENU_PROXY_MAP (uuid, proxy_uuid, appMenu_uuid) VALUES (N'15051117472000781', N'15051117472000693', N'15051117472000543');
INSERT APPMENU_PROXY_MAP (uuid, proxy_uuid, appMenu_uuid) VALUES (N'15051117472000783', N'15051117472000695', N'15051117472000543');
INSERT APPMENU_PROXY_MAP (uuid, proxy_uuid, appMenu_uuid) VALUES (N'15051117472000785', N'15051117472000697', N'15051117472000543');
INSERT APPMENU_PROXY_MAP (uuid, proxy_uuid, appMenu_uuid) VALUES (N'15051117472000787', N'15051117472000699', N'15051117472000543');
INSERT APPMENU_PROXY_MAP (uuid, proxy_uuid, appMenu_uuid) VALUES (N'15051117472000789', N'15051117472000701', N'15051117472000543');
INSERT APPMENU_PROXY_MAP (uuid, proxy_uuid, appMenu_uuid) VALUES (N'15051117472000791', N'15051117472000703', N'15051117472000543');
INSERT APPMENU_PROXY_MAP (uuid, proxy_uuid, appMenu_uuid) VALUES (N'15051117472000793', N'15051117472000711', N'15051117472000543');
INSERT APPMENU_PROXY_MAP (uuid, proxy_uuid, appMenu_uuid) VALUES (N'15051117472000795', N'15051117472000735', N'15051117472000543');
INSERT APPMENU_PROXY_MAP (uuid, proxy_uuid, appMenu_uuid) VALUES (N'15051117472000797', N'15051117472000631', N'15051117472000525');
INSERT APPMENU_PROXY_MAP (uuid, proxy_uuid, appMenu_uuid) VALUES (N'15051117472000799', N'15051117472000633', N'15051117472000525');
INSERT APPMENU_PROXY_MAP (uuid, proxy_uuid, appMenu_uuid) VALUES (N'15051117472000801', N'15051117472000635', N'15051117472000525');
INSERT APPMENU_PROXY_MAP (uuid, proxy_uuid, appMenu_uuid) VALUES (N'15051117472000803', N'15051117472000737', N'15051117472000543');
INSERT APPMENU_PROXY_MAP (uuid, proxy_uuid, appMenu_uuid) VALUES (N'15051117472000805', N'15051117472000739', N'15051117472000543');
INSERT APPMENU_PROXY_MAP (uuid, proxy_uuid, appMenu_uuid) VALUES (N'15051117472000807', N'15051117472000741', N'15051117472000543');
INSERT APPMENU_PROXY_MAP (uuid, proxy_uuid, appMenu_uuid) VALUES (N'15051117472000809', N'15051117472000707', N'15051117472000541');
INSERT APPMENU_PROXY_MAP (uuid, proxy_uuid, appMenu_uuid) VALUES (N'15051117472000811', N'15051117472000705', N'15051117472000541');
INSERT APPMENU_PROXY_MAP (uuid, proxy_uuid, appMenu_uuid) VALUES (N'15051117472000813', N'15051117472000723', N'15051117472000541');
INSERT APPMENU_PROXY_MAP (uuid, proxy_uuid, appMenu_uuid) VALUES (N'15051117472000815', N'15051117472000721', N'15051117472000541');
INSERT APPMENU_PROXY_MAP (uuid, proxy_uuid, appMenu_uuid) VALUES (N'15051117472000817', N'15051117472000609', N'15051117472000531');
INSERT APPMENU_PROXY_MAP (uuid, proxy_uuid, appMenu_uuid) VALUES (N'15051117472000819', N'15051117472000645', N'15051117472000531');
INSERT APPMENU_PROXY_MAP (uuid, proxy_uuid, appMenu_uuid) VALUES (N'15051117472000821', N'15051117472000647', N'15051117472000531');
INSERT APPMENU_PROXY_MAP (uuid, proxy_uuid, appMenu_uuid) VALUES (N'15051117472000823', N'15051117472000649', N'15051117472000531');
INSERT APPMENU_PROXY_MAP (uuid, proxy_uuid, appMenu_uuid) VALUES (N'15051117472000825', N'15051117472000637', N'15051117472000531');
INSERT APPMENU_PROXY_MAP (uuid, proxy_uuid, appMenu_uuid) VALUES (N'15051117472000827', N'15051117472000611', N'15051117472000531');
INSERT APPMENU_PROXY_MAP (uuid, proxy_uuid, appMenu_uuid) VALUES (N'15051117472000829', N'15051117472000615', N'15051117472000531');
INSERT APPMENU_PROXY_MAP (uuid, proxy_uuid, appMenu_uuid) VALUES (N'15051117472000831', N'15051117472000613', N'15051117472000531');
INSERT APPMENU_PROXY_MAP (uuid, proxy_uuid, appMenu_uuid) VALUES (N'15051117472000833', N'15051117472000639', N'15051117472000531');
INSERT APPMENU_PROXY_MAP (uuid, proxy_uuid, appMenu_uuid) VALUES (N'15051117472000835', N'15051117472000641', N'15051117472000531');
INSERT APPMENU_PROXY_MAP (uuid, proxy_uuid, appMenu_uuid) VALUES (N'15051117472000837', N'15051117472000643', N'15051117472000531');
INSERT APPMENU_PROXY_MAP (uuid, proxy_uuid, appMenu_uuid) VALUES (N'15051117472000839', N'15051117472000651', N'15051117472000531');
INSERT APPMENU_PROXY_MAP (uuid, proxy_uuid, appMenu_uuid) VALUES (N'15051117472000841', N'15051117472000579', N'15051117472000533');
INSERT APPMENU_PROXY_MAP (uuid, proxy_uuid, appMenu_uuid) VALUES (N'15051117472000843', N'15051117472000583', N'15051117472000533');

INSERT APPMENU_PROXY_MAP (uuid, proxy_uuid, appMenu_uuid) VALUES (N'15051117472000851', N'15051117472000853', N'15051117472000525');
INSERT APPMENU_PROXY_MAP (uuid, proxy_uuid, appMenu_uuid) VALUES (N'15051117472000855', N'15051117472000857', N'15051117472000525');
INSERT APPMENU_PROXY_MAP (uuid, proxy_uuid, appMenu_uuid) VALUES (N'15051117472000859', N'15051117472000861', N'15051117472000525');
INSERT APPMENU_PROXY_MAP (uuid, proxy_uuid, appMenu_uuid) VALUES (N'15051117472000863', N'15051117472000865', N'15051117472000525');
INSERT APPMENU_PROXY_MAP (uuid, proxy_uuid, appMenu_uuid) VALUES (N'15051117472000867', N'15051117472000869', N'15051117472000525');

INSERT APPPAGE (uuid, is_active, create_date, create_user, update_date, update_user, id, name, description, url, parameter_class, application_head_uuid, p_mode) VALUES (N'15051117472000575', N'Y', NOW(), N'14043017113900056', NOW(), N'14043017113900056', N'資源維護', N'資源維護', N'資源維護', N'~/admin/system/proxy.aspx', N'', N'14043017114000058', N'');

INSERT SITEMAP (uuid, is_active, create_date, create_user, update_date, update_user, sitemap_uuid, apppage_uuid, root_uuid, haschild, application_head_uuid) VALUES (N'15051117472000849', N'Y', NOW(), N'14043017113900056', NULL, N'14043017113900056', NULL, N'15051117472000575', N'15051117472000503', N'Y', N'14043017114000058');

INSERT APPMENU (uuid, is_active, create_date, create_user, update_date, update_user, name_zh_tw, name_zh_cn, name_en_us, id, appmenu_uuid, haschild, application_head_uuid, ord, parameter_class, image, sitemap_uuid, action_mode, is_default_page, is_admin) VALUES (N'15051117472000577', N'Y', NOW(), N'14043017113900056', NOW(), N'14043017113900056', N'資源', N'資源', N'資源', N'PROXY', N'15051117472000529', N'N', N'14043017114000058', 5, NULL, N'~/css/images/source.png', N'15051117472000849', NULL, N'N', N'Y');

INSERT GROUP_APPMENU (uuid, is_active, create_date, create_user, update_date, update_user, appmenu_uuid, group_head_uuid, is_default_page) VALUES (N'15051117472000847', N'Y', NOW(), N'14043017113900056',NOW(), NULL, N'15051117472000577', N'15051117472000495', N'N');




INSERT APPPAGE (uuid, is_active, create_date, create_user, update_date, update_user, id, name, description, url, parameter_class, application_head_uuid, p_mode) VALUES (N'15051117472000871', N'Y',NOW(), N'14043017113900056', NOW(), N'14043017113900056', N'SCHEDULE', N'排程工作', N'排程工作', N'~/admin/jobs/schedule.aspx', N'', N'14043017114000058', N'');

INSERT SITEMAP (uuid, is_active, create_date, create_user, update_date, update_user, sitemap_uuid, apppage_uuid, root_uuid, haschild, application_head_uuid) VALUES (N'15051117472000873', N'Y', NOW(), N'14043017113900056', NOW(), N'14043017113900056', N'15051117472000503', N'15051117472000871', N'15051117472000503', N'Y', N'14043017114000058');

INSERT APPMENU (uuid, is_active, create_date, create_user, update_date, update_user, name_zh_tw, name_zh_cn, name_en_us, id, appmenu_uuid, haschild, application_head_uuid, ord, parameter_class, image, sitemap_uuid, action_mode, is_default_page, is_admin) VALUES (N'15051117472000875', N'Y', NOW(), N'14043017113900056', NOW(), N'14043017113900056', N'排程工作', N'排程工作', N'排程工作', N'ScheduleJob',N'15051117472000525', N'N', N'14043017114000058', 3, NULL, N'~/css/images/schedule.png', N'15051117472000873', NULL, N'N', N'N');

INSERT Proxy (UUID, Proxy_Action, Proxy_Method, description, Proxy_Type, need_redirect, redirect_Proxy_Action, redirect_Proxy_Method, application_head_uuid, redirect_src) VALUES (N'15051117472000877', N'ScheduleAction', N'loadSchedule', N'ScheduleAction.loadSchedule', N'Store', N'N', NULL, NULL, N'14043017114000058', NULL);

INSERT Proxy (UUID, Proxy_Action, Proxy_Method, description, Proxy_Type, need_redirect, redirect_Proxy_Action, redirect_Proxy_Method, application_head_uuid, redirect_src) VALUES (N'15051117472000879', N'ScheduleAction', N'infoSchedule', N'ScheduleAction.infoSchedule', N'Load', N'N', NULL, NULL, N'14043017114000058', NULL);

INSERT Proxy (UUID, Proxy_Action, Proxy_Method, description, Proxy_Type, need_redirect, redirect_Proxy_Action, redirect_Proxy_Method, application_head_uuid, redirect_src) VALUES (N'15051117472000881', N'ScheduleAction', N'deleteSchedule', N'ScheduleAction.deleteSchedule', N'Load', N'N', NULL, NULL, N'14043017114000058', NULL);

INSERT Proxy (UUID, Proxy_Action, Proxy_Method, description, Proxy_Type, need_redirect, redirect_Proxy_Action, redirect_Proxy_Method, application_head_uuid, redirect_src) VALUES (N'15051117472000883', N'ScheduleAction', N'submitSchedule', N'ScheduleAction.submitSchedule', N'Form', N'N', NULL, NULL, N'14043017114000058', NULL);

INSERT APPMENU_PROXY_MAP (uuid, proxy_uuid, appMenu_uuid) VALUES (N'15051117472000885', N'15051117472000877', N'15051117472000875');

INSERT APPMENU_PROXY_MAP (uuid, proxy_uuid, appMenu_uuid) VALUES (N'15051117472000887', N'15051117472000879', N'15051117472000875');

INSERT APPMENU_PROXY_MAP (uuid, proxy_uuid, appMenu_uuid) VALUES (N'15051117472000889', N'15051117472000881', N'15051117472000875');

INSERT APPMENU_PROXY_MAP (uuid, proxy_uuid, appMenu_uuid) VALUES (N'15051117472000891', N'15051117472000883', N'15051117472000875');

INSERT GROUP_APPMENU (uuid, is_active, create_date, create_user, update_date, update_user, appmenu_uuid, group_head_uuid, is_default_page) VALUES (N'15051117472000893', N'Y', NOW(), N'14043017113900056', NOW(), NULL, N'15051117472000875', N'15051117472000495', N'N');

INSERT SCHEDULE (UUID, SCHEDULE_NAME, SCHEDULE_END_DATE, LAST_RUN_TIME, LAST_RUN_STATUS, IS_CYCLE, SINGLE_DATE, HOUR, MINUTE, CYCLE_TYPE, C_MINUTE, C_HOUR, C_DAY, C_WEEK, C_DAY_OF_WEEK, C_MONTH, C_DAY_OF_MONTH, C_WEEK_OF_MONTH, C_YEAR, C_WEEK_OF_YEAR, RUN_URL, RUN_URL_PARAMETER, RUN_ATTENDANT_UUID, IS_ACTIVE, START_DATE, RUN_SECURITY, EXPEND_ALL, contiune_dateTime) VALUES (N'15051117472000895', N'每10分執行一次', NOW(), NOW(), N'OK', N'Y', NULL, NULL, NULL, N'每分重複', 10, NULL, NULL, NULL, NULL, NULL, NULL, NULL, NULL, NULL, N'http://localhost/WebTemplate3/admin/jobs/sampleJob1.ashx', NULL, NULL, N'Y', NOW(), N'localhost', N'N', NOW());