INSERT INTO COMPANY (uuid, create_date, update_date, is_active, class, id, c_name, e_name, voucher_point_uuid, week_shift, ou_sync_type, name_zh_cn, concurrent_user, expired_date, sales_attendant_uuid) VALUES (N'{company_uuid}', sysdate, sysdate, N'Y', N'CLASS', N'{company}', N'{company}', N'{company}', NULL, CAST(0 AS Numeric(18, 0)), N'N', N'{company}', NULL, NULL, NULL);

INSERT INTO APPLICATION_HEAD (uuid, create_date, update_date, is_active, name, description, id, create_user, update_user, web_site) VALUES (N'{application_head_uuid}', sysdate, sysdate, N'Y', N'{application_name}', N'{application_name}', N'{application_head_uuid}', N'{admin_uuid}', N'{admin_uuid}', NULL);

INSERT INTO APPPAGE (uuid, is_active, create_date, create_user, update_date, update_user, id, name, description, url, parameter_class, application_head_uuid, p_mode) VALUES (N'13100909501700020', N'Y', sysdate, N'{admin_uuid}', sysdate, N'{admin_uuid}', N'company', N'公司維護', N'公司維護', N'~/admin/basic/company.aspx', N'', N'{application_head_uuid}', N'');
INSERT INTO APPPAGE (uuid, is_active, create_date, create_user, update_date, update_user, id, name, description, url, parameter_class, application_head_uuid, p_mode) VALUES (N'13100909504800021', N'Y', sysdate, N'{admin_uuid}', sysdate, N'{admin_uuid}', N'dept', N'部門維護', N'部門維護', N'~/admin/basic/dept.aspx', N'', N'{application_head_uuid}', N'');
INSERT INTO APPPAGE (uuid, is_active, create_date, create_user, update_date, update_user, id, name, description, url, parameter_class, application_head_uuid, p_mode) VALUES (N'13100909511200022', N'Y', sysdate, N'{admin_uuid}', sysdate, N'{admin_uuid}', N'attendant', N'人員維護', N'人員維護', N'~/admin/basic/attendant.aspx', N'', N'{application_head_uuid}', N'');
INSERT INTO APPPAGE (uuid, is_active, create_date, create_user, update_date, update_user, id, name, description, url, parameter_class, application_head_uuid, p_mode) VALUES (N'13100909514200023', N'Y', sysdate, N'{admin_uuid}', sysdate, N'{admin_uuid}', N'system', N'系統', N'系統', N'~/admin/system/system.aspx', N'', N'{application_head_uuid}', N'');
INSERT INTO APPPAGE (uuid, is_active, create_date, create_user, update_date, update_user, id, name, description, url, parameter_class, application_head_uuid, p_mode) VALUES (N'13100909520000024', N'Y', sysdate, N'{admin_uuid}', sysdate, N'{admin_uuid}', N'function', N'功能', N'功能', N'~/admin/system/function.aspx', N'', N'{application_head_uuid}', N'');
INSERT INTO APPPAGE (uuid, is_active, create_date, create_user, update_date, update_user, id, name, description, url, parameter_class, application_head_uuid, p_mode) VALUES (N'13100909522400025', N'Y', sysdate, N'{admin_uuid}', sysdate, N'{admin_uuid}', N'sitemap', N'Site Map', N'Site Map', N'~/admin/system/sitemap.aspx', N'', N'{application_head_uuid}', N'');
INSERT INTO APPPAGE (uuid, is_active, create_date, create_user, update_date, update_user, id, name, description, url, parameter_class, application_head_uuid, p_mode) VALUES (N'13100909524500026', N'Y', sysdate, N'{admin_uuid}', sysdate, N'{admin_uuid}', N'menu', N'選單', N'選單', N'~/admin/system/menu.aspx', N'', N'{application_head_uuid}', N'');
INSERT INTO APPPAGE (uuid, is_active, create_date, create_user, update_date, update_user, id, name, description, url, parameter_class, application_head_uuid, p_mode) VALUES (N'13100909541800027', N'Y', sysdate, N'{admin_uuid}', sysdate, N'{admin_uuid}', N'authority', N'權限維護', N'權限維護', N'~/admin/authority/authority/grouphead_query.aspx', N'', N'{application_head_uuid}', N'');


INSERT INTO ATTENDANT (uuid, create_date, update_date, is_active, company_uuid, account, c_name, e_name, email, password, is_supper, is_admin, code_page, department_uuid, phone, site_uuid, gender, birthday, hire_date, quit_date, is_manager, is_direct, grade, id, src_uuid, is_default_pass) VALUES (N'{admin_uuid}', sysdate, sysdate, N'Y', N'{company_uuid}', N'{admin}', N'管理者', N'Admin', N'canred.chen@gmail.com', N'{admin}', N'N', N'Y', N'TW', NULL, NULL, NULL, N'M', NULL, NULL, NULL, N'N', N'N', NULL, N'{admin}', NULL, N'Y');


INSERT INTO GROUP_HEAD (uuid, create_date, update_date, is_active, name_zh_tw, name_zh_cn, name_en_us, company_uuid, id, create_user, update_user, application_head_uuid) VALUES (N'13100913194100001', sysdate, sysdate, N'Y', N'管理者', N'管理者', N'admin', N'{company_uuid}', N'admin', N'{admin_uuid}', NULL, N'{application_head_uuid}');

INSERT INTO GROUP_ATTENDANT (uuid, is_active, create_date, create_user, update_date, update_user, group_head_uuid, attendant_uuid) VALUES (N'13101416060700001', N'Y', sysdate, N'{admin_uuid}', sysdate, N'{admin_uuid}', N'13100913194100001', N'{admin_uuid}');

INSERT INTO APPPAGE (uuid, is_active, create_date, create_user, update_date, update_user, id, name, description, url, parameter_class, application_head_uuid, p_mode) VALUES (N'0000000001', N'Y', sysdate, N'{admin_uuid}', sysdate, N'{admin_uuid}', N'gwp_query', N'全球暖化潛勢(GWP)值維護', N'全球暖化潛勢(GWP)值維護', N'~/gwp/gwp_query.aspx', N'', N'{application_head_uuid}', N'');
INSERT INTO APPMENU (uuid, is_active, create_date, create_user, update_date, update_user, name_zh_tw, name_zh_cn, name_en_us, id, appmenu_uuid, haschild, application_head_uuid, ord, parameter_class, image, sitemap_uuid, action_mode, is_default_page, is_admin) VALUES (N'13100917504100041', N'Y', sysdate, N'{admin_uuid}', sysdate, N'{admin_uuid}', N'系統', N'系統', N'system', N'system', N'13100917504100041', N'Y', N'{application_head_uuid}', CAST(0 AS Numeric(18, 0)), NULL, NULL, NULL, NULL, N'N', N'Y');


INSERT INTO SITEMAP (uuid, is_active, create_date, create_user, update_date, update_user, sitemap_uuid, apppage_uuid, root_uuid, haschild, application_head_uuid) VALUES (N'0000000002', N'Y', sysdate, N'{admin_uuid}', NULL, N'{admin_uuid}', NULL, N'0000000001', N'0000000002', N'Y', N'{application_head_uuid}');
INSERT INTO SITEMAP (uuid, is_active, create_date, create_user, update_date, update_user, sitemap_uuid, apppage_uuid, root_uuid, haschild, application_head_uuid) VALUES (N'0000000003', N'Y', sysdate, N'{admin_uuid}', sysdate, N'{admin_uuid}', N'0000000002', N'0000000001', N'0000000002', N'Y', N'{application_head_uuid}');


INSERT INTO SITEMAP (uuid, is_active, create_date, create_user, update_date, update_user, sitemap_uuid, apppage_uuid, root_uuid, haschild, application_head_uuid) VALUES (N'13100910004700045', N'Y', sysdate, N'{admin_uuid}', sysdate, N'{admin_uuid}', N'0000000002', N'13100909501700020', N'0000000002', N'Y', N'{application_head_uuid}');
INSERT INTO SITEMAP (uuid, is_active, create_date, create_user, update_date, update_user, sitemap_uuid, apppage_uuid, root_uuid, haschild, application_head_uuid) VALUES (N'13100910011000046', N'Y', sysdate, N'{admin_uuid}', sysdate, N'{admin_uuid}', N'0000000002', N'13100909504800021', N'0000000002', N'Y', N'{application_head_uuid}');
INSERT INTO SITEMAP (uuid, is_active, create_date, create_user, update_date, update_user, sitemap_uuid, apppage_uuid, root_uuid, haschild, application_head_uuid) VALUES (N'13100910024700047', N'Y', sysdate, N'{admin_uuid}', sysdate, N'{admin_uuid}', N'0000000002', N'13100909511200022', N'0000000002', N'Y', N'{application_head_uuid}');
INSERT INTO SITEMAP (uuid, is_active, create_date, create_user, update_date, update_user, sitemap_uuid, apppage_uuid, root_uuid, haschild, application_head_uuid) VALUES (N'13100910030100048', N'Y', sysdate, N'{admin_uuid}', sysdate, N'{admin_uuid}', N'0000000002', N'13100909514200023', N'0000000002', N'Y', N'{application_head_uuid}');
INSERT INTO SITEMAP (uuid, is_active, create_date, create_user, update_date, update_user, sitemap_uuid, apppage_uuid, root_uuid, haschild, application_head_uuid) VALUES (N'13100910030800049', N'Y', sysdate, N'{admin_uuid}', sysdate, N'{admin_uuid}', N'0000000002', N'13100909520000024', N'0000000002', N'Y', N'{application_head_uuid}');
INSERT INTO SITEMAP (uuid, is_active, create_date, create_user, update_date, update_user, sitemap_uuid, apppage_uuid, root_uuid, haschild, application_head_uuid) VALUES (N'13100910031600050', N'Y', sysdate, N'{admin_uuid}', sysdate, N'{admin_uuid}', N'0000000002', N'13100909522400025', N'0000000002', N'Y', N'{application_head_uuid}');
INSERT INTO SITEMAP (uuid, is_active, create_date, create_user, update_date, update_user, sitemap_uuid, apppage_uuid, root_uuid, haschild, application_head_uuid) VALUES (N'13100910034000051', N'Y', sysdate, N'{admin_uuid}', sysdate, N'{admin_uuid}', N'0000000002', N'13100909524500026', N'0000000002', N'Y', N'{application_head_uuid}');
INSERT INTO SITEMAP (uuid, is_active, create_date, create_user, update_date, update_user, sitemap_uuid, apppage_uuid, root_uuid, haschild, application_head_uuid) VALUES (N'13100910034700052', N'Y', sysdate, N'{admin_uuid}', sysdate, N'{admin_uuid}', N'0000000002', N'13100909541800027', N'0000000002', N'Y', N'{application_head_uuid}');

INSERT INTO APPMENU (uuid, is_active, create_date, create_user, update_date, update_user, name_zh_tw, name_zh_cn, name_en_us, id, appmenu_uuid, haschild, application_head_uuid, ord, parameter_class, image, sitemap_uuid, action_mode, is_default_page, is_admin) VALUES (N'13100910034799999', N'Y', sysdate, N'{admin_uuid}', sysdate, N'{admin_uuid}', N'ROOT', N'ROOT', N'ROOT', N'13100910034799999', NULL, N'Y', N'{application_head_uuid}', CAST(1 AS Numeric(18, 0)), NULL, NULL, N'0000000002', NULL, N'N', N'N');


INSERT INTO APPMENU (uuid, is_active, create_date, create_user, update_date, update_user, name_zh_tw, name_zh_cn, name_en_us, id, appmenu_uuid, haschild, application_head_uuid, ord, parameter_class, image, sitemap_uuid, action_mode, is_default_page, is_admin) VALUES (N'13100917444700033', N'Y', sysdate, N'{admin_uuid}', sysdate, N'{admin_uuid}', N'管理者', N'管理者', N'admin', N'admin', N'13100910034799999', N'Y', N'{application_head_uuid}', CAST(6 AS Numeric(18, 0)), NULL, '~\css\images\setting.png', NULL, NULL, N'N', N'Y');
INSERT INTO APPMENU (uuid, is_active, create_date, create_user, update_date, update_user, name_zh_tw, name_zh_cn, name_en_us, id, appmenu_uuid, haschild, application_head_uuid, ord, parameter_class, image, sitemap_uuid, action_mode, is_default_page, is_admin) VALUES (N'13100917453300034', N'Y', sysdate, N'{admin_uuid}', sysdate, N'{admin_uuid}', N'基本資料維護', N'基本資料維護', N'basic', N'basic', N'13100917444700033', N'Y', N'{application_head_uuid}', CAST(0 AS Numeric(18, 0)), NULL, '~\css\images\basic.png', NULL, NULL, N'N', N'Y');
INSERT INTO APPMENU (uuid, is_active, create_date, create_user, update_date, update_user, name_zh_tw, name_zh_cn, name_en_us, id, appmenu_uuid, haschild, application_head_uuid, ord, parameter_class, image, sitemap_uuid, action_mode, is_default_page, is_admin) VALUES (N'13100917461400035', N'Y', sysdate, N'{admin_uuid}', sysdate, N'{admin_uuid}', N'系統設定', N'系統設定', N'systemSetting', N'systemSetting', N'13100917444700033', N'Y', N'{application_head_uuid}', CAST(1 AS Numeric(18, 0)), NULL, '~\css\images\setting.png', NULL, NULL, N'N', N'Y');
INSERT INTO APPMENU (uuid, is_active, create_date, create_user, update_date, update_user, name_zh_tw, name_zh_cn, name_en_us, id, appmenu_uuid, haschild, application_head_uuid, ord, parameter_class, image, sitemap_uuid, action_mode, is_default_page, is_admin) VALUES (N'13100917470800036', N'Y', sysdate, N'{admin_uuid}', sysdate, N'{admin_uuid}', N'權限', N'權限', N'authority', N'authority', N'13100917444700033', N'N', N'{application_head_uuid}', CAST(2 AS Numeric(18, 0)), NULL, '~\css\images\permission.png', N'13100910034700052', NULL, N'N', N'Y');
INSERT INTO APPMENU (uuid, is_active, create_date, create_user, update_date, update_user, name_zh_tw, name_zh_cn, name_en_us, id, appmenu_uuid, haschild, application_head_uuid, ord, parameter_class, image, sitemap_uuid, action_mode, is_default_page, is_admin) VALUES (N'13100917475400037', N'Y', sysdate, N'{admin_uuid}', sysdate, N'{admin_uuid}', N'公司維護', N'公司維護', N'company', N'company', N'13100917453300034', N'N', N'{application_head_uuid}', CAST(0 AS Numeric(18, 0)), NULL, '~\css\images\company.png', N'13100910004700045', NULL, N'N', N'Y');






INSERT INTO APPMENU (uuid, is_active, create_date, create_user, update_date, update_user, name_zh_tw, name_zh_cn, name_en_us, id, appmenu_uuid, haschild, application_head_uuid, ord, parameter_class, image, sitemap_uuid, action_mode, is_default_page, is_admin) VALUES (N'13100917484400038', N'Y', sysdate, N'{admin_uuid}', sysdate, N'{admin_uuid}', N'部門維護', N'部門維護', N'department', N'department', N'13100917453300034', N'N', N'{application_head_uuid}', CAST(1 AS Numeric(18, 0)), NULL, NULL, N'13100910011000046', NULL, N'N', N'Y');
INSERT INTO APPMENU (uuid, is_active, create_date, create_user, update_date, update_user, name_zh_tw, name_zh_cn, name_en_us, id, appmenu_uuid, haschild, application_head_uuid, ord, parameter_class, image, sitemap_uuid, action_mode, is_default_page, is_admin) VALUES (N'13100917492000039', N'Y', sysdate, N'{admin_uuid}', sysdate, N'{admin_uuid}', N'人員維護', N'人員維護', N'attendant', N'attendant', N'13100917453300034', N'N', N'{application_head_uuid}', CAST(2 AS Numeric(18, 0)), NULL, '~\css\images\man.png', N'13100910024700047', NULL, N'N', N'Y');

INSERT INTO APPMENU (uuid, is_active, create_date, create_user, update_date, update_user, name_zh_tw, name_zh_cn, name_en_us, id, appmenu_uuid, haschild, application_head_uuid, ord, parameter_class, image, sitemap_uuid, action_mode, is_default_page, is_admin) VALUES (N'13100917515500042', N'Y', sysdate, N'{admin_uuid}', sysdate, N'{admin_uuid}', N'功能', N'功能', N'function', N'function', N'13100917461400035', N'N', N'{application_head_uuid}', CAST(1 AS Numeric(18, 0)), NULL, '~\css\images\function_tag.png', N'13100910030800049', NULL, N'N', N'Y');
INSERT INTO APPMENU (uuid, is_active, create_date, create_user, update_date, update_user, name_zh_tw, name_zh_cn, name_en_us, id, appmenu_uuid, haschild, application_head_uuid, ord, parameter_class, image, sitemap_uuid, action_mode, is_default_page, is_admin) VALUES (N'13100917524800043', N'Y', sysdate, N'{admin_uuid}', sysdate, N'{admin_uuid}', N'Site Map', N'Site Map', N'Site Map', N'site_map', N'13100917461400035', N'N', N'{application_head_uuid}', CAST(2 AS Numeric(18, 0)), NULL, '~\css\images\map.png', N'13100910031600050', NULL, N'N', N'Y');
INSERT INTO APPMENU (uuid, is_active, create_date, create_user, update_date, update_user, name_zh_tw, name_zh_cn, name_en_us, id, appmenu_uuid, haschild, application_head_uuid, ord, parameter_class, image, sitemap_uuid, action_mode, is_default_page, is_admin) VALUES (N'13100917534300044', N'Y', sysdate, N'{admin_uuid}', sysdate, N'{admin_uuid}', N'選單', N'選單', N'menu', N'menu', N'13100917461400035', N'N', N'{application_head_uuid}', CAST(3 AS Numeric(18, 0)), NULL, '~\css\images\menu.png', N'13100910034000051', NULL, N'N', N'Y');
INSERT INTO APPMENU (uuid, is_active, create_date, create_user, update_date, update_user, name_zh_tw, name_zh_cn, name_en_us, id, appmenu_uuid, haschild, application_head_uuid, ord, parameter_class, image, sitemap_uuid, action_mode, is_default_page, is_admin) VALUES (N'13101614574600001', N'Y', sysdate, N'{admin_uuid}', sysdate, N'{admin_uuid}', N'系統', N'系統', N'System', N'系統', N'13100917461400035', N'Y', N'{application_head_uuid}', CAST(0 AS Numeric(18, 0)), NULL, '~\css\images\application.png', N'13100910030100048', NULL, N'N', N'N');
INSERT INTO APPMENU (uuid, is_active, create_date, create_user, update_date, update_user, name_zh_tw, name_zh_cn, name_en_us, id, appmenu_uuid, haschild, application_head_uuid, ord, parameter_class, image, sitemap_uuid, action_mode, is_default_page, is_admin) VALUES (N'13101615035300007', N'N', sysdate, N'{admin_uuid}', sysdate, N'{admin_uuid}', N'權限維護', N'權限維護', N'權限維護', N'Authority2', N'13100917461400035', N'Y', N'{application_head_uuid}', CAST(4 AS Numeric(18, 0)), NULL, '~\css\images\key.png', N'13100910034700052', NULL, N'N', N'N');



INSERT INTO GROUP_APPMENU (uuid, is_active, create_date, create_user, update_date, update_user, appmenu_uuid, group_head_uuid, is_default_page) VALUES (N'13100917334100003', N'Y', sysdate, N'{admin_uuid}', sysdate, NULL, N'13100910034799999', N'13100913194100001', N'N');
INSERT INTO GROUP_APPMENU (uuid, is_active, create_date, create_user, update_date, update_user, appmenu_uuid, group_head_uuid, is_default_page) VALUES (N'13101116360400001', N'Y', sysdate, N'{admin_uuid}', sysdate, N'{admin_uuid}', N'13100917461400035', N'13100913194100001', N'N');
INSERT INTO GROUP_APPMENU (uuid, is_active, create_date, create_user, update_date, update_user, appmenu_uuid, group_head_uuid, is_default_page) VALUES (N'13101116360400002', N'Y', sysdate, N'{admin_uuid}', sysdate, N'{admin_uuid}', N'13100917444700033', N'13100913194100001', N'N');
INSERT INTO GROUP_APPMENU (uuid, is_active, create_date, create_user, update_date, update_user, appmenu_uuid, group_head_uuid, is_default_page) VALUES (N'13101116360500003', N'Y', sysdate, N'{admin_uuid}', sysdate, N'{admin_uuid}', N'13100917453300034', N'13100913194100001', N'N');
INSERT INTO GROUP_APPMENU (uuid, is_active, create_date, create_user, update_date, update_user, appmenu_uuid, group_head_uuid, is_default_page) VALUES (N'13101116360900004', N'Y', sysdate, N'{admin_uuid}', sysdate, N'{admin_uuid}', N'13100917470800036', N'13100913194100001', N'N');
INSERT INTO GROUP_APPMENU (uuid, is_active, create_date, create_user, update_date, update_user, appmenu_uuid, group_head_uuid, is_default_page) VALUES (N'13101116361800005', N'Y', sysdate, N'{admin_uuid}', sysdate, N'{admin_uuid}', N'13100917534300044', N'13100913194100001', N'N');
INSERT INTO GROUP_APPMENU (uuid, is_active, create_date, create_user, update_date, update_user, appmenu_uuid, group_head_uuid, is_default_page) VALUES (N'13101116362500006', N'Y', sysdate, N'{admin_uuid}', sysdate, N'{admin_uuid}', N'13100917504100041', N'13100913194100001', N'N');
INSERT INTO GROUP_APPMENU (uuid, is_active, create_date, create_user, update_date, update_user, appmenu_uuid, group_head_uuid, is_default_page) VALUES (N'13101116362600007', N'Y', sysdate, N'{admin_uuid}', sysdate, N'{admin_uuid}', N'13100917515500042', N'13100913194100001', N'N');
INSERT INTO GROUP_APPMENU (uuid, is_active, create_date, create_user, update_date, update_user, appmenu_uuid, group_head_uuid, is_default_page) VALUES (N'13101116362600008', N'Y', sysdate, N'{admin_uuid}', sysdate, N'{admin_uuid}', N'13100917524800043', N'13100913194100001', N'N');
INSERT INTO GROUP_APPMENU (uuid, is_active, create_date, create_user, update_date, update_user, appmenu_uuid, group_head_uuid, is_default_page) VALUES (N'13101116362800009', N'Y', sysdate, N'{admin_uuid}', sysdate, N'{admin_uuid}', N'13100917492000039', N'13100913194100001', N'N');
INSERT INTO GROUP_APPMENU (uuid, is_active, create_date, create_user, update_date, update_user, appmenu_uuid, group_head_uuid, is_default_page) VALUES (N'13101116363000011', N'Y', sysdate, N'{admin_uuid}', sysdate, N'{admin_uuid}', N'13100917475400037', N'13100913194100001', N'N');
INSERT INTO GROUP_APPMENU (uuid, is_active, create_date, create_user, update_date, update_user, appmenu_uuid, group_head_uuid, is_default_page) VALUES (N'13101615001700002', N'Y', sysdate, N'{admin_uuid}', sysdate, NULL, N'13101614574600001', N'13100913194100001', N'N');
INSERT INTO GROUP_APPMENU (uuid, is_active, create_date, create_user, update_date, update_user, appmenu_uuid, group_head_uuid, is_default_page) VALUES (N'13101615042100008', N'Y', sysdate, N'{admin_uuid}', sysdate, NULL, N'13101615035300007', N'13100913194100001', N'N');


INSERT INTO Proxy (UUID, Proxy_Action, Proxy_Method, description, Proxy_Type, need_redirect, redirect_Proxy_Action, redirect_Proxy_Method, application_head_uuid, redirect_src) VALUES (N'14050611233900040', N'AdminCompanyAction', N'loadCompany', N'AdminCompanyAction.loadCompany', N'Store', N'N', NULL, NULL, N'{application_head_uuid}', NULL);
INSERT INTO Proxy (UUID, Proxy_Action, Proxy_Method, description, Proxy_Type, need_redirect, redirect_Proxy_Action, redirect_Proxy_Method, application_head_uuid, redirect_src) VALUES (N'14050611251800056', N'AdminCompanyAction', N'info', N'AdminCompanyAction.info', N'Load', N'N', NULL, NULL, N'{application_head_uuid}', NULL);
INSERT INTO Proxy (UUID, Proxy_Action, Proxy_Method, description, Proxy_Type, need_redirect, redirect_Proxy_Action, redirect_Proxy_Method, application_head_uuid, redirect_src) VALUES (N'14050611260500063', N'AdminCompanyAction', N'submit', N'AdminCompanyAction.submit', N'Form', N'N', NULL, NULL, N'{application_head_uuid}', NULL);
INSERT INTO Proxy (UUID, Proxy_Action, Proxy_Method, description, Proxy_Type, need_redirect, redirect_Proxy_Action, redirect_Proxy_Method, application_head_uuid, redirect_src) VALUES (N'14050611265400068', N'ApplicationAction', N'loadApplication', N'ApplicationAction.loadApplication', N'Store', N'N', NULL, NULL, N'{application_head_uuid}', NULL);
INSERT INTO Proxy (UUID, Proxy_Action, Proxy_Method, description, Proxy_Type, need_redirect, redirect_Proxy_Action, redirect_Proxy_Method, application_head_uuid, redirect_src) VALUES (N'14050611272200071', N'ApplicationAction', N'getApplication', N'ApplicationAction.getApplication', N'Store', N'N', NULL, NULL, N'{application_head_uuid}', NULL);
INSERT INTO Proxy (UUID, Proxy_Action, Proxy_Method, description, Proxy_Type, need_redirect, redirect_Proxy_Action, redirect_Proxy_Method, application_head_uuid, redirect_src) VALUES (N'14050611274500074', N'ApplicationAction', N'submit', N'ApplicationAction.submit', N'Form', N'N', NULL, NULL, N'{application_head_uuid}', NULL);
INSERT INTO Proxy (UUID, Proxy_Action, Proxy_Method, description, Proxy_Type, need_redirect, redirect_Proxy_Action, redirect_Proxy_Method, application_head_uuid, redirect_src) VALUES (N'14050611281600077', N'ApplicationAction', N'info', N'ApplicationAction.info', N'Store', N'N', NULL, NULL, N'{application_head_uuid}', NULL);
INSERT INTO Proxy (UUID, Proxy_Action, Proxy_Method, description, Proxy_Type, need_redirect, redirect_Proxy_Action, redirect_Proxy_Method, application_head_uuid, redirect_src) VALUES (N'14050611284200080', N'AppPageAction', N'loadAppPage', N'AppPageAction.loadAppPage', N'Store', N'N', NULL, NULL, N'{application_head_uuid}', NULL);
INSERT INTO Proxy (UUID, Proxy_Action, Proxy_Method, description, Proxy_Type, need_redirect, redirect_Proxy_Action, redirect_Proxy_Method, application_head_uuid, redirect_src) VALUES (N'14050611290800082', N'AppPageAction', N'submit', N'AppPageAction.submit', N'Form', N'N', NULL, NULL, N'{application_head_uuid}', NULL);
INSERT INTO Proxy (UUID, Proxy_Action, Proxy_Method, description, Proxy_Type, need_redirect, redirect_Proxy_Action, redirect_Proxy_Method, application_head_uuid, redirect_src) VALUES (N'14050611293100085', N'AppPageAction', N'info', N'AppPageAction.info', N'Store', N'N', NULL, NULL, N'{application_head_uuid}', NULL);
INSERT INTO Proxy (UUID, Proxy_Action, Proxy_Method, description, Proxy_Type, need_redirect, redirect_Proxy_Action, redirect_Proxy_Method, application_head_uuid, redirect_src) VALUES (N'14050611295700088', N'AppPageAction', N'destroyByUuid', N'AppPageAction.destroyByUuid', N'Store', N'N', NULL, NULL, N'{application_head_uuid}', NULL);
INSERT INTO Proxy (UUID, Proxy_Action, Proxy_Method, description, Proxy_Type, need_redirect, redirect_Proxy_Action, redirect_Proxy_Method, application_head_uuid, redirect_src) VALUES (N'14050611303400092', N'AttendantAction', N'getUserName', N'AttendantAction.getUserName', N'Load', N'N', NULL, NULL, N'{application_head_uuid}', NULL);
INSERT INTO Proxy (UUID, Proxy_Action, Proxy_Method, description, Proxy_Type, need_redirect, redirect_Proxy_Action, redirect_Proxy_Method, application_head_uuid, redirect_src) VALUES (N'14050611305300095', N'AttendantAction', N'load', N'AttendantAction.load', N'Load', N'N', NULL, NULL, N'{application_head_uuid}', NULL);
INSERT INTO Proxy (UUID, Proxy_Action, Proxy_Method, description, Proxy_Type, need_redirect, redirect_Proxy_Action, redirect_Proxy_Method, application_head_uuid, redirect_src) VALUES (N'14050611311300098', N'AttendantAction', N'info', N'AttendantAction.info', N'Load', N'N', NULL, NULL, N'{application_head_uuid}', NULL);
INSERT INTO Proxy (UUID, Proxy_Action, Proxy_Method, description, Proxy_Type, need_redirect, redirect_Proxy_Action, redirect_Proxy_Method, application_head_uuid, redirect_src) VALUES (N'14050611313500100', N'AttendantAction', N'submit', N'AttendantAction.submit', N'Form', N'N', NULL, NULL, N'{application_head_uuid}', NULL);
INSERT INTO Proxy (UUID, Proxy_Action, Proxy_Method, description, Proxy_Type, need_redirect, redirect_Proxy_Action, redirect_Proxy_Method, application_head_uuid, redirect_src) VALUES (N'14050611315900103', N'AuthorityAction', N'loadAppmenuTree', N'AuthorityAction.loadAppmenuTree', N'TreeStore', N'N', NULL, NULL, N'{application_head_uuid}', NULL);
INSERT INTO Proxy (UUID, Proxy_Action, Proxy_Method, description, Proxy_Type, need_redirect, redirect_Proxy_Action, redirect_Proxy_Method, application_head_uuid, redirect_src) VALUES (N'14050611322200106', N'AuthorityAction', N'loadTreeRoot', N'AuthorityAction.loadTreeRoot', N'Store', N'N', NULL, NULL, N'{application_head_uuid}', NULL);
INSERT INTO Proxy (UUID, Proxy_Action, Proxy_Method, description, Proxy_Type, need_redirect, redirect_Proxy_Action, redirect_Proxy_Method, application_head_uuid, redirect_src) VALUES (N'14050611324000109', N'AuthorityAction', N'setGroupAppmenuIsDefaultPage', N'AuthorityAction.setGroupAppmenuIsDefaultPage', N'Store', N'N', NULL, NULL, N'{application_head_uuid}', NULL);
INSERT INTO Proxy (UUID, Proxy_Action, Proxy_Method, description, Proxy_Type, need_redirect, redirect_Proxy_Action, redirect_Proxy_Method, application_head_uuid, redirect_src) VALUES (N'14050611325800111', N'AuthorityAction', N'setGroupAppmenu', N'AuthorityAction.setGroupAppmenu', N'Store', N'N', NULL, NULL, N'{application_head_uuid}', NULL);
INSERT INTO Proxy (UUID, Proxy_Action, Proxy_Method, description, Proxy_Type, need_redirect, redirect_Proxy_Action, redirect_Proxy_Method, application_head_uuid, redirect_src) VALUES (N'14050611333500114', N'CompanyAction', N'getCompany', N'CompanyAction.getCompany', N'Store', N'N', NULL, NULL, N'{application_head_uuid}', NULL);
INSERT INTO Proxy (UUID, Proxy_Action, Proxy_Method, description, Proxy_Type, need_redirect, redirect_Proxy_Action, redirect_Proxy_Method, application_head_uuid, redirect_src) VALUES (N'14050611335900117', N'DeptAction', N'loadTree', N'DeptAction.loadTree', N'TreeStore', N'N', NULL, NULL, N'{application_head_uuid}', NULL);
INSERT INTO Proxy (UUID, Proxy_Action, Proxy_Method, description, Proxy_Type, need_redirect, redirect_Proxy_Action, redirect_Proxy_Method, application_head_uuid, redirect_src) VALUES (N'14050611341900121', N'DeptAction', N'loadTreeRoot', N'DeptAction.loadTreeRoot', N'Store', N'N', NULL, NULL, N'{application_head_uuid}', NULL);
INSERT INTO Proxy (UUID, Proxy_Action, Proxy_Method, description, Proxy_Type, need_redirect, redirect_Proxy_Action, redirect_Proxy_Method, application_head_uuid, redirect_src) VALUES (N'14050611343800123', N'DeptAction', N'info', N'DeptAction.info', N'Load', N'N', NULL, NULL, N'{application_head_uuid}', NULL);
INSERT INTO Proxy (UUID, Proxy_Action, Proxy_Method, description, Proxy_Type, need_redirect, redirect_Proxy_Action, redirect_Proxy_Method, application_head_uuid, redirect_src) VALUES (N'14050611345400126', N'DeptAction', N'submit', N'DeptAction.submit', N'Form', N'N', NULL, NULL, N'{application_head_uuid}', NULL);
INSERT INTO Proxy (UUID, Proxy_Action, Proxy_Method, description, Proxy_Type, need_redirect, redirect_Proxy_Action, redirect_Proxy_Method, application_head_uuid, redirect_src) VALUES (N'14050611351600129', N'DeptAction', N'destroy', N'DeptAction.destroy', N'Form', N'N', NULL, NULL, N'{application_head_uuid}', NULL);
INSERT INTO Proxy (UUID, Proxy_Action, Proxy_Method, description, Proxy_Type, need_redirect, redirect_Proxy_Action, redirect_Proxy_Method, application_head_uuid, redirect_src) VALUES (N'14050611354300132', N'EncryptAction', N'Encode', N'EncryptAction.Encode', N'Load', N'N', NULL, NULL, N'{application_head_uuid}', NULL);
INSERT INTO Proxy (UUID, Proxy_Action, Proxy_Method, description, Proxy_Type, need_redirect, redirect_Proxy_Action, redirect_Proxy_Method, application_head_uuid, redirect_src) VALUES (N'14050611360900134', N'ErrorLogAction', N'load', N'ErrorLogAction.load', N'Load', N'N', NULL, NULL, N'{application_head_uuid}', NULL);
INSERT INTO Proxy (UUID, Proxy_Action, Proxy_Method, description, Proxy_Type, need_redirect, redirect_Proxy_Action, redirect_Proxy_Method, application_head_uuid, redirect_src) VALUES (N'14050611362900137', N'ErrorLogAction', N'UpdateAllRead', N'ErrorLogAction.UpdateAllRead', N'Store', N'N', NULL, NULL, N'{application_head_uuid}', NULL);
INSERT INTO Proxy (UUID, Proxy_Action, Proxy_Method, description, Proxy_Type, need_redirect, redirect_Proxy_Action, redirect_Proxy_Method, application_head_uuid, redirect_src) VALUES (N'14050611364400140', N'ErrorLogAction', N'UpdateRead', N'ErrorLogAction.UpdateRead', N'Load', N'N', NULL, NULL, N'{application_head_uuid}', NULL);
INSERT INTO Proxy (UUID, Proxy_Action, Proxy_Method, description, Proxy_Type, need_redirect, redirect_Proxy_Action, redirect_Proxy_Method, application_head_uuid, redirect_src) VALUES (N'14050611371000142', N'GroupAttendantAction', N'loadAttendantStoreInGroup', N'GroupAttendantAction.loadAttendantStoreInGroup', N'Store', N'N', NULL, NULL, N'{application_head_uuid}', NULL);
INSERT INTO Proxy (UUID, Proxy_Action, Proxy_Method, description, Proxy_Type, need_redirect, redirect_Proxy_Action, redirect_Proxy_Method, application_head_uuid, redirect_src) VALUES (N'14050611380800146', N'GroupAttendantAction', N'loadAttendantStoreNotInGroup', N'GroupAttendantAction.loadAttendantStoreNotInGroup', N'Store', N'N', NULL, NULL, N'{application_head_uuid}', NULL);
INSERT INTO Proxy (UUID, Proxy_Action, Proxy_Method, description, Proxy_Type, need_redirect, redirect_Proxy_Action, redirect_Proxy_Method, application_head_uuid, redirect_src) VALUES (N'14050611382800149', N'GroupAttendantAction', N'addAttendnatGroupHead', N'GroupAttendantAction.addAttendnatGroupHead', N'Store', N'N', NULL, NULL, N'{application_head_uuid}', NULL);
INSERT INTO Proxy (UUID, Proxy_Action, Proxy_Method, description, Proxy_Type, need_redirect, redirect_Proxy_Action, redirect_Proxy_Method, application_head_uuid, redirect_src) VALUES (N'14050611384800152', N'GroupAttendantAction', N'destroyBy', N'GroupAttendantAction.destroyBy', N'Store', N'N', NULL, NULL, N'{application_head_uuid}', NULL);
INSERT INTO Proxy (UUID, Proxy_Action, Proxy_Method, description, Proxy_Type, need_redirect, redirect_Proxy_Action, redirect_Proxy_Method, application_head_uuid, redirect_src) VALUES (N'14050611391400156', N'GroupHeadAction', N'load', N'GroupHeadAction.load', N'Store', N'N', NULL, NULL, N'{application_head_uuid}', NULL);
INSERT INTO Proxy (UUID, Proxy_Action, Proxy_Method, description, Proxy_Type, need_redirect, redirect_Proxy_Action, redirect_Proxy_Method, application_head_uuid, redirect_src) VALUES (N'14050611393400158', N'GroupHeadAction', N'info', N'GroupHeadAction.info', N'Load', N'N', NULL, NULL, N'{application_head_uuid}', NULL);
INSERT INTO Proxy (UUID, Proxy_Action, Proxy_Method, description, Proxy_Type, need_redirect, redirect_Proxy_Action, redirect_Proxy_Method, application_head_uuid, redirect_src) VALUES (N'14050611395500161', N'GroupHeadAction', N'submit', N'GroupHeadAction.submit', N'Form', N'N', NULL, NULL, N'{application_head_uuid}', NULL);
INSERT INTO Proxy (UUID, Proxy_Action, Proxy_Method, description, Proxy_Type, need_redirect, redirect_Proxy_Action, redirect_Proxy_Method, application_head_uuid, redirect_src) VALUES (N'14050611401000164', N'GroupHeadAction', N'deleteGroupHead', N'GroupHeadAction.deleteGroupHead', N'Store', N'N', NULL, NULL, N'{application_head_uuid}', NULL);
INSERT INTO Proxy (UUID, Proxy_Action, Proxy_Method, description, Proxy_Type, need_redirect, redirect_Proxy_Action, redirect_Proxy_Method, application_head_uuid, redirect_src) VALUES (N'14050611403400166', N'InitAction', N'loadBasic', N'InitAction.loadBasic', N'Load', N'N', NULL, NULL, N'{application_head_uuid}', NULL);
INSERT INTO Proxy (UUID, Proxy_Action, Proxy_Method, description, Proxy_Type, need_redirect, redirect_Proxy_Action, redirect_Proxy_Method, application_head_uuid, redirect_src) VALUES (N'14050611405200169', N'InitAction', N'loadException', N'InitAction.loadException', N'Load', N'N', NULL, NULL, N'{application_head_uuid}', NULL);
INSERT INTO Proxy (UUID, Proxy_Action, Proxy_Method, description, Proxy_Type, need_redirect, redirect_Proxy_Action, redirect_Proxy_Method, application_head_uuid, redirect_src) VALUES (N'14050611411100172', N'InitAction', N'loadAction', N'InitAction.loadAction', N'Load', N'N', NULL, NULL, N'{application_head_uuid}', NULL);
INSERT INTO Proxy (UUID, Proxy_Action, Proxy_Method, description, Proxy_Type, need_redirect, redirect_Proxy_Action, redirect_Proxy_Method, application_head_uuid, redirect_src) VALUES (N'14050611412600174', N'InitAction', N'loadParameter', N'InitAction.loadParameter', N'Load', N'N', NULL, NULL, N'{application_head_uuid}', NULL);
INSERT INTO Proxy (UUID, Proxy_Action, Proxy_Method, description, Proxy_Type, need_redirect, redirect_Proxy_Action, redirect_Proxy_Method, application_head_uuid, redirect_src) VALUES (N'14050611414900177', N'InitAction', N'submitParameter', N'InitAction.submitParameter', N'Load', N'N', NULL, NULL, N'{application_head_uuid}', NULL);
INSERT INTO Proxy (UUID, Proxy_Action, Proxy_Method, description, Proxy_Type, need_redirect, redirect_Proxy_Action, redirect_Proxy_Method, application_head_uuid, redirect_src) VALUES (N'14050611421700181', N'InitAction', N'testConnection', N'InitAction.testConnection', N'Load', N'N', NULL, NULL, N'{application_head_uuid}', NULL);
INSERT INTO Proxy (UUID, Proxy_Action, Proxy_Method, description, Proxy_Type, need_redirect, redirect_Proxy_Action, redirect_Proxy_Method, application_head_uuid, redirect_src) VALUES (N'14050611424000184', N'InitAction', N'submitBasic', N'InitAction.submitBasic', N'Store', N'N', NULL, NULL, N'{application_head_uuid}', NULL);
INSERT INTO Proxy (UUID, Proxy_Action, Proxy_Method, description, Proxy_Type, need_redirect, redirect_Proxy_Action, redirect_Proxy_Method, application_head_uuid, redirect_src) VALUES (N'14050611430000188', N'InitAction', N'submitException', N'InitAction.submitException', N'Store', N'N', NULL, NULL, N'{application_head_uuid}', NULL);
INSERT INTO Proxy (UUID, Proxy_Action, Proxy_Method, description, Proxy_Type, need_redirect, redirect_Proxy_Action, redirect_Proxy_Method, application_head_uuid, redirect_src) VALUES (N'14050611431500191', N'InitAction', N'submitActionLog', N'InitAction.submitActionLog', N'Store', N'N', NULL, NULL, N'{application_head_uuid}', NULL);
INSERT INTO Proxy (UUID, Proxy_Action, Proxy_Method, description, Proxy_Type, need_redirect, redirect_Proxy_Action, redirect_Proxy_Method, application_head_uuid, redirect_src) VALUES (N'14050611433100193', N'InitAction', N'initBasic', N'InitAction.initBasic', N'Store', N'N', NULL, NULL, N'{application_head_uuid}', NULL);
INSERT INTO Proxy (UUID, Proxy_Action, Proxy_Method, description, Proxy_Type, need_redirect, redirect_Proxy_Action, redirect_Proxy_Method, application_head_uuid, redirect_src) VALUES (N'14050611434600196', N'InitAction', N'initException', N'InitAction.initException', N'Store', N'N', NULL, NULL, N'{application_head_uuid}', NULL);
INSERT INTO Proxy (UUID, Proxy_Action, Proxy_Method, description, Proxy_Type, need_redirect, redirect_Proxy_Action, redirect_Proxy_Method, application_head_uuid, redirect_src) VALUES (N'14050611441200199', N'InitAction', N'initAction', N'InitAction.initAction', N'Store', N'N', NULL, NULL, N'{application_head_uuid}', NULL);
INSERT INTO Proxy (UUID, Proxy_Action, Proxy_Method, description, Proxy_Type, need_redirect, redirect_Proxy_Action, redirect_Proxy_Method, application_head_uuid, redirect_src) VALUES (N'14050611442800201', N'InitAction', N'importData', N'InitAction.importData', N'Store', N'N', NULL, NULL, N'{application_head_uuid}', NULL);
INSERT INTO Proxy (UUID, Proxy_Action, Proxy_Method, description, Proxy_Type, need_redirect, redirect_Proxy_Action, redirect_Proxy_Method, application_head_uuid, redirect_src) VALUES (N'14050611445600204', N'MenuAction', N'loadMenuTree', N'MenuAction.loadMenuTree', N'TreeStore', N'N', NULL, NULL, N'{application_head_uuid}', NULL);
INSERT INTO Proxy (UUID, Proxy_Action, Proxy_Method, description, Proxy_Type, need_redirect, redirect_Proxy_Action, redirect_Proxy_Method, application_head_uuid, redirect_src) VALUES (N'14050611451300207', N'MenuAction', N'loadTreeRoot', N'MenuAction.loadTreeRoot', N'Store', N'N', NULL, NULL, N'{application_head_uuid}', NULL);
INSERT INTO Proxy (UUID, Proxy_Action, Proxy_Method, description, Proxy_Type, need_redirect, redirect_Proxy_Action, redirect_Proxy_Method, application_head_uuid, redirect_src) VALUES (N'14050611453000209', N'MenuAction', N'submit', N'MenuAction.submit', N'Form', N'N', NULL, NULL, N'{application_head_uuid}', NULL);
INSERT INTO Proxy (UUID, Proxy_Action, Proxy_Method, description, Proxy_Type, need_redirect, redirect_Proxy_Action, redirect_Proxy_Method, application_head_uuid, redirect_src) VALUES (N'14050611455200212', N'MenuAction', N'info', N'MenuAction.info', N'Store', N'N', NULL, NULL, N'{application_head_uuid}', NULL);
INSERT INTO Proxy (UUID, Proxy_Action, Proxy_Method, description, Proxy_Type, need_redirect, redirect_Proxy_Action, redirect_Proxy_Method, application_head_uuid, redirect_src) VALUES (N'14050611460800214', N'MenuAction', N'destroyByUuid', N'MenuAction.destroyByUuid', N'Store', N'N', NULL, NULL, N'{application_head_uuid}', NULL);
INSERT INTO Proxy (UUID, Proxy_Action, Proxy_Method, description, Proxy_Type, need_redirect, redirect_Proxy_Action, redirect_Proxy_Method, application_head_uuid, redirect_src) VALUES (N'14050611462300217', N'MenuAction', N'setAppMenuIsActive', N'MenuAction.setAppMenuIsActive', N'Store', N'N', NULL, NULL, N'{application_head_uuid}', NULL);
INSERT INTO Proxy (UUID, Proxy_Action, Proxy_Method, description, Proxy_Type, need_redirect, redirect_Proxy_Action, redirect_Proxy_Method, application_head_uuid, redirect_src) VALUES (N'14050611463900219', N'MenuAction', N'deleteAppMenu', N'MenuAction.deleteAppMenu', N'Store', N'N', NULL, NULL, N'{application_head_uuid}', NULL);
INSERT INTO Proxy (UUID, Proxy_Action, Proxy_Method, description, Proxy_Type, need_redirect, redirect_Proxy_Action, redirect_Proxy_Method, application_head_uuid, redirect_src) VALUES (N'14050611470500222', N'MenuAction', N'load', N'MenuAction.load', N'Store', N'N', NULL, NULL, N'{application_head_uuid}', NULL);
INSERT INTO Proxy (UUID, Proxy_Action, Proxy_Method, description, Proxy_Type, need_redirect, redirect_Proxy_Action, redirect_Proxy_Method, application_head_uuid, redirect_src) VALUES (N'14050611472100225', N'MenuAction', N'loadThisApplicationMenu', N'MenuAction.loadThisApplicationMenu', N'Store', N'N', NULL, NULL, N'{application_head_uuid}', NULL);
INSERT INTO Proxy (UUID, Proxy_Action, Proxy_Method, description, Proxy_Type, need_redirect, redirect_Proxy_Action, redirect_Proxy_Method, application_head_uuid, redirect_src) VALUES (N'14050613072700388', N'ProxyAction', N'loadProxy', N'ProxyAction.loadProxy', N'Store', N'N', NULL, NULL, N'{application_head_uuid}', NULL);
INSERT INTO Proxy (UUID, Proxy_Action, Proxy_Method, description, Proxy_Type, need_redirect, redirect_Proxy_Action, redirect_Proxy_Method, application_head_uuid, redirect_src) VALUES (N'14050613074600391', N'ProxyAction', N'submitProxy', N'ProxyAction.submitProxy', N'Form', N'N', NULL, NULL, N'{application_head_uuid}', NULL);
INSERT INTO Proxy (UUID, Proxy_Action, Proxy_Method, description, Proxy_Type, need_redirect, redirect_Proxy_Action, redirect_Proxy_Method, application_head_uuid, redirect_src) VALUES (N'14050613080300393', N'ProxyAction', N'infoProxy', N'ProxyAction.infoProxy', N'Store', N'N', NULL, NULL, N'{application_head_uuid}', NULL);
INSERT INTO Proxy (UUID, Proxy_Action, Proxy_Method, description, Proxy_Type, need_redirect, redirect_Proxy_Action, redirect_Proxy_Method, application_head_uuid, redirect_src) VALUES (N'14050613081700396', N'ProxyAction', N'destroyProxyByUuid', N'ProxyAction.destroyProxyByUuid', N'Store', N'N', NULL, NULL, N'{application_head_uuid}', NULL);
INSERT INTO Proxy (UUID, Proxy_Action, Proxy_Method, description, Proxy_Type, need_redirect, redirect_Proxy_Action, redirect_Proxy_Method, application_head_uuid, redirect_src) VALUES (N'14050613084200399', N'SiteMapAction', N'loadSiteMapTree', N'SiteMapAction.loadSiteMapTree', N'TreeStore', N'N', NULL, NULL, N'{application_head_uuid}', NULL);
INSERT INTO Proxy (UUID, Proxy_Action, Proxy_Method, description, Proxy_Type, need_redirect, redirect_Proxy_Action, redirect_Proxy_Method, application_head_uuid, redirect_src) VALUES (N'14050613085600401', N'SiteMapAction', N'loadTreeRoot', N'SiteMapAction.loadTreeRoot', N'Store', N'N', NULL, NULL, N'{application_head_uuid}', NULL);
INSERT INTO Proxy (UUID, Proxy_Action, Proxy_Method, description, Proxy_Type, need_redirect, redirect_Proxy_Action, redirect_Proxy_Method, application_head_uuid, redirect_src) VALUES (N'14050613091100404', N'SiteMapAction', N'load', N'SiteMapAction.load', N'Store', N'N', NULL, NULL, N'{application_head_uuid}', NULL);
INSERT INTO Proxy (UUID, Proxy_Action, Proxy_Method, description, Proxy_Type, need_redirect, redirect_Proxy_Action, redirect_Proxy_Method, application_head_uuid, redirect_src) VALUES (N'14050613092900406', N'SiteMapAction', N'loadThisApplication', N'SiteMapAction.loadThisApplication', N'Store', N'N', NULL, NULL, N'{application_head_uuid}', NULL);
INSERT INTO Proxy (UUID, Proxy_Action, Proxy_Method, description, Proxy_Type, need_redirect, redirect_Proxy_Action, redirect_Proxy_Method, application_head_uuid, redirect_src) VALUES (N'14050613095300413', N'SiteMapAction', N'submit', N'SiteMapAction.submit', N'Form', N'N', NULL, NULL, N'{application_head_uuid}', NULL);
INSERT INTO Proxy (UUID, Proxy_Action, Proxy_Method, description, Proxy_Type, need_redirect, redirect_Proxy_Action, redirect_Proxy_Method, application_head_uuid, redirect_src) VALUES (N'14050613101400416', N'SiteMapAction', N'info', N'SiteMapAction.info', N'Store', N'N', NULL, NULL, N'{application_head_uuid}', NULL);
INSERT INTO Proxy (UUID, Proxy_Action, Proxy_Method, description, Proxy_Type, need_redirect, redirect_Proxy_Action, redirect_Proxy_Method, application_head_uuid, redirect_src) VALUES (N'14050613103700418', N'SiteMapAction', N'destroyByUuid', N'SiteMapAction.destroyByUuid', N'Store', N'N', NULL, NULL, N'{application_head_uuid}', NULL);
INSERT INTO Proxy (UUID, Proxy_Action, Proxy_Method, description, Proxy_Type, need_redirect, redirect_Proxy_Action, redirect_Proxy_Method, application_head_uuid, redirect_src) VALUES (N'14050613105700421', N'SiteMapAction', N'setSiteMapIsActive', N'SiteMapAction.setSiteMapIsActive', N'Store', N'N', NULL, NULL, N'{application_head_uuid}', NULL);
INSERT INTO Proxy (UUID, Proxy_Action, Proxy_Method, description, Proxy_Type, need_redirect, redirect_Proxy_Action, redirect_Proxy_Method, application_head_uuid, redirect_src) VALUES (N'14050613111700424', N'SiteMapAction', N'deleteSiteMap', N'SiteMapAction.deleteSiteMap', N'Store', N'N', NULL, NULL, N'{application_head_uuid}', NULL);
INSERT INTO Proxy (UUID, Proxy_Action, Proxy_Method, description, Proxy_Type, need_redirect, redirect_Proxy_Action, redirect_Proxy_Method, application_head_uuid, redirect_src) VALUES (N'14050613114100430', N'SiteMapAction', N'addSiteMap', N'SiteMapAction.addSiteMap', N'Store', N'N', NULL, NULL, N'{application_head_uuid}', NULL);
INSERT INTO Proxy (UUID, Proxy_Action, Proxy_Method, description, Proxy_Type, need_redirect, redirect_Proxy_Action, redirect_Proxy_Method, application_head_uuid, redirect_src) VALUES (N'14050613120700432', N'UserAction', N'logon', N'UserAction.logon', N'Form', N'N', NULL, NULL, N'{application_head_uuid}', NULL);
INSERT INTO Proxy (UUID, Proxy_Action, Proxy_Method, description, Proxy_Type, need_redirect, redirect_Proxy_Action, redirect_Proxy_Method, application_head_uuid, redirect_src) VALUES (N'14050613122500435', N'UserAction', N'forgetPassword', N'UserAction.forgetPassword', N'Form', N'N', NULL, NULL, N'{application_head_uuid}', NULL);
INSERT INTO Proxy (UUID, Proxy_Action, Proxy_Method, description, Proxy_Type, need_redirect, redirect_Proxy_Action, redirect_Proxy_Method, application_head_uuid, redirect_src) VALUES (N'14050613124100437', N'UserAction', N'keepSession', N'UserAction.keepSession', N'Load', N'N', NULL, NULL, N'{application_head_uuid}', NULL);
INSERT INTO Proxy (UUID, Proxy_Action, Proxy_Method, description, Proxy_Type, need_redirect, redirect_Proxy_Action, redirect_Proxy_Method, application_head_uuid, redirect_src) VALUES (N'14050613130100440', N'UserAction', N'getUserInfo', N'UserAction.getUserInfo', N'Load', N'N', NULL, NULL, N'{application_head_uuid}', NULL);
INSERT INTO Proxy (UUID, Proxy_Action, Proxy_Method, description, Proxy_Type, need_redirect, redirect_Proxy_Action, redirect_Proxy_Method, application_head_uuid, redirect_src) VALUES (N'14050613132300443', N'UtilAction', N'getUid', N'UtilAction.getUid', N'Load', N'N', NULL, NULL, N'{application_head_uuid}', NULL);
INSERT INTO Proxy (UUID, Proxy_Action, Proxy_Method, description, Proxy_Type, need_redirect, redirect_Proxy_Action, redirect_Proxy_Method, application_head_uuid, redirect_src) VALUES (N'14050714464200557', N'ProxyAction', N'loadVAppmenuProxyMap', N'ProxyAction.loadVAppmenuProxyMap', N'Store', N'N', NULL, NULL, N'{application_head_uuid}', NULL);
INSERT INTO Proxy (UUID, Proxy_Action, Proxy_Method, description, Proxy_Type, need_redirect, redirect_Proxy_Action, redirect_Proxy_Method, application_head_uuid, redirect_src) VALUES (N'14050714492400679', N'ProxyAction', N'loadAppmenuProxyMapUnSelected', N'ProxyAction.loadAppmenuProxyMapUnSelected', N'Store', N'N', NULL, NULL, N'{application_head_uuid}', NULL);
INSERT INTO Proxy (UUID, Proxy_Action, Proxy_Method, description, Proxy_Type, need_redirect, redirect_Proxy_Action, redirect_Proxy_Method, application_head_uuid, redirect_src) VALUES (N'14050714520600786', N'ProxyAction', N'addAppmenuProxyMap', N'ProxyAction.addAppmenuProxyMap', N'Store', N'N', NULL, NULL, N'{application_head_uuid}', NULL);
INSERT INTO Proxy (UUID, Proxy_Action, Proxy_Method, description, Proxy_Type, need_redirect, redirect_Proxy_Action, redirect_Proxy_Method, application_head_uuid, redirect_src) VALUES (N'14050715010200963', N'ProxyAction', N'removeAppmenuProxyMap', N'ProxyAction.removeAppmenuProxyMap', N'Store', N'N', NULL, NULL, N'{application_head_uuid}', NULL);
INSERT INTO Proxy (UUID, Proxy_Action, Proxy_Method, description, Proxy_Type, need_redirect, redirect_Proxy_Action, redirect_Proxy_Method, application_head_uuid, redirect_src) VALUES (N'14050715225801512', N'AuthorityAction', N'loadAppmenuTree', N'AuthorityAction.loadAppmenuTree', N'TreeStore', N'N', NULL, NULL, N'{application_head_uuid}', NULL);


INSERT INTO  Proxy (UUID, Proxy_Action, Proxy_Method, description, Proxy_Type, need_redirect, redirect_Proxy_Action, redirect_Proxy_Method, application_head_uuid, redirect_src) VALUES (N'1405061123390004A', N'ServerAction', N'loadCpuInfo', N'ServerAction.loadCpuInfo', N'Load', N'N', NULL, NULL, N'{application_head_uuid}', NULL);

INSERT INTO  Proxy (UUID, Proxy_Action, Proxy_Method, description, Proxy_Type, need_redirect, redirect_Proxy_Action, redirect_Proxy_Method, application_head_uuid, redirect_src) VALUES (N'1405061123390004B', N'ServerAction', N'loadDisk', N'ServerAction.loadDisk', N'Load', N'N', NULL, NULL, N'{application_head_uuid}', NULL);

INSERT INTO  Proxy (UUID, Proxy_Action, Proxy_Method, description, Proxy_Type, need_redirect, redirect_Proxy_Action, redirect_Proxy_Method, application_head_uuid, redirect_src) VALUES (N'1405061123390004C', N'ServerAction', N'loadMemoryInfo', N'ServerAction.loadMemoryInfo', N'Load', N'N', NULL, NULL, N'{application_head_uuid}', NULL);

INSERT INTO  Proxy (UUID, Proxy_Action, Proxy_Method, description, Proxy_Type, need_redirect, redirect_Proxy_Action, redirect_Proxy_Method, application_head_uuid, redirect_src) VALUES (N'1405061123390004D', N'ServerAction', N'loadOSInfo', N'ServerAction.loadOSInfo', N'Load', N'N', NULL, NULL, N'{application_head_uuid}', NULL);

INSERT INTO  Proxy (UUID, Proxy_Action, Proxy_Method, description, Proxy_Type, need_redirect, redirect_Proxy_Action, redirect_Proxy_Method, application_head_uuid, redirect_src) VALUES (N'1405061123390004E', N'ServerAction', N'loadRuntimeCpuMem', N'ServerAction.loadRuntimeCpuMem', N'Load', N'N', NULL, NULL, N'{application_head_uuid}', NULL);




INSERT INTO APPMENU_PROXY_MAP (uuid, proxy_uuid, appMenu_uuid) VALUES (N'14050710504800919', N'14050611251800056', N'13100917475400037');
INSERT INTO APPMENU_PROXY_MAP (uuid, proxy_uuid, appMenu_uuid) VALUES (N'14050713431800067', N'14050611305300095', N'13100917492000039');
INSERT INTO APPMENU_PROXY_MAP (uuid, proxy_uuid, appMenu_uuid) VALUES (N'14050713451800086', N'14050611311300098', N'13100917492000039');
INSERT INTO APPMENU_PROXY_MAP (uuid, proxy_uuid, appMenu_uuid) VALUES (N'14050713462500106', N'14050611313500100', N'13100917492000039');
INSERT INTO APPMENU_PROXY_MAP (uuid, proxy_uuid, appMenu_uuid) VALUES (N'14050713484200147', N'14050611265400068', N'13100917504100041');
INSERT INTO APPMENU_PROXY_MAP (uuid, proxy_uuid, appMenu_uuid) VALUES (N'14050713502400181', N'14050611281600077', N'13100917504100041');
INSERT INTO APPMENU_PROXY_MAP (uuid, proxy_uuid, appMenu_uuid) VALUES (N'14050713544400225', N'14050611274500074', N'13100917504100041');
INSERT INTO APPMENU_PROXY_MAP (uuid, proxy_uuid, appMenu_uuid) VALUES (N'14050714192600114', N'14050611284200080', N'13100917515500042');
INSERT INTO APPMENU_PROXY_MAP (uuid, proxy_uuid, appMenu_uuid) VALUES (N'14050714352900242', N'14050611293100085', N'13100917515500042');
INSERT INTO APPMENU_PROXY_MAP (uuid, proxy_uuid, appMenu_uuid) VALUES (N'14050714353500247', N'14050611290800082', N'13100917515500042');
INSERT INTO APPMENU_PROXY_MAP (uuid, proxy_uuid, appMenu_uuid) VALUES (N'14050714354200252', N'14050611295700088', N'13100917515500042');
INSERT INTO APPMENU_PROXY_MAP (uuid, proxy_uuid, appMenu_uuid) VALUES (N'14050714413100360', N'14050611445600204', N'13100917534300044');
INSERT INTO APPMENU_PROXY_MAP (uuid, proxy_uuid, appMenu_uuid) VALUES (N'14050714413600366', N'14050611451300207', N'13100917534300044');
INSERT INTO APPMENU_PROXY_MAP (uuid, proxy_uuid, appMenu_uuid) VALUES (N'14050714414100372', N'14050611453000209', N'13100917534300044');
INSERT INTO APPMENU_PROXY_MAP (uuid, proxy_uuid, appMenu_uuid) VALUES (N'14050714414700377', N'14050611455200212', N'13100917534300044');
INSERT INTO APPMENU_PROXY_MAP (uuid, proxy_uuid, appMenu_uuid) VALUES (N'14050714415200383', N'14050611460800214', N'13100917534300044');
INSERT INTO APPMENU_PROXY_MAP (uuid, proxy_uuid, appMenu_uuid) VALUES (N'14050714415600388', N'14050611462300217', N'13100917534300044');
INSERT INTO APPMENU_PROXY_MAP (uuid, proxy_uuid, appMenu_uuid) VALUES (N'14050714420000393', N'14050611463900219', N'13100917534300044');
INSERT INTO APPMENU_PROXY_MAP (uuid, proxy_uuid, appMenu_uuid) VALUES (N'14050714420400399', N'14050611470500222', N'13100917534300044');
INSERT INTO APPMENU_PROXY_MAP (uuid, proxy_uuid, appMenu_uuid) VALUES (N'14050714421000404', N'14050611472100225', N'13100917534300044');
INSERT INTO APPMENU_PROXY_MAP (uuid, proxy_uuid, appMenu_uuid) VALUES (N'14050714440900472', N'14050613072700388', N'13100917534300044');
INSERT INTO APPMENU_PROXY_MAP (uuid, proxy_uuid, appMenu_uuid) VALUES (N'14050714441400477', N'14050613074600391', N'13100917534300044');
INSERT INTO APPMENU_PROXY_MAP (uuid, proxy_uuid, appMenu_uuid) VALUES (N'14050714441800482', N'14050613080300393', N'13100917534300044');
INSERT INTO APPMENU_PROXY_MAP (uuid, proxy_uuid, appMenu_uuid) VALUES (N'14050714442200488', N'14050613081700396', N'13100917534300044');
INSERT INTO APPMENU_PROXY_MAP (uuid, proxy_uuid, appMenu_uuid) VALUES (N'14050714454700536', N'14050613092900406', N'13100917534300044');
INSERT INTO APPMENU_PROXY_MAP (uuid, proxy_uuid, appMenu_uuid) VALUES (N'14050714470200575', N'14050714464200557', N'13100917534300044');
INSERT INTO APPMENU_PROXY_MAP (uuid, proxy_uuid, appMenu_uuid) VALUES (N'14050714480700626', N'14050611360900134', N'13100917444700033');
INSERT INTO APPMENU_PROXY_MAP (uuid, proxy_uuid, appMenu_uuid) VALUES (N'14050714481300631', N'14050611362900137', N'13100917444700033');
INSERT INTO APPMENU_PROXY_MAP (uuid, proxy_uuid, appMenu_uuid) VALUES (N'14050714481700636', N'14050611364400140', N'13100917444700033');
INSERT INTO APPMENU_PROXY_MAP (uuid, proxy_uuid, appMenu_uuid) VALUES (N'14050714502100726', N'14050714492400679', N'13100917534300044');
INSERT INTO APPMENU_PROXY_MAP (uuid, proxy_uuid, appMenu_uuid) VALUES (N'14050714525100824', N'14050714520600786', N'13100917534300044');
INSERT INTO APPMENU_PROXY_MAP (uuid, proxy_uuid, appMenu_uuid) VALUES (N'14050715011000968', N'14050715010200963', N'13100917534300044');
INSERT INTO APPMENU_PROXY_MAP (uuid, proxy_uuid, appMenu_uuid) VALUES (N'14050715032201045', N'14050613085600401', N'13100917524800043');
INSERT INTO APPMENU_PROXY_MAP (uuid, proxy_uuid, appMenu_uuid) VALUES (N'14050715033201051', N'14050613084200399', N'13100917524800043');
INSERT INTO APPMENU_PROXY_MAP (uuid, proxy_uuid, appMenu_uuid) VALUES (N'14050715050501088', N'14050613114100430', N'13100917524800043');
INSERT INTO APPMENU_PROXY_MAP (uuid, proxy_uuid, appMenu_uuid) VALUES (N'14050715051201094', N'14050613111700424', N'13100917524800043');
INSERT INTO APPMENU_PROXY_MAP (uuid, proxy_uuid, appMenu_uuid) VALUES (N'14050715122201243', N'14050611315900103', N'13100917470800036');
INSERT INTO APPMENU_PROXY_MAP (uuid, proxy_uuid, appMenu_uuid) VALUES (N'14050715123601249', N'14050611391400156', N'13100917470800036');
INSERT INTO APPMENU_PROXY_MAP (uuid, proxy_uuid, appMenu_uuid) VALUES (N'14050715143601316', N'14050611393400158', N'13100917470800036');
INSERT INTO APPMENU_PROXY_MAP (uuid, proxy_uuid, appMenu_uuid) VALUES (N'14050715185001414', N'14050611395500161', N'13100917470800036');
INSERT INTO APPMENU_PROXY_MAP (uuid, proxy_uuid, appMenu_uuid) VALUES (N'14050715192301445', N'14050611371000142', N'13100917470800036');
INSERT INTO APPMENU_PROXY_MAP (uuid, proxy_uuid, appMenu_uuid) VALUES (N'14050715234901550', N'14050611322200106', N'13100917470800036');
INSERT INTO APPMENU_PROXY_MAP (uuid, proxy_uuid, appMenu_uuid) VALUES (N'14050715263401630', N'14050611325800111', N'13100917470800036');
INSERT INTO APPMENU_PROXY_MAP (uuid, proxy_uuid, appMenu_uuid) VALUES (N'14050715263901635', N'14050611324000109', N'13100917470800036');
INSERT INTO APPMENU_PROXY_MAP (uuid, proxy_uuid, appMenu_uuid) VALUES (N'14050715273801701', N'14050611380800146', N'13100917470800036');
INSERT INTO APPMENU_PROXY_MAP (uuid, proxy_uuid, appMenu_uuid) VALUES (N'14050715282101730', N'14050611382800149', N'13100917470800036');
INSERT INTO APPMENU_PROXY_MAP (uuid, proxy_uuid, appMenu_uuid) VALUES (N'14050715283601736', N'14050611384800152', N'13100917470800036');
INSERT INTO APPMENU_PROXY_MAP (uuid, proxy_uuid, appMenu_uuid) VALUES (N'14050715332501882', N'14050611401000164', N'13100917470800036');
INSERT INTO APPMENU_PROXY_MAP (uuid, proxy_uuid, appMenu_uuid) VALUES (N'14050715450802091', N'14050611233900040', N'13100917475400037');
INSERT INTO APPMENU_PROXY_MAP (uuid, proxy_uuid, appMenu_uuid) VALUES (N'14050810510600082', N'14050611260500063', N'13100917475400037');


INSERT INTO  APPMENU_PROXY_MAP (uuid, proxy_uuid, appMenu_uuid) VALUES (N'1405081051060008A', N'1405061123390004A', N'13100917444700033');
INSERT INTO  APPMENU_PROXY_MAP (uuid, proxy_uuid, appMenu_uuid) VALUES (N'1405081051060008B', N'1405061123390004B', N'13100917444700033');
INSERT INTO  APPMENU_PROXY_MAP (uuid, proxy_uuid, appMenu_uuid) VALUES (N'1405081051060008C', N'1405061123390004C', N'13100917444700033');
INSERT INTO  APPMENU_PROXY_MAP (uuid, proxy_uuid, appMenu_uuid) VALUES (N'1405081051060008D', N'1405061123390004D', N'13100917444700033');
INSERT INTO APPMENU_PROXY_MAP (uuid, proxy_uuid, appMenu_uuid) VALUES (N'1405081051060008E', N'1405061123390004E', N'13100917444700033');

INSERT INTO APPPAGE (uuid, is_active, create_date, create_user, update_date, update_user, id, name, description, url, parameter_class, application_head_uuid, p_mode) VALUES (N'14050515065300305', N'Y', sysdate, N'{admin_uuid}', sysdate, N'{admin_uuid}', N'資源維護', N'資源維護', N'資源維護', N'~/admin/system/proxy.aspx', N'', N'{application_head_uuid}', N'');

INSERT INTO SITEMAP (uuid, is_active, create_date, create_user, update_date, update_user, sitemap_uuid, apppage_uuid, root_uuid, haschild, application_head_uuid) VALUES (N'14050911312400555', N'Y',sysdate, N'{admin_uuid}', NULL, N'{admin_uuid}', NULL, N'14050515065300305', N'0000000002', N'Y', N'{application_head_uuid}');

INSERT INTO APPMENU (uuid, is_active, create_date, create_user, update_date, update_user, name_zh_tw, name_zh_cn, name_en_us, id, appmenu_uuid, haschild, application_head_uuid, ord, parameter_class, image, sitemap_uuid, action_mode, is_default_page, is_admin) VALUES (N'14050515061000293', N'Y', sysdate, N'{admin_uuid}', sysdate, N'{admin_uuid}', N'資源', N'資源', N'資源', N'PROXY', N'13100917461400035', N'N', N'{application_head_uuid}', 5, NULL, N'~\css\images\source.png', N'14050911312400555', NULL, N'N', N'Y');

INSERT INTO GROUP_APPMENU (uuid, is_active, create_date, create_user, update_date, update_user, appmenu_uuid, group_head_uuid, is_default_page) VALUES (N'14050909172900449', N'Y', sysdate, N'{admin_uuid}',sysdate, NULL, N'14050515061000293', N'13100913194100001', N'N');








INSERT INTO  APPPAGE (uuid, is_active, create_date, create_user, update_date, update_user, id, name, description, url, parameter_class, application_head_uuid, p_mode) VALUES (N'14062414050600367', N'Y',sysdate, N'{admin_uuid}', sysdate, N'{admin_uuid}', N'SCHEDULE', N'排程工作', N'排程工作', N'~/admin/jobs/schedule.aspx', N'', N'{application_head_uuid}', N'');

INSERT INTO  SITEMAP (uuid, is_active, create_date, create_user, update_date, update_user, sitemap_uuid, apppage_uuid, root_uuid, haschild, application_head_uuid) VALUES (N'14062414095600395', N'Y', sysdate, N'{admin_uuid}', sysdate, N'{admin_uuid}', N'0000000002', N'14062414050600367', N'0000000002', N'Y', N'{application_head_uuid}');

INSERT INTO  APPMENU (uuid, is_active, create_date, create_user, update_date, update_user, name_zh_tw, name_zh_cn, name_en_us, id, appmenu_uuid, haschild, application_head_uuid, ord, parameter_class, image, sitemap_uuid, action_mode, is_default_page, is_admin) VALUES (N'14062414122200416', N'Y', sysdate, N'{admin_uuid}', sysdate, N'{admin_uuid}', N'排程工作', N'排程工作', N'排程工作', N'ScheduleJob',N'13100917444700033', N'N', N'{application_head_uuid}', 3, NULL, N'~\css\images\schedule.png', N'14062414095600395', NULL, N'N', N'N');

INSERT INTO  Proxy (UUID, Proxy_Action, Proxy_Method, description, Proxy_Type, need_redirect, redirect_Proxy_Action, redirect_Proxy_Method, application_head_uuid, redirect_src) VALUES (N'14062414182400467', N'ScheduleAction', N'loadSchedule', N'ScheduleAction.loadSchedule', N'Store', N'N', NULL, NULL, N'{application_head_uuid}', NULL);

INSERT INTO  Proxy (UUID, Proxy_Action, Proxy_Method, description, Proxy_Type, need_redirect, redirect_Proxy_Action, redirect_Proxy_Method, application_head_uuid, redirect_src) VALUES (N'14062414184100470', N'ScheduleAction', N'infoSchedule', N'ScheduleAction.infoSchedule', N'Load', N'N', NULL, NULL, N'{application_head_uuid}', NULL);

INSERT INTO  Proxy (UUID, Proxy_Action, Proxy_Method, description, Proxy_Type, need_redirect, redirect_Proxy_Action, redirect_Proxy_Method, application_head_uuid, redirect_src) VALUES (N'14062414190000473', N'ScheduleAction', N'deleteSchedule', N'ScheduleAction.deleteSchedule', N'Load', N'N', NULL, NULL, N'{application_head_uuid}', NULL);

INSERT INTO  Proxy (UUID, Proxy_Action, Proxy_Method, description, Proxy_Type, need_redirect, redirect_Proxy_Action, redirect_Proxy_Method, application_head_uuid, redirect_src) VALUES (N'14062414192900476', N'ScheduleAction', N'submitSchedule', N'ScheduleAction.submitSchedule', N'Form', N'N', NULL, NULL, N'{application_head_uuid}', NULL);

INSERT INTO  APPMENU_PROXY_MAP (uuid, proxy_uuid, appMenu_uuid) VALUES (N'14062414212800497', N'14062414182400467', N'14062414122200416');

INSERT INTO  APPMENU_PROXY_MAP (uuid, proxy_uuid, appMenu_uuid) VALUES (N'14062414213200502', N'14062414184100470', N'14062414122200416');

INSERT INTO  APPMENU_PROXY_MAP (uuid, proxy_uuid, appMenu_uuid) VALUES (N'14062414213600507', N'14062414190000473', N'14062414122200416');

INSERT INTO  APPMENU_PROXY_MAP (uuid, proxy_uuid, appMenu_uuid) VALUES (N'14062414214000513', N'14062414192900476', N'14062414122200416');

INSERT INTO  GROUP_APPMENU (uuid, is_active, create_date, create_user, update_date, update_user, appmenu_uuid, group_head_uuid, is_default_page) VALUES (N'14062414231600547', N'Y', sysdate, N'{admin_uuid}', sysdate, NULL, N'14062414122200416', N'13100913194100001', N'N');

INSERT INTO  SCHEDULE (UUID, SCHEDULE_NAME, SCHEDULE_END_DATE, LAST_RUN_TIME, LAST_RUN_STATUS, IS_CYCLE, SINGLE_DATE, HOUR, MINUTE, CYCLE_TYPE, C_MINUTE, C_HOUR, C_DAY, C_WEEK, C_DAY_OF_WEEK, C_MONTH, C_DAY_OF_MONTH, C_WEEK_OF_MONTH, C_YEAR, C_WEEK_OF_YEAR, RUN_URL, RUN_URL_PARAMETER, RUN_ATTENDANT_UUID, IS_ACTIVE, START_DATE, RUN_SECURITY, EXPEND_ALL, contiune_dateTime) VALUES (N'14062314385800071', N'每10分執行一次', sysdate, sysdate, N'OK', N'Y', NULL, NULL, NULL, N'每分重複', 10, NULL, NULL, NULL, NULL, NULL, NULL, NULL, NULL, NULL, N'http://localhost/WebTemplate3/admin/jobs/sampleJob1.ashx', NULL, NULL, N'Y', sysdate, N'localhost', N'N', sysdate);
