INSERT INTO COMPANY (uuid, create_date, update_date, is_active, class, id, c_name, e_name, voucher_point_uuid, week_shift, ou_sync_type, name_zh_cn, concurrent_user, expired_date, sales_attendant_uuid) VALUES (N'14043017113800054', sysdate, sysdate, N'Y', N'CLASS', N'myCompany', N'myCompany', N'myCompany', NULL, CAST(0 AS Numeric(18, 0)), N'N', N'myCompany', NULL, NULL, NULL);

INSERT INTO APPLICATION_HEAD (uuid, create_date, update_date, is_active, name, description, id, create_user, update_user, web_site) VALUES (N'14043017114000058', sysdate, sysdate, N'Y', N'LKWebTemplate4', N'LKWebTemplate4', N'14043017114000058', N'14043017113900056', N'14043017113900056', NULL);

INSERT INTO APPPAGE (uuid, is_active, create_date, create_user, update_date, update_user, id, name, description, url, parameter_class, application_head_uuid, p_mode) VALUES (N'15051118044000491', N'Y', sysdate, N'14043017113900056', sysdate, N'14043017113900056', N'company', N'公司維護', N'公司維護', N'~/admin/basic/company.aspx', N'', N'14043017114000058', N'');
INSERT INTO APPPAGE (uuid, is_active, create_date, create_user, update_date, update_user, id, name, description, url, parameter_class, application_head_uuid, p_mode) VALUES (N'15051118044000493', N'Y', sysdate, N'14043017113900056', sysdate, N'14043017113900056', N'dept', N'部門維護', N'部門維護', N'~/admin/basic/dept.aspx', N'', N'14043017114000058', N'');
INSERT INTO APPPAGE (uuid, is_active, create_date, create_user, update_date, update_user, id, name, description, url, parameter_class, application_head_uuid, p_mode) VALUES (N'15051118044000495', N'Y', sysdate, N'14043017113900056', sysdate, N'14043017113900056', N'attendant', N'人員維護', N'人員維護', N'~/admin/basic/attendant.aspx', N'', N'14043017114000058', N'');
INSERT INTO APPPAGE (uuid, is_active, create_date, create_user, update_date, update_user, id, name, description, url, parameter_class, application_head_uuid, p_mode) VALUES (N'15051118044000497', N'Y', sysdate, N'14043017113900056', sysdate, N'14043017113900056', N'system', N'系統', N'系統', N'~/admin/system/system.aspx', N'', N'14043017114000058', N'');
INSERT INTO APPPAGE (uuid, is_active, create_date, create_user, update_date, update_user, id, name, description, url, parameter_class, application_head_uuid, p_mode) VALUES (N'15051118044000499', N'Y', sysdate, N'14043017113900056', sysdate, N'14043017113900056', N'function', N'功能', N'功能', N'~/admin/system/function.aspx', N'', N'14043017114000058', N'');
INSERT INTO APPPAGE (uuid, is_active, create_date, create_user, update_date, update_user, id, name, description, url, parameter_class, application_head_uuid, p_mode) VALUES (N'15051118044000501', N'Y', sysdate, N'14043017113900056', sysdate, N'14043017113900056', N'sitemap', N'Site Map', N'Site Map', N'~/admin/system/sitemap.aspx', N'', N'14043017114000058', N'');
INSERT INTO APPPAGE (uuid, is_active, create_date, create_user, update_date, update_user, id, name, description, url, parameter_class, application_head_uuid, p_mode) VALUES (N'15051118044000503', N'Y', sysdate, N'14043017113900056', sysdate, N'14043017113900056', N'menu', N'選單', N'選單', N'~/admin/system/menu.aspx', N'', N'14043017114000058', N'');
INSERT INTO APPPAGE (uuid, is_active, create_date, create_user, update_date, update_user, id, name, description, url, parameter_class, application_head_uuid, p_mode) VALUES (N'15051118044000505', N'Y', sysdate, N'14043017113900056', sysdate, N'14043017113900056', N'authority', N'權限維護', N'權限維護', N'~/admin/authority/authority/grouphead_query.aspx', N'', N'14043017114000058', N'');


INSERT INTO ATTENDANT (uuid, create_date, update_date, is_active, company_uuid, account, c_name, e_name, email, password, is_supper, is_admin, code_page, department_uuid, phone, site_uuid, gender, birthday, hire_date, quit_date, is_manager, is_direct, grade, id, src_uuid, is_default_pass) VALUES (N'14043017113900056', sysdate, sysdate, N'Y', N'14043017113800054', N'myAdmin', N'管理者', N'Admin', N'canred.chen@gmail.com', N'myAdmin', N'N', N'Y', N'TW', NULL, NULL, NULL, N'M', NULL, NULL, NULL, N'N', N'N', NULL, N'myAdmin', NULL, N'Y');


INSERT INTO GROUP_HEAD (uuid, create_date, update_date, is_active, name_zh_tw, name_zh_cn, name_en_us, company_uuid, id, create_user, update_user, application_head_uuid) VALUES (N'15051118044000507', sysdate, sysdate, N'Y', N'管理者', N'管理者', N'admin', N'14043017113800054', N'admin', N'14043017113900056', NULL, N'14043017114000058');

INSERT INTO GROUP_ATTENDANT (uuid, is_active, create_date, create_user, update_date, update_user, group_head_uuid, attendant_uuid) VALUES (N'15051118044000509', N'Y', sysdate, N'14043017113900056', sysdate, N'14043017113900056', N'15051118044000507', N'14043017113900056');

INSERT INTO APPPAGE (uuid, is_active, create_date, create_user, update_date, update_user, id, name, description, url, parameter_class, application_head_uuid, p_mode) VALUES (N'15051118044000513', N'Y', sysdate, N'14043017113900056', sysdate, N'14043017113900056', N'gwp_query', N'全球暖化潛勢(GWP)值維護', N'全球暖化潛勢(GWP)值維護', N'~/gwp/gwp_query.aspx', N'', N'14043017114000058', N'');
INSERT INTO APPMENU (uuid, is_active, create_date, create_user, update_date, update_user, name_zh_tw, name_zh_cn, name_en_us, id, appmenu_uuid, haschild, application_head_uuid, ord, parameter_class, image, sitemap_uuid, action_mode, is_default_page, is_admin) VALUES (N'15051118044000511', N'Y', sysdate, N'14043017113900056', sysdate, N'14043017113900056', N'系統', N'系統', N'system', N'system', N'15051118044000511', N'Y', N'14043017114000058', CAST(0 AS Numeric(18, 0)), NULL, NULL, NULL, NULL, N'N', N'Y');


INSERT INTO SITEMAP (uuid, is_active, create_date, create_user, update_date, update_user, sitemap_uuid, apppage_uuid, root_uuid, haschild, application_head_uuid) VALUES (N'15051118044000515', N'Y', sysdate, N'14043017113900056', NULL, N'14043017113900056', NULL, N'15051118044000513', N'15051118044000515', N'Y', N'14043017114000058');
INSERT INTO SITEMAP (uuid, is_active, create_date, create_user, update_date, update_user, sitemap_uuid, apppage_uuid, root_uuid, haschild, application_head_uuid) VALUES (N'15051118044000517', N'Y', sysdate, N'14043017113900056', sysdate, N'14043017113900056', N'15051118044000515', N'15051118044000513', N'15051118044000515', N'Y', N'14043017114000058');


INSERT INTO SITEMAP (uuid, is_active, create_date, create_user, update_date, update_user, sitemap_uuid, apppage_uuid, root_uuid, haschild, application_head_uuid) VALUES (N'15051118044000519', N'Y', sysdate, N'14043017113900056', sysdate, N'14043017113900056', N'15051118044000515', N'15051118044000491', N'15051118044000515', N'Y', N'14043017114000058');
INSERT INTO SITEMAP (uuid, is_active, create_date, create_user, update_date, update_user, sitemap_uuid, apppage_uuid, root_uuid, haschild, application_head_uuid) VALUES (N'15051118044000521', N'Y', sysdate, N'14043017113900056', sysdate, N'14043017113900056', N'15051118044000515', N'15051118044000493', N'15051118044000515', N'Y', N'14043017114000058');
INSERT INTO SITEMAP (uuid, is_active, create_date, create_user, update_date, update_user, sitemap_uuid, apppage_uuid, root_uuid, haschild, application_head_uuid) VALUES (N'15051118044000523', N'Y', sysdate, N'14043017113900056', sysdate, N'14043017113900056', N'15051118044000515', N'15051118044000495', N'15051118044000515', N'Y', N'14043017114000058');
INSERT INTO SITEMAP (uuid, is_active, create_date, create_user, update_date, update_user, sitemap_uuid, apppage_uuid, root_uuid, haschild, application_head_uuid) VALUES (N'15051118044000525', N'Y', sysdate, N'14043017113900056', sysdate, N'14043017113900056', N'15051118044000515', N'15051118044000497', N'15051118044000515', N'Y', N'14043017114000058');
INSERT INTO SITEMAP (uuid, is_active, create_date, create_user, update_date, update_user, sitemap_uuid, apppage_uuid, root_uuid, haschild, application_head_uuid) VALUES (N'15051118044000527', N'Y', sysdate, N'14043017113900056', sysdate, N'14043017113900056', N'15051118044000515', N'15051118044000499', N'15051118044000515', N'Y', N'14043017114000058');
INSERT INTO SITEMAP (uuid, is_active, create_date, create_user, update_date, update_user, sitemap_uuid, apppage_uuid, root_uuid, haschild, application_head_uuid) VALUES (N'15051118044000529', N'Y', sysdate, N'14043017113900056', sysdate, N'14043017113900056', N'15051118044000515', N'15051118044000501', N'15051118044000515', N'Y', N'14043017114000058');
INSERT INTO SITEMAP (uuid, is_active, create_date, create_user, update_date, update_user, sitemap_uuid, apppage_uuid, root_uuid, haschild, application_head_uuid) VALUES (N'15051118044000531', N'Y', sysdate, N'14043017113900056', sysdate, N'14043017113900056', N'15051118044000515', N'15051118044000503', N'15051118044000515', N'Y', N'14043017114000058');
INSERT INTO SITEMAP (uuid, is_active, create_date, create_user, update_date, update_user, sitemap_uuid, apppage_uuid, root_uuid, haschild, application_head_uuid) VALUES (N'15051118044000533', N'Y', sysdate, N'14043017113900056', sysdate, N'14043017113900056', N'15051118044000515', N'15051118044000505', N'15051118044000515', N'Y', N'14043017114000058');

INSERT INTO APPMENU (uuid, is_active, create_date, create_user, update_date, update_user, name_zh_tw, name_zh_cn, name_en_us, id, appmenu_uuid, haschild, application_head_uuid, ord, parameter_class, image, sitemap_uuid, action_mode, is_default_page, is_admin) VALUES (N'15051118044000535', N'Y', sysdate, N'14043017113900056', sysdate, N'14043017113900056', N'ROOT', N'ROOT', N'ROOT', N'15051118044000535', NULL, N'Y', N'14043017114000058', CAST(1 AS Numeric(18, 0)), NULL, NULL, N'15051118044000515', NULL, N'N', N'N');


INSERT INTO APPMENU (uuid, is_active, create_date, create_user, update_date, update_user, name_zh_tw, name_zh_cn, name_en_us, id, appmenu_uuid, haschild, application_head_uuid, ord, parameter_class, image, sitemap_uuid, action_mode, is_default_page, is_admin) VALUES (N'15051118044000537', N'Y', sysdate, N'14043017113900056', sysdate, N'14043017113900056', N'管理者', N'管理者', N'admin', N'admin', N'15051118044000535', N'Y', N'14043017114000058', CAST(6 AS Numeric(18, 0)), NULL, '~\css\images\setting.png', NULL, NULL, N'N', N'Y');
INSERT INTO APPMENU (uuid, is_active, create_date, create_user, update_date, update_user, name_zh_tw, name_zh_cn, name_en_us, id, appmenu_uuid, haschild, application_head_uuid, ord, parameter_class, image, sitemap_uuid, action_mode, is_default_page, is_admin) VALUES (N'15051118044000539', N'Y', sysdate, N'14043017113900056', sysdate, N'14043017113900056', N'基本資料維護', N'基本資料維護', N'basic', N'basic', N'15051118044000537', N'Y', N'14043017114000058', CAST(0 AS Numeric(18, 0)), NULL, '~\css\images\basic.png', NULL, NULL, N'N', N'Y');
INSERT INTO APPMENU (uuid, is_active, create_date, create_user, update_date, update_user, name_zh_tw, name_zh_cn, name_en_us, id, appmenu_uuid, haschild, application_head_uuid, ord, parameter_class, image, sitemap_uuid, action_mode, is_default_page, is_admin) VALUES (N'15051118044000541', N'Y', sysdate, N'14043017113900056', sysdate, N'14043017113900056', N'系統設定', N'系統設定', N'systemSetting', N'systemSetting', N'15051118044000537', N'Y', N'14043017114000058', CAST(1 AS Numeric(18, 0)), NULL, '~\css\images\setting.png', NULL, NULL, N'N', N'Y');
INSERT INTO APPMENU (uuid, is_active, create_date, create_user, update_date, update_user, name_zh_tw, name_zh_cn, name_en_us, id, appmenu_uuid, haschild, application_head_uuid, ord, parameter_class, image, sitemap_uuid, action_mode, is_default_page, is_admin) VALUES (N'15051118044000543', N'Y', sysdate, N'14043017113900056', sysdate, N'14043017113900056', N'權限', N'權限', N'authority', N'authority', N'15051118044000537', N'N', N'14043017114000058', CAST(2 AS Numeric(18, 0)), NULL, '~\css\images\permission.png', N'15051118044000533', NULL, N'N', N'Y');
INSERT INTO APPMENU (uuid, is_active, create_date, create_user, update_date, update_user, name_zh_tw, name_zh_cn, name_en_us, id, appmenu_uuid, haschild, application_head_uuid, ord, parameter_class, image, sitemap_uuid, action_mode, is_default_page, is_admin) VALUES (N'15051118044000545', N'Y', sysdate, N'14043017113900056', sysdate, N'14043017113900056', N'公司維護', N'公司維護', N'company', N'company', N'15051118044000539', N'N', N'14043017114000058', CAST(0 AS Numeric(18, 0)), NULL, '~\css\images\company.png', N'15051118044000519', NULL, N'N', N'Y');






INSERT INTO APPMENU (uuid, is_active, create_date, create_user, update_date, update_user, name_zh_tw, name_zh_cn, name_en_us, id, appmenu_uuid, haschild, application_head_uuid, ord, parameter_class, image, sitemap_uuid, action_mode, is_default_page, is_admin) VALUES (N'15051118044000547', N'Y', sysdate, N'14043017113900056', sysdate, N'14043017113900056', N'部門維護', N'部門維護', N'department', N'department', N'15051118044000539', N'N', N'14043017114000058', CAST(1 AS Numeric(18, 0)), NULL, NULL, N'15051118044000521', NULL, N'N', N'Y');
INSERT INTO APPMENU (uuid, is_active, create_date, create_user, update_date, update_user, name_zh_tw, name_zh_cn, name_en_us, id, appmenu_uuid, haschild, application_head_uuid, ord, parameter_class, image, sitemap_uuid, action_mode, is_default_page, is_admin) VALUES (N'15051118044000549', N'Y', sysdate, N'14043017113900056', sysdate, N'14043017113900056', N'人員維護', N'人員維護', N'attendant', N'attendant', N'15051118044000539', N'N', N'14043017114000058', CAST(2 AS Numeric(18, 0)), NULL, '~\css\images\man.png', N'15051118044000523', NULL, N'N', N'Y');

INSERT INTO APPMENU (uuid, is_active, create_date, create_user, update_date, update_user, name_zh_tw, name_zh_cn, name_en_us, id, appmenu_uuid, haschild, application_head_uuid, ord, parameter_class, image, sitemap_uuid, action_mode, is_default_page, is_admin) VALUES (N'15051118044000551', N'Y', sysdate, N'14043017113900056', sysdate, N'14043017113900056', N'功能', N'功能', N'function', N'function', N'15051118044000541', N'N', N'14043017114000058', CAST(1 AS Numeric(18, 0)), NULL, '~\css\images\function_tag.png', N'15051118044000527', NULL, N'N', N'Y');
INSERT INTO APPMENU (uuid, is_active, create_date, create_user, update_date, update_user, name_zh_tw, name_zh_cn, name_en_us, id, appmenu_uuid, haschild, application_head_uuid, ord, parameter_class, image, sitemap_uuid, action_mode, is_default_page, is_admin) VALUES (N'15051118044000553', N'Y', sysdate, N'14043017113900056', sysdate, N'14043017113900056', N'Site Map', N'Site Map', N'Site Map', N'site_map', N'15051118044000541', N'N', N'14043017114000058', CAST(2 AS Numeric(18, 0)), NULL, '~\css\images\map.png', N'15051118044000529', NULL, N'N', N'Y');
INSERT INTO APPMENU (uuid, is_active, create_date, create_user, update_date, update_user, name_zh_tw, name_zh_cn, name_en_us, id, appmenu_uuid, haschild, application_head_uuid, ord, parameter_class, image, sitemap_uuid, action_mode, is_default_page, is_admin) VALUES (N'15051118044000555', N'Y', sysdate, N'14043017113900056', sysdate, N'14043017113900056', N'選單', N'選單', N'menu', N'menu', N'15051118044000541', N'N', N'14043017114000058', CAST(3 AS Numeric(18, 0)), NULL, '~\css\images\menu.png', N'15051118044000531', NULL, N'N', N'Y');
INSERT INTO APPMENU (uuid, is_active, create_date, create_user, update_date, update_user, name_zh_tw, name_zh_cn, name_en_us, id, appmenu_uuid, haschild, application_head_uuid, ord, parameter_class, image, sitemap_uuid, action_mode, is_default_page, is_admin) VALUES (N'15051118044000557', N'Y', sysdate, N'14043017113900056', sysdate, N'14043017113900056', N'系統', N'系統', N'System', N'系統', N'15051118044000541', N'Y', N'14043017114000058', CAST(0 AS Numeric(18, 0)), NULL, '~\css\images\application.png', N'15051118044000525', NULL, N'N', N'N');
INSERT INTO APPMENU (uuid, is_active, create_date, create_user, update_date, update_user, name_zh_tw, name_zh_cn, name_en_us, id, appmenu_uuid, haschild, application_head_uuid, ord, parameter_class, image, sitemap_uuid, action_mode, is_default_page, is_admin) VALUES (N'15051118044000559', N'N', sysdate, N'14043017113900056', sysdate, N'14043017113900056', N'權限維護', N'權限維護', N'權限維護', N'Authority2', N'15051118044000541', N'Y', N'14043017114000058', CAST(4 AS Numeric(18, 0)), NULL, '~\css\images\key.png', N'15051118044000533', NULL, N'N', N'N');



INSERT INTO GROUP_APPMENU (uuid, is_active, create_date, create_user, update_date, update_user, appmenu_uuid, group_head_uuid, is_default_page) VALUES (N'15051118044000561', N'Y', sysdate, N'14043017113900056', sysdate, NULL, N'15051118044000535', N'15051118044000507', N'N');
INSERT INTO GROUP_APPMENU (uuid, is_active, create_date, create_user, update_date, update_user, appmenu_uuid, group_head_uuid, is_default_page) VALUES (N'15051118044000563', N'Y', sysdate, N'14043017113900056', sysdate, N'14043017113900056', N'15051118044000541', N'15051118044000507', N'N');
INSERT INTO GROUP_APPMENU (uuid, is_active, create_date, create_user, update_date, update_user, appmenu_uuid, group_head_uuid, is_default_page) VALUES (N'15051118044000565', N'Y', sysdate, N'14043017113900056', sysdate, N'14043017113900056', N'15051118044000537', N'15051118044000507', N'N');
INSERT INTO GROUP_APPMENU (uuid, is_active, create_date, create_user, update_date, update_user, appmenu_uuid, group_head_uuid, is_default_page) VALUES (N'15051118044000567', N'Y', sysdate, N'14043017113900056', sysdate, N'14043017113900056', N'15051118044000539', N'15051118044000507', N'N');
INSERT INTO GROUP_APPMENU (uuid, is_active, create_date, create_user, update_date, update_user, appmenu_uuid, group_head_uuid, is_default_page) VALUES (N'15051118044000569', N'Y', sysdate, N'14043017113900056', sysdate, N'14043017113900056', N'15051118044000543', N'15051118044000507', N'N');
INSERT INTO GROUP_APPMENU (uuid, is_active, create_date, create_user, update_date, update_user, appmenu_uuid, group_head_uuid, is_default_page) VALUES (N'15051118044000571', N'Y', sysdate, N'14043017113900056', sysdate, N'14043017113900056', N'15051118044000555', N'15051118044000507', N'N');
INSERT INTO GROUP_APPMENU (uuid, is_active, create_date, create_user, update_date, update_user, appmenu_uuid, group_head_uuid, is_default_page) VALUES (N'15051118044000573', N'Y', sysdate, N'14043017113900056', sysdate, N'14043017113900056', N'15051118044000511', N'15051118044000507', N'N');
INSERT INTO GROUP_APPMENU (uuid, is_active, create_date, create_user, update_date, update_user, appmenu_uuid, group_head_uuid, is_default_page) VALUES (N'15051118044000575', N'Y', sysdate, N'14043017113900056', sysdate, N'14043017113900056', N'15051118044000551', N'15051118044000507', N'N');
INSERT INTO GROUP_APPMENU (uuid, is_active, create_date, create_user, update_date, update_user, appmenu_uuid, group_head_uuid, is_default_page) VALUES (N'15051118044000577', N'Y', sysdate, N'14043017113900056', sysdate, N'14043017113900056', N'15051118044000553', N'15051118044000507', N'N');
INSERT INTO GROUP_APPMENU (uuid, is_active, create_date, create_user, update_date, update_user, appmenu_uuid, group_head_uuid, is_default_page) VALUES (N'15051118044000579', N'Y', sysdate, N'14043017113900056', sysdate, N'14043017113900056', N'15051118044000549', N'15051118044000507', N'N');
INSERT INTO GROUP_APPMENU (uuid, is_active, create_date, create_user, update_date, update_user, appmenu_uuid, group_head_uuid, is_default_page) VALUES (N'15051118044000581', N'Y', sysdate, N'14043017113900056', sysdate, N'14043017113900056', N'15051118044000545', N'15051118044000507', N'N');
INSERT INTO GROUP_APPMENU (uuid, is_active, create_date, create_user, update_date, update_user, appmenu_uuid, group_head_uuid, is_default_page) VALUES (N'15051118044000583', N'Y', sysdate, N'14043017113900056', sysdate, NULL, N'15051118044000557', N'15051118044000507', N'N');
INSERT INTO GROUP_APPMENU (uuid, is_active, create_date, create_user, update_date, update_user, appmenu_uuid, group_head_uuid, is_default_page) VALUES (N'15051118044000585', N'Y', sysdate, N'14043017113900056', sysdate, NULL, N'15051118044000559', N'15051118044000507', N'N');


INSERT INTO Proxy (UUID, Proxy_Action, Proxy_Method, description, Proxy_Type, need_redirect, redirect_Proxy_Action, redirect_Proxy_Method, application_head_uuid, redirect_src) VALUES (N'15051118044000591', N'AdminCompanyAction', N'loadCompany', N'AdminCompanyAction.loadCompany', N'Store', N'N', NULL, NULL, N'14043017114000058', NULL);
INSERT INTO Proxy (UUID, Proxy_Action, Proxy_Method, description, Proxy_Type, need_redirect, redirect_Proxy_Action, redirect_Proxy_Method, application_head_uuid, redirect_src) VALUES (N'15051118044000593', N'AdminCompanyAction', N'info', N'AdminCompanyAction.info', N'Load', N'N', NULL, NULL, N'14043017114000058', NULL);
INSERT INTO Proxy (UUID, Proxy_Action, Proxy_Method, description, Proxy_Type, need_redirect, redirect_Proxy_Action, redirect_Proxy_Method, application_head_uuid, redirect_src) VALUES (N'15051118044000595', N'AdminCompanyAction', N'submit', N'AdminCompanyAction.submit', N'Form', N'N', NULL, NULL, N'14043017114000058', NULL);
INSERT INTO Proxy (UUID, Proxy_Action, Proxy_Method, description, Proxy_Type, need_redirect, redirect_Proxy_Action, redirect_Proxy_Method, application_head_uuid, redirect_src) VALUES (N'15051118044000597', N'ApplicationAction', N'loadApplication', N'ApplicationAction.loadApplication', N'Store', N'N', NULL, NULL, N'14043017114000058', NULL);
INSERT INTO Proxy (UUID, Proxy_Action, Proxy_Method, description, Proxy_Type, need_redirect, redirect_Proxy_Action, redirect_Proxy_Method, application_head_uuid, redirect_src) VALUES (N'15051118044000599', N'ApplicationAction', N'getApplication', N'ApplicationAction.getApplication', N'Store', N'N', NULL, NULL, N'14043017114000058', NULL);
INSERT INTO Proxy (UUID, Proxy_Action, Proxy_Method, description, Proxy_Type, need_redirect, redirect_Proxy_Action, redirect_Proxy_Method, application_head_uuid, redirect_src) VALUES (N'15051118044000601', N'ApplicationAction', N'submit', N'ApplicationAction.submit', N'Form', N'N', NULL, NULL, N'14043017114000058', NULL);
INSERT INTO Proxy (UUID, Proxy_Action, Proxy_Method, description, Proxy_Type, need_redirect, redirect_Proxy_Action, redirect_Proxy_Method, application_head_uuid, redirect_src) VALUES (N'15051118044000603', N'ApplicationAction', N'info', N'ApplicationAction.info', N'Store', N'N', NULL, NULL, N'14043017114000058', NULL);
INSERT INTO Proxy (UUID, Proxy_Action, Proxy_Method, description, Proxy_Type, need_redirect, redirect_Proxy_Action, redirect_Proxy_Method, application_head_uuid, redirect_src) VALUES (N'15051118044000605', N'AppPageAction', N'loadAppPage', N'AppPageAction.loadAppPage', N'Store', N'N', NULL, NULL, N'14043017114000058', NULL);
INSERT INTO Proxy (UUID, Proxy_Action, Proxy_Method, description, Proxy_Type, need_redirect, redirect_Proxy_Action, redirect_Proxy_Method, application_head_uuid, redirect_src) VALUES (N'15051118044000607', N'AppPageAction', N'submit', N'AppPageAction.submit', N'Form', N'N', NULL, NULL, N'14043017114000058', NULL);
INSERT INTO Proxy (UUID, Proxy_Action, Proxy_Method, description, Proxy_Type, need_redirect, redirect_Proxy_Action, redirect_Proxy_Method, application_head_uuid, redirect_src) VALUES (N'15051118044000609', N'AppPageAction', N'info', N'AppPageAction.info', N'Store', N'N', NULL, NULL, N'14043017114000058', NULL);
INSERT INTO Proxy (UUID, Proxy_Action, Proxy_Method, description, Proxy_Type, need_redirect, redirect_Proxy_Action, redirect_Proxy_Method, application_head_uuid, redirect_src) VALUES (N'15051118044000611', N'AppPageAction', N'destroyByUuid', N'AppPageAction.destroyByUuid', N'Store', N'N', NULL, NULL, N'14043017114000058', NULL);
INSERT INTO Proxy (UUID, Proxy_Action, Proxy_Method, description, Proxy_Type, need_redirect, redirect_Proxy_Action, redirect_Proxy_Method, application_head_uuid, redirect_src) VALUES (N'15051118044000613', N'AttendantAction', N'getUserName', N'AttendantAction.getUserName', N'Load', N'N', NULL, NULL, N'14043017114000058', NULL);
INSERT INTO Proxy (UUID, Proxy_Action, Proxy_Method, description, Proxy_Type, need_redirect, redirect_Proxy_Action, redirect_Proxy_Method, application_head_uuid, redirect_src) VALUES (N'15051118044000615', N'AttendantAction', N'load', N'AttendantAction.load', N'Load', N'N', NULL, NULL, N'14043017114000058', NULL);
INSERT INTO Proxy (UUID, Proxy_Action, Proxy_Method, description, Proxy_Type, need_redirect, redirect_Proxy_Action, redirect_Proxy_Method, application_head_uuid, redirect_src) VALUES (N'15051118044000617', N'AttendantAction', N'info', N'AttendantAction.info', N'Load', N'N', NULL, NULL, N'14043017114000058', NULL);
INSERT INTO Proxy (UUID, Proxy_Action, Proxy_Method, description, Proxy_Type, need_redirect, redirect_Proxy_Action, redirect_Proxy_Method, application_head_uuid, redirect_src) VALUES (N'15051118044000619', N'AttendantAction', N'submit', N'AttendantAction.submit', N'Form', N'N', NULL, NULL, N'14043017114000058', NULL);
INSERT INTO Proxy (UUID, Proxy_Action, Proxy_Method, description, Proxy_Type, need_redirect, redirect_Proxy_Action, redirect_Proxy_Method, application_head_uuid, redirect_src) VALUES (N'15051118044000621', N'AuthorityAction', N'loadAppmenuTree', N'AuthorityAction.loadAppmenuTree', N'TreeStore', N'N', NULL, NULL, N'14043017114000058', NULL);
INSERT INTO Proxy (UUID, Proxy_Action, Proxy_Method, description, Proxy_Type, need_redirect, redirect_Proxy_Action, redirect_Proxy_Method, application_head_uuid, redirect_src) VALUES (N'15051118044000623', N'AuthorityAction', N'loadTreeRoot', N'AuthorityAction.loadTreeRoot', N'Store', N'N', NULL, NULL, N'14043017114000058', NULL);
INSERT INTO Proxy (UUID, Proxy_Action, Proxy_Method, description, Proxy_Type, need_redirect, redirect_Proxy_Action, redirect_Proxy_Method, application_head_uuid, redirect_src) VALUES (N'15051118044000625', N'AuthorityAction', N'setGroupAppmenuIsDefaultPage', N'AuthorityAction.setGroupAppmenuIsDefaultPage', N'Store', N'N', NULL, NULL, N'14043017114000058', NULL);
INSERT INTO Proxy (UUID, Proxy_Action, Proxy_Method, description, Proxy_Type, need_redirect, redirect_Proxy_Action, redirect_Proxy_Method, application_head_uuid, redirect_src) VALUES (N'15051118044000627', N'AuthorityAction', N'setGroupAppmenu', N'AuthorityAction.setGroupAppmenu', N'Store', N'N', NULL, NULL, N'14043017114000058', NULL);
INSERT INTO Proxy (UUID, Proxy_Action, Proxy_Method, description, Proxy_Type, need_redirect, redirect_Proxy_Action, redirect_Proxy_Method, application_head_uuid, redirect_src) VALUES (N'15051118044000629', N'CompanyAction', N'getCompany', N'CompanyAction.getCompany', N'Store', N'N', NULL, NULL, N'14043017114000058', NULL);
INSERT INTO Proxy (UUID, Proxy_Action, Proxy_Method, description, Proxy_Type, need_redirect, redirect_Proxy_Action, redirect_Proxy_Method, application_head_uuid, redirect_src) VALUES (N'15051118044000631', N'DeptAction', N'loadTree', N'DeptAction.loadTree', N'TreeStore', N'N', NULL, NULL, N'14043017114000058', NULL);
INSERT INTO Proxy (UUID, Proxy_Action, Proxy_Method, description, Proxy_Type, need_redirect, redirect_Proxy_Action, redirect_Proxy_Method, application_head_uuid, redirect_src) VALUES (N'15051118044000633', N'DeptAction', N'loadTreeRoot', N'DeptAction.loadTreeRoot', N'Store', N'N', NULL, NULL, N'14043017114000058', NULL);
INSERT INTO Proxy (UUID, Proxy_Action, Proxy_Method, description, Proxy_Type, need_redirect, redirect_Proxy_Action, redirect_Proxy_Method, application_head_uuid, redirect_src) VALUES (N'15051118044000635', N'DeptAction', N'info', N'DeptAction.info', N'Load', N'N', NULL, NULL, N'14043017114000058', NULL);
INSERT INTO Proxy (UUID, Proxy_Action, Proxy_Method, description, Proxy_Type, need_redirect, redirect_Proxy_Action, redirect_Proxy_Method, application_head_uuid, redirect_src) VALUES (N'15051118044000637', N'DeptAction', N'submit', N'DeptAction.submit', N'Form', N'N', NULL, NULL, N'14043017114000058', NULL);
INSERT INTO Proxy (UUID, Proxy_Action, Proxy_Method, description, Proxy_Type, need_redirect, redirect_Proxy_Action, redirect_Proxy_Method, application_head_uuid, redirect_src) VALUES (N'15051118044000639', N'DeptAction', N'destroy', N'DeptAction.destroy', N'Form', N'N', NULL, NULL, N'14043017114000058', NULL);
INSERT INTO Proxy (UUID, Proxy_Action, Proxy_Method, description, Proxy_Type, need_redirect, redirect_Proxy_Action, redirect_Proxy_Method, application_head_uuid, redirect_src) VALUES (N'15051118044000641', N'EncryptAction', N'Encode', N'EncryptAction.Encode', N'Load', N'N', NULL, NULL, N'14043017114000058', NULL);
INSERT INTO Proxy (UUID, Proxy_Action, Proxy_Method, description, Proxy_Type, need_redirect, redirect_Proxy_Action, redirect_Proxy_Method, application_head_uuid, redirect_src) VALUES (N'15051118044000643', N'ErrorLogAction', N'load', N'ErrorLogAction.load', N'Load', N'N', NULL, NULL, N'14043017114000058', NULL);
INSERT INTO Proxy (UUID, Proxy_Action, Proxy_Method, description, Proxy_Type, need_redirect, redirect_Proxy_Action, redirect_Proxy_Method, application_head_uuid, redirect_src) VALUES (N'15051118044000645', N'ErrorLogAction', N'UpdateAllRead', N'ErrorLogAction.UpdateAllRead', N'Store', N'N', NULL, NULL, N'14043017114000058', NULL);
INSERT INTO Proxy (UUID, Proxy_Action, Proxy_Method, description, Proxy_Type, need_redirect, redirect_Proxy_Action, redirect_Proxy_Method, application_head_uuid, redirect_src) VALUES (N'15051118044000647', N'ErrorLogAction', N'UpdateRead', N'ErrorLogAction.UpdateRead', N'Load', N'N', NULL, NULL, N'14043017114000058', NULL);
INSERT INTO Proxy (UUID, Proxy_Action, Proxy_Method, description, Proxy_Type, need_redirect, redirect_Proxy_Action, redirect_Proxy_Method, application_head_uuid, redirect_src) VALUES (N'15051118044000649', N'GroupAttendantAction', N'loadAttendantStoreInGroup', N'GroupAttendantAction.loadAttendantStoreInGroup', N'Store', N'N', NULL, NULL, N'14043017114000058', NULL);
INSERT INTO Proxy (UUID, Proxy_Action, Proxy_Method, description, Proxy_Type, need_redirect, redirect_Proxy_Action, redirect_Proxy_Method, application_head_uuid, redirect_src) VALUES (N'15051118044000651', N'GroupAttendantAction', N'loadAttendantStoreNotInGroup', N'GroupAttendantAction.loadAttendantStoreNotInGroup', N'Store', N'N', NULL, NULL, N'14043017114000058', NULL);
INSERT INTO Proxy (UUID, Proxy_Action, Proxy_Method, description, Proxy_Type, need_redirect, redirect_Proxy_Action, redirect_Proxy_Method, application_head_uuid, redirect_src) VALUES (N'15051118044000653', N'GroupAttendantAction', N'addAttendnatGroupHead', N'GroupAttendantAction.addAttendnatGroupHead', N'Store', N'N', NULL, NULL, N'14043017114000058', NULL);
INSERT INTO Proxy (UUID, Proxy_Action, Proxy_Method, description, Proxy_Type, need_redirect, redirect_Proxy_Action, redirect_Proxy_Method, application_head_uuid, redirect_src) VALUES (N'15051118044000655', N'GroupAttendantAction', N'destroyBy', N'GroupAttendantAction.destroyBy', N'Store', N'N', NULL, NULL, N'14043017114000058', NULL);
INSERT INTO Proxy (UUID, Proxy_Action, Proxy_Method, description, Proxy_Type, need_redirect, redirect_Proxy_Action, redirect_Proxy_Method, application_head_uuid, redirect_src) VALUES (N'15051118044000657', N'GroupHeadAction', N'load', N'GroupHeadAction.load', N'Store', N'N', NULL, NULL, N'14043017114000058', NULL);
INSERT INTO Proxy (UUID, Proxy_Action, Proxy_Method, description, Proxy_Type, need_redirect, redirect_Proxy_Action, redirect_Proxy_Method, application_head_uuid, redirect_src) VALUES (N'15051118044000659', N'GroupHeadAction', N'info', N'GroupHeadAction.info', N'Load', N'N', NULL, NULL, N'14043017114000058', NULL);
INSERT INTO Proxy (UUID, Proxy_Action, Proxy_Method, description, Proxy_Type, need_redirect, redirect_Proxy_Action, redirect_Proxy_Method, application_head_uuid, redirect_src) VALUES (N'15051118044000661', N'GroupHeadAction', N'submit', N'GroupHeadAction.submit', N'Form', N'N', NULL, NULL, N'14043017114000058', NULL);
INSERT INTO Proxy (UUID, Proxy_Action, Proxy_Method, description, Proxy_Type, need_redirect, redirect_Proxy_Action, redirect_Proxy_Method, application_head_uuid, redirect_src) VALUES (N'15051118044000663', N'GroupHeadAction', N'deleteGroupHead', N'GroupHeadAction.deleteGroupHead', N'Store', N'N', NULL, NULL, N'14043017114000058', NULL);
INSERT INTO Proxy (UUID, Proxy_Action, Proxy_Method, description, Proxy_Type, need_redirect, redirect_Proxy_Action, redirect_Proxy_Method, application_head_uuid, redirect_src) VALUES (N'15051118044000665', N'InitAction', N'loadBasic', N'InitAction.loadBasic', N'Load', N'N', NULL, NULL, N'14043017114000058', NULL);
INSERT INTO Proxy (UUID, Proxy_Action, Proxy_Method, description, Proxy_Type, need_redirect, redirect_Proxy_Action, redirect_Proxy_Method, application_head_uuid, redirect_src) VALUES (N'15051118044000667', N'InitAction', N'loadException', N'InitAction.loadException', N'Load', N'N', NULL, NULL, N'14043017114000058', NULL);
INSERT INTO Proxy (UUID, Proxy_Action, Proxy_Method, description, Proxy_Type, need_redirect, redirect_Proxy_Action, redirect_Proxy_Method, application_head_uuid, redirect_src) VALUES (N'15051118044000669', N'InitAction', N'loadAction', N'InitAction.loadAction', N'Load', N'N', NULL, NULL, N'14043017114000058', NULL);
INSERT INTO Proxy (UUID, Proxy_Action, Proxy_Method, description, Proxy_Type, need_redirect, redirect_Proxy_Action, redirect_Proxy_Method, application_head_uuid, redirect_src) VALUES (N'15051118044000671', N'InitAction', N'loadParameter', N'InitAction.loadParameter', N'Load', N'N', NULL, NULL, N'14043017114000058', NULL);
INSERT INTO Proxy (UUID, Proxy_Action, Proxy_Method, description, Proxy_Type, need_redirect, redirect_Proxy_Action, redirect_Proxy_Method, application_head_uuid, redirect_src) VALUES (N'15051118044000673', N'InitAction', N'submitParameter', N'InitAction.submitParameter', N'Load', N'N', NULL, NULL, N'14043017114000058', NULL);
INSERT INTO Proxy (UUID, Proxy_Action, Proxy_Method, description, Proxy_Type, need_redirect, redirect_Proxy_Action, redirect_Proxy_Method, application_head_uuid, redirect_src) VALUES (N'15051118044000675', N'InitAction', N'testConnection', N'InitAction.testConnection', N'Load', N'N', NULL, NULL, N'14043017114000058', NULL);
INSERT INTO Proxy (UUID, Proxy_Action, Proxy_Method, description, Proxy_Type, need_redirect, redirect_Proxy_Action, redirect_Proxy_Method, application_head_uuid, redirect_src) VALUES (N'15051118044000677', N'InitAction', N'submitBasic', N'InitAction.submitBasic', N'Store', N'N', NULL, NULL, N'14043017114000058', NULL);
INSERT INTO Proxy (UUID, Proxy_Action, Proxy_Method, description, Proxy_Type, need_redirect, redirect_Proxy_Action, redirect_Proxy_Method, application_head_uuid, redirect_src) VALUES (N'15051118044000679', N'InitAction', N'submitException', N'InitAction.submitException', N'Store', N'N', NULL, NULL, N'14043017114000058', NULL);
INSERT INTO Proxy (UUID, Proxy_Action, Proxy_Method, description, Proxy_Type, need_redirect, redirect_Proxy_Action, redirect_Proxy_Method, application_head_uuid, redirect_src) VALUES (N'15051118044000681', N'InitAction', N'submitActionLog', N'InitAction.submitActionLog', N'Store', N'N', NULL, NULL, N'14043017114000058', NULL);
INSERT INTO Proxy (UUID, Proxy_Action, Proxy_Method, description, Proxy_Type, need_redirect, redirect_Proxy_Action, redirect_Proxy_Method, application_head_uuid, redirect_src) VALUES (N'15051118044000683', N'InitAction', N'initBasic', N'InitAction.initBasic', N'Store', N'N', NULL, NULL, N'14043017114000058', NULL);
INSERT INTO Proxy (UUID, Proxy_Action, Proxy_Method, description, Proxy_Type, need_redirect, redirect_Proxy_Action, redirect_Proxy_Method, application_head_uuid, redirect_src) VALUES (N'15051118044000685', N'InitAction', N'initException', N'InitAction.initException', N'Store', N'N', NULL, NULL, N'14043017114000058', NULL);
INSERT INTO Proxy (UUID, Proxy_Action, Proxy_Method, description, Proxy_Type, need_redirect, redirect_Proxy_Action, redirect_Proxy_Method, application_head_uuid, redirect_src) VALUES (N'15051118044000687', N'InitAction', N'initAction', N'InitAction.initAction', N'Store', N'N', NULL, NULL, N'14043017114000058', NULL);
INSERT INTO Proxy (UUID, Proxy_Action, Proxy_Method, description, Proxy_Type, need_redirect, redirect_Proxy_Action, redirect_Proxy_Method, application_head_uuid, redirect_src) VALUES (N'15051118044000689', N'InitAction', N'importData', N'InitAction.importData', N'Store', N'N', NULL, NULL, N'14043017114000058', NULL);
INSERT INTO Proxy (UUID, Proxy_Action, Proxy_Method, description, Proxy_Type, need_redirect, redirect_Proxy_Action, redirect_Proxy_Method, application_head_uuid, redirect_src) VALUES (N'15051118044000691', N'MenuAction', N'loadMenuTree', N'MenuAction.loadMenuTree', N'TreeStore', N'N', NULL, NULL, N'14043017114000058', NULL);
INSERT INTO Proxy (UUID, Proxy_Action, Proxy_Method, description, Proxy_Type, need_redirect, redirect_Proxy_Action, redirect_Proxy_Method, application_head_uuid, redirect_src) VALUES (N'15051118044000693', N'MenuAction', N'loadTreeRoot', N'MenuAction.loadTreeRoot', N'Store', N'N', NULL, NULL, N'14043017114000058', NULL);
INSERT INTO Proxy (UUID, Proxy_Action, Proxy_Method, description, Proxy_Type, need_redirect, redirect_Proxy_Action, redirect_Proxy_Method, application_head_uuid, redirect_src) VALUES (N'15051118044000695', N'MenuAction', N'submit', N'MenuAction.submit', N'Form', N'N', NULL, NULL, N'14043017114000058', NULL);
INSERT INTO Proxy (UUID, Proxy_Action, Proxy_Method, description, Proxy_Type, need_redirect, redirect_Proxy_Action, redirect_Proxy_Method, application_head_uuid, redirect_src) VALUES (N'15051118044000697', N'MenuAction', N'info', N'MenuAction.info', N'Store', N'N', NULL, NULL, N'14043017114000058', NULL);
INSERT INTO Proxy (UUID, Proxy_Action, Proxy_Method, description, Proxy_Type, need_redirect, redirect_Proxy_Action, redirect_Proxy_Method, application_head_uuid, redirect_src) VALUES (N'15051118044000699', N'MenuAction', N'destroyByUuid', N'MenuAction.destroyByUuid', N'Store', N'N', NULL, NULL, N'14043017114000058', NULL);
INSERT INTO Proxy (UUID, Proxy_Action, Proxy_Method, description, Proxy_Type, need_redirect, redirect_Proxy_Action, redirect_Proxy_Method, application_head_uuid, redirect_src) VALUES (N'15051118044000701', N'MenuAction', N'setAppMenuIsActive', N'MenuAction.setAppMenuIsActive', N'Store', N'N', NULL, NULL, N'14043017114000058', NULL);
INSERT INTO Proxy (UUID, Proxy_Action, Proxy_Method, description, Proxy_Type, need_redirect, redirect_Proxy_Action, redirect_Proxy_Method, application_head_uuid, redirect_src) VALUES (N'15051118044000703', N'MenuAction', N'deleteAppMenu', N'MenuAction.deleteAppMenu', N'Store', N'N', NULL, NULL, N'14043017114000058', NULL);
INSERT INTO Proxy (UUID, Proxy_Action, Proxy_Method, description, Proxy_Type, need_redirect, redirect_Proxy_Action, redirect_Proxy_Method, application_head_uuid, redirect_src) VALUES (N'15051118044000705', N'MenuAction', N'load', N'MenuAction.load', N'Store', N'N', NULL, NULL, N'14043017114000058', NULL);
INSERT INTO Proxy (UUID, Proxy_Action, Proxy_Method, description, Proxy_Type, need_redirect, redirect_Proxy_Action, redirect_Proxy_Method, application_head_uuid, redirect_src) VALUES (N'15051118044000707', N'MenuAction', N'loadThisApplicationMenu', N'MenuAction.loadThisApplicationMenu', N'Store', N'N', NULL, NULL, N'14043017114000058', NULL);
INSERT INTO Proxy (UUID, Proxy_Action, Proxy_Method, description, Proxy_Type, need_redirect, redirect_Proxy_Action, redirect_Proxy_Method, application_head_uuid, redirect_src) VALUES (N'15051118044000709', N'ProxyAction', N'loadProxy', N'ProxyAction.loadProxy', N'Store', N'N', NULL, NULL, N'14043017114000058', NULL);
INSERT INTO Proxy (UUID, Proxy_Action, Proxy_Method, description, Proxy_Type, need_redirect, redirect_Proxy_Action, redirect_Proxy_Method, application_head_uuid, redirect_src) VALUES (N'15051118044000711', N'ProxyAction', N'submitProxy', N'ProxyAction.submitProxy', N'Form', N'N', NULL, NULL, N'14043017114000058', NULL);
INSERT INTO Proxy (UUID, Proxy_Action, Proxy_Method, description, Proxy_Type, need_redirect, redirect_Proxy_Action, redirect_Proxy_Method, application_head_uuid, redirect_src) VALUES (N'15051118044000713', N'ProxyAction', N'infoProxy', N'ProxyAction.infoProxy', N'Store', N'N', NULL, NULL, N'14043017114000058', NULL);
INSERT INTO Proxy (UUID, Proxy_Action, Proxy_Method, description, Proxy_Type, need_redirect, redirect_Proxy_Action, redirect_Proxy_Method, application_head_uuid, redirect_src) VALUES (N'15051118044000715', N'ProxyAction', N'destroyProxyByUuid', N'ProxyAction.destroyProxyByUuid', N'Store', N'N', NULL, NULL, N'14043017114000058', NULL);
INSERT INTO Proxy (UUID, Proxy_Action, Proxy_Method, description, Proxy_Type, need_redirect, redirect_Proxy_Action, redirect_Proxy_Method, application_head_uuid, redirect_src) VALUES (N'15051118044000717', N'SiteMapAction', N'loadSiteMapTree', N'SiteMapAction.loadSiteMapTree', N'TreeStore', N'N', NULL, NULL, N'14043017114000058', NULL);
INSERT INTO Proxy (UUID, Proxy_Action, Proxy_Method, description, Proxy_Type, need_redirect, redirect_Proxy_Action, redirect_Proxy_Method, application_head_uuid, redirect_src) VALUES (N'15051118044000719', N'SiteMapAction', N'loadTreeRoot', N'SiteMapAction.loadTreeRoot', N'Store', N'N', NULL, NULL, N'14043017114000058', NULL);
INSERT INTO Proxy (UUID, Proxy_Action, Proxy_Method, description, Proxy_Type, need_redirect, redirect_Proxy_Action, redirect_Proxy_Method, application_head_uuid, redirect_src) VALUES (N'15051118044000721', N'SiteMapAction', N'load', N'SiteMapAction.load', N'Store', N'N', NULL, NULL, N'14043017114000058', NULL);
INSERT INTO Proxy (UUID, Proxy_Action, Proxy_Method, description, Proxy_Type, need_redirect, redirect_Proxy_Action, redirect_Proxy_Method, application_head_uuid, redirect_src) VALUES (N'15051118044000723', N'SiteMapAction', N'loadThisApplication', N'SiteMapAction.loadThisApplication', N'Store', N'N', NULL, NULL, N'14043017114000058', NULL);
INSERT INTO Proxy (UUID, Proxy_Action, Proxy_Method, description, Proxy_Type, need_redirect, redirect_Proxy_Action, redirect_Proxy_Method, application_head_uuid, redirect_src) VALUES (N'15051118044000725', N'SiteMapAction', N'submit', N'SiteMapAction.submit', N'Form', N'N', NULL, NULL, N'14043017114000058', NULL);
INSERT INTO Proxy (UUID, Proxy_Action, Proxy_Method, description, Proxy_Type, need_redirect, redirect_Proxy_Action, redirect_Proxy_Method, application_head_uuid, redirect_src) VALUES (N'15051118044000727', N'SiteMapAction', N'info', N'SiteMapAction.info', N'Store', N'N', NULL, NULL, N'14043017114000058', NULL);
INSERT INTO Proxy (UUID, Proxy_Action, Proxy_Method, description, Proxy_Type, need_redirect, redirect_Proxy_Action, redirect_Proxy_Method, application_head_uuid, redirect_src) VALUES (N'15051118044000729', N'SiteMapAction', N'destroyByUuid', N'SiteMapAction.destroyByUuid', N'Store', N'N', NULL, NULL, N'14043017114000058', NULL);
INSERT INTO Proxy (UUID, Proxy_Action, Proxy_Method, description, Proxy_Type, need_redirect, redirect_Proxy_Action, redirect_Proxy_Method, application_head_uuid, redirect_src) VALUES (N'15051118044000731', N'SiteMapAction', N'setSiteMapIsActive', N'SiteMapAction.setSiteMapIsActive', N'Store', N'N', NULL, NULL, N'14043017114000058', NULL);
INSERT INTO Proxy (UUID, Proxy_Action, Proxy_Method, description, Proxy_Type, need_redirect, redirect_Proxy_Action, redirect_Proxy_Method, application_head_uuid, redirect_src) VALUES (N'15051118044000733', N'SiteMapAction', N'deleteSiteMap', N'SiteMapAction.deleteSiteMap', N'Store', N'N', NULL, NULL, N'14043017114000058', NULL);
INSERT INTO Proxy (UUID, Proxy_Action, Proxy_Method, description, Proxy_Type, need_redirect, redirect_Proxy_Action, redirect_Proxy_Method, application_head_uuid, redirect_src) VALUES (N'15051118044000735', N'SiteMapAction', N'addSiteMap', N'SiteMapAction.addSiteMap', N'Store', N'N', NULL, NULL, N'14043017114000058', NULL);
INSERT INTO Proxy (UUID, Proxy_Action, Proxy_Method, description, Proxy_Type, need_redirect, redirect_Proxy_Action, redirect_Proxy_Method, application_head_uuid, redirect_src) VALUES (N'15051118044000737', N'UserAction', N'logon', N'UserAction.logon', N'Form', N'N', NULL, NULL, N'14043017114000058', NULL);
INSERT INTO Proxy (UUID, Proxy_Action, Proxy_Method, description, Proxy_Type, need_redirect, redirect_Proxy_Action, redirect_Proxy_Method, application_head_uuid, redirect_src) VALUES (N'15051118044000739', N'UserAction', N'forgetPassword', N'UserAction.forgetPassword', N'Form', N'N', NULL, NULL, N'14043017114000058', NULL);
INSERT INTO Proxy (UUID, Proxy_Action, Proxy_Method, description, Proxy_Type, need_redirect, redirect_Proxy_Action, redirect_Proxy_Method, application_head_uuid, redirect_src) VALUES (N'15051118044000741', N'UserAction', N'keepSession', N'UserAction.keepSession', N'Load', N'N', NULL, NULL, N'14043017114000058', NULL);
INSERT INTO Proxy (UUID, Proxy_Action, Proxy_Method, description, Proxy_Type, need_redirect, redirect_Proxy_Action, redirect_Proxy_Method, application_head_uuid, redirect_src) VALUES (N'15051118044000743', N'UserAction', N'getUserInfo', N'UserAction.getUserInfo', N'Load', N'N', NULL, NULL, N'14043017114000058', NULL);
INSERT INTO Proxy (UUID, Proxy_Action, Proxy_Method, description, Proxy_Type, need_redirect, redirect_Proxy_Action, redirect_Proxy_Method, application_head_uuid, redirect_src) VALUES (N'15051118044000745', N'UtilAction', N'getUid', N'UtilAction.getUid', N'Load', N'N', NULL, NULL, N'14043017114000058', NULL);
INSERT INTO Proxy (UUID, Proxy_Action, Proxy_Method, description, Proxy_Type, need_redirect, redirect_Proxy_Action, redirect_Proxy_Method, application_head_uuid, redirect_src) VALUES (N'15051118044000747', N'ProxyAction', N'loadVAppmenuProxyMap', N'ProxyAction.loadVAppmenuProxyMap', N'Store', N'N', NULL, NULL, N'14043017114000058', NULL);
INSERT INTO Proxy (UUID, Proxy_Action, Proxy_Method, description, Proxy_Type, need_redirect, redirect_Proxy_Action, redirect_Proxy_Method, application_head_uuid, redirect_src) VALUES (N'15051118044000749', N'ProxyAction', N'loadAppmenuProxyMapUnSelected', N'ProxyAction.loadAppmenuProxyMapUnSelected', N'Store', N'N', NULL, NULL, N'14043017114000058', NULL);
INSERT INTO Proxy (UUID, Proxy_Action, Proxy_Method, description, Proxy_Type, need_redirect, redirect_Proxy_Action, redirect_Proxy_Method, application_head_uuid, redirect_src) VALUES (N'15051118044000751', N'ProxyAction', N'addAppmenuProxyMap', N'ProxyAction.addAppmenuProxyMap', N'Store', N'N', NULL, NULL, N'14043017114000058', NULL);
INSERT INTO Proxy (UUID, Proxy_Action, Proxy_Method, description, Proxy_Type, need_redirect, redirect_Proxy_Action, redirect_Proxy_Method, application_head_uuid, redirect_src) VALUES (N'15051118044000753', N'ProxyAction', N'removeAppmenuProxyMap', N'ProxyAction.removeAppmenuProxyMap', N'Store', N'N', NULL, NULL, N'14043017114000058', NULL);
INSERT INTO Proxy (UUID, Proxy_Action, Proxy_Method, description, Proxy_Type, need_redirect, redirect_Proxy_Action, redirect_Proxy_Method, application_head_uuid, redirect_src) VALUES (N'15051118044000755', N'AuthorityAction', N'loadAppmenuTree', N'AuthorityAction.loadAppmenuTree', N'TreeStore', N'N', NULL, NULL, N'14043017114000058', NULL);


INSERT INTO  Proxy (UUID, Proxy_Action, Proxy_Method, description, Proxy_Type, need_redirect, redirect_Proxy_Action, redirect_Proxy_Method, application_head_uuid, redirect_src) VALUES (N'15051118044000865', N'ServerAction', N'loadCpuInfo', N'ServerAction.loadCpuInfo', N'Load', N'N', NULL, NULL, N'14043017114000058', NULL);

INSERT INTO  Proxy (UUID, Proxy_Action, Proxy_Method, description, Proxy_Type, need_redirect, redirect_Proxy_Action, redirect_Proxy_Method, application_head_uuid, redirect_src) VALUES (N'15051118044000869', N'ServerAction', N'loadDisk', N'ServerAction.loadDisk', N'Load', N'N', NULL, NULL, N'14043017114000058', NULL);

INSERT INTO  Proxy (UUID, Proxy_Action, Proxy_Method, description, Proxy_Type, need_redirect, redirect_Proxy_Action, redirect_Proxy_Method, application_head_uuid, redirect_src) VALUES (N'15051118044000873', N'ServerAction', N'loadMemoryInfo', N'ServerAction.loadMemoryInfo', N'Load', N'N', NULL, NULL, N'14043017114000058', NULL);

INSERT INTO  Proxy (UUID, Proxy_Action, Proxy_Method, description, Proxy_Type, need_redirect, redirect_Proxy_Action, redirect_Proxy_Method, application_head_uuid, redirect_src) VALUES (N'15051118044000877', N'ServerAction', N'loadOSInfo', N'ServerAction.loadOSInfo', N'Load', N'N', NULL, NULL, N'14043017114000058', NULL);

INSERT INTO  Proxy (UUID, Proxy_Action, Proxy_Method, description, Proxy_Type, need_redirect, redirect_Proxy_Action, redirect_Proxy_Method, application_head_uuid, redirect_src) VALUES (N'15051118044000881', N'ServerAction', N'loadRuntimeCpuMem', N'ServerAction.loadRuntimeCpuMem', N'Load', N'N', NULL, NULL, N'14043017114000058', NULL);




INSERT INTO APPMENU_PROXY_MAP (uuid, proxy_uuid, appMenu_uuid) VALUES (N'15051118044000757', N'15051118044000593', N'15051118044000545');
INSERT INTO APPMENU_PROXY_MAP (uuid, proxy_uuid, appMenu_uuid) VALUES (N'15051118044000759', N'15051118044000615', N'15051118044000549');
INSERT INTO APPMENU_PROXY_MAP (uuid, proxy_uuid, appMenu_uuid) VALUES (N'15051118044000761', N'15051118044000617', N'15051118044000549');
INSERT INTO APPMENU_PROXY_MAP (uuid, proxy_uuid, appMenu_uuid) VALUES (N'15051118044000763', N'15051118044000619', N'15051118044000549');
INSERT INTO APPMENU_PROXY_MAP (uuid, proxy_uuid, appMenu_uuid) VALUES (N'15051118044000765', N'15051118044000597', N'15051118044000511');
INSERT INTO APPMENU_PROXY_MAP (uuid, proxy_uuid, appMenu_uuid) VALUES (N'15051118044000767', N'15051118044000603', N'15051118044000511');
INSERT INTO APPMENU_PROXY_MAP (uuid, proxy_uuid, appMenu_uuid) VALUES (N'15051118044000769', N'15051118044000601', N'15051118044000511');
INSERT INTO APPMENU_PROXY_MAP (uuid, proxy_uuid, appMenu_uuid) VALUES (N'15051118044000771', N'15051118044000605', N'15051118044000551');
INSERT INTO APPMENU_PROXY_MAP (uuid, proxy_uuid, appMenu_uuid) VALUES (N'15051118044000773', N'15051118044000609', N'15051118044000551');
INSERT INTO APPMENU_PROXY_MAP (uuid, proxy_uuid, appMenu_uuid) VALUES (N'15051118044000775', N'15051118044000607', N'15051118044000551');
INSERT INTO APPMENU_PROXY_MAP (uuid, proxy_uuid, appMenu_uuid) VALUES (N'15051118044000777', N'15051118044000611', N'15051118044000551');
INSERT INTO APPMENU_PROXY_MAP (uuid, proxy_uuid, appMenu_uuid) VALUES (N'15051118044000779', N'15051118044000691', N'15051118044000555');
INSERT INTO APPMENU_PROXY_MAP (uuid, proxy_uuid, appMenu_uuid) VALUES (N'15051118044000781', N'15051118044000693', N'15051118044000555');
INSERT INTO APPMENU_PROXY_MAP (uuid, proxy_uuid, appMenu_uuid) VALUES (N'15051118044000783', N'15051118044000695', N'15051118044000555');
INSERT INTO APPMENU_PROXY_MAP (uuid, proxy_uuid, appMenu_uuid) VALUES (N'15051118044000785', N'15051118044000697', N'15051118044000555');
INSERT INTO APPMENU_PROXY_MAP (uuid, proxy_uuid, appMenu_uuid) VALUES (N'15051118044000787', N'15051118044000699', N'15051118044000555');
INSERT INTO APPMENU_PROXY_MAP (uuid, proxy_uuid, appMenu_uuid) VALUES (N'15051118044000789', N'15051118044000701', N'15051118044000555');
INSERT INTO APPMENU_PROXY_MAP (uuid, proxy_uuid, appMenu_uuid) VALUES (N'15051118044000791', N'15051118044000703', N'15051118044000555');
INSERT INTO APPMENU_PROXY_MAP (uuid, proxy_uuid, appMenu_uuid) VALUES (N'15051118044000793', N'15051118044000705', N'15051118044000555');
INSERT INTO APPMENU_PROXY_MAP (uuid, proxy_uuid, appMenu_uuid) VALUES (N'15051118044000795', N'15051118044000707', N'15051118044000555');
INSERT INTO APPMENU_PROXY_MAP (uuid, proxy_uuid, appMenu_uuid) VALUES (N'15051118044000797', N'15051118044000709', N'15051118044000555');
INSERT INTO APPMENU_PROXY_MAP (uuid, proxy_uuid, appMenu_uuid) VALUES (N'15051118044000799', N'15051118044000711', N'15051118044000555');
INSERT INTO APPMENU_PROXY_MAP (uuid, proxy_uuid, appMenu_uuid) VALUES (N'15051118044000801', N'15051118044000713', N'15051118044000555');
INSERT INTO APPMENU_PROXY_MAP (uuid, proxy_uuid, appMenu_uuid) VALUES (N'15051118044000803', N'15051118044000715', N'15051118044000555');
INSERT INTO APPMENU_PROXY_MAP (uuid, proxy_uuid, appMenu_uuid) VALUES (N'15051118044000805', N'15051118044000723', N'15051118044000555');
INSERT INTO APPMENU_PROXY_MAP (uuid, proxy_uuid, appMenu_uuid) VALUES (N'15051118044000807', N'15051118044000747', N'15051118044000555');
INSERT INTO APPMENU_PROXY_MAP (uuid, proxy_uuid, appMenu_uuid) VALUES (N'15051118044000809', N'15051118044000643', N'15051118044000537');
INSERT INTO APPMENU_PROXY_MAP (uuid, proxy_uuid, appMenu_uuid) VALUES (N'15051118044000811', N'15051118044000645', N'15051118044000537');
INSERT INTO APPMENU_PROXY_MAP (uuid, proxy_uuid, appMenu_uuid) VALUES (N'15051118044000813', N'15051118044000647', N'15051118044000537');
INSERT INTO APPMENU_PROXY_MAP (uuid, proxy_uuid, appMenu_uuid) VALUES (N'15051118044000815', N'15051118044000749', N'15051118044000555');
INSERT INTO APPMENU_PROXY_MAP (uuid, proxy_uuid, appMenu_uuid) VALUES (N'15051118044000817', N'15051118044000751', N'15051118044000555');
INSERT INTO APPMENU_PROXY_MAP (uuid, proxy_uuid, appMenu_uuid) VALUES (N'15051118044000819', N'15051118044000753', N'15051118044000555');
INSERT INTO APPMENU_PROXY_MAP (uuid, proxy_uuid, appMenu_uuid) VALUES (N'15051118044000821', N'15051118044000719', N'15051118044000553');
INSERT INTO APPMENU_PROXY_MAP (uuid, proxy_uuid, appMenu_uuid) VALUES (N'15051118044000823', N'15051118044000717', N'15051118044000553');
INSERT INTO APPMENU_PROXY_MAP (uuid, proxy_uuid, appMenu_uuid) VALUES (N'15051118044000825', N'15051118044000735', N'15051118044000553');
INSERT INTO APPMENU_PROXY_MAP (uuid, proxy_uuid, appMenu_uuid) VALUES (N'15051118044000827', N'15051118044000733', N'15051118044000553');
INSERT INTO APPMENU_PROXY_MAP (uuid, proxy_uuid, appMenu_uuid) VALUES (N'15051118044000829', N'15051118044000621', N'15051118044000543');
INSERT INTO APPMENU_PROXY_MAP (uuid, proxy_uuid, appMenu_uuid) VALUES (N'15051118044000831', N'15051118044000657', N'15051118044000543');
INSERT INTO APPMENU_PROXY_MAP (uuid, proxy_uuid, appMenu_uuid) VALUES (N'15051118044000833', N'15051118044000659', N'15051118044000543');
INSERT INTO APPMENU_PROXY_MAP (uuid, proxy_uuid, appMenu_uuid) VALUES (N'15051118044000835', N'15051118044000661', N'15051118044000543');
INSERT INTO APPMENU_PROXY_MAP (uuid, proxy_uuid, appMenu_uuid) VALUES (N'15051118044000837', N'15051118044000649', N'15051118044000543');
INSERT INTO APPMENU_PROXY_MAP (uuid, proxy_uuid, appMenu_uuid) VALUES (N'15051118044000839', N'15051118044000623', N'15051118044000543');
INSERT INTO APPMENU_PROXY_MAP (uuid, proxy_uuid, appMenu_uuid) VALUES (N'15051118044000841', N'15051118044000627', N'15051118044000543');
INSERT INTO APPMENU_PROXY_MAP (uuid, proxy_uuid, appMenu_uuid) VALUES (N'15051118044000843', N'15051118044000625', N'15051118044000543');
INSERT INTO APPMENU_PROXY_MAP (uuid, proxy_uuid, appMenu_uuid) VALUES (N'15051118044000845', N'15051118044000651', N'15051118044000543');
INSERT INTO APPMENU_PROXY_MAP (uuid, proxy_uuid, appMenu_uuid) VALUES (N'15051118044000847', N'15051118044000653', N'15051118044000543');
INSERT INTO APPMENU_PROXY_MAP (uuid, proxy_uuid, appMenu_uuid) VALUES (N'15051118044000849', N'15051118044000655', N'15051118044000543');
INSERT INTO APPMENU_PROXY_MAP (uuid, proxy_uuid, appMenu_uuid) VALUES (N'15051118044000851', N'15051118044000663', N'15051118044000543');
INSERT INTO APPMENU_PROXY_MAP (uuid, proxy_uuid, appMenu_uuid) VALUES (N'15051118044000853', N'15051118044000591', N'15051118044000545');
INSERT INTO APPMENU_PROXY_MAP (uuid, proxy_uuid, appMenu_uuid) VALUES (N'15051118044000855', N'15051118044000595', N'15051118044000545');


INSERT INTO  APPMENU_PROXY_MAP (uuid, proxy_uuid, appMenu_uuid) VALUES (N'15051118044000863', N'15051118044000865', N'15051118044000537');
INSERT INTO  APPMENU_PROXY_MAP (uuid, proxy_uuid, appMenu_uuid) VALUES (N'15051118044000867', N'15051118044000869', N'15051118044000537');
INSERT INTO  APPMENU_PROXY_MAP (uuid, proxy_uuid, appMenu_uuid) VALUES (N'15051118044000871', N'15051118044000873', N'15051118044000537');
INSERT INTO  APPMENU_PROXY_MAP (uuid, proxy_uuid, appMenu_uuid) VALUES (N'15051118044000875', N'15051118044000877', N'15051118044000537');
INSERT INTO APPMENU_PROXY_MAP (uuid, proxy_uuid, appMenu_uuid) VALUES (N'15051118044000879', N'15051118044000881', N'15051118044000537');

INSERT INTO APPPAGE (uuid, is_active, create_date, create_user, update_date, update_user, id, name, description, url, parameter_class, application_head_uuid, p_mode) VALUES (N'15051118044000587', N'Y', sysdate, N'14043017113900056', sysdate, N'14043017113900056', N'資源維護', N'資源維護', N'資源維護', N'~/admin/system/proxy.aspx', N'', N'14043017114000058', N'');

INSERT INTO SITEMAP (uuid, is_active, create_date, create_user, update_date, update_user, sitemap_uuid, apppage_uuid, root_uuid, haschild, application_head_uuid) VALUES (N'15051118044000861', N'Y',sysdate, N'14043017113900056', NULL, N'14043017113900056', NULL, N'15051118044000587', N'15051118044000515', N'Y', N'14043017114000058');

INSERT INTO APPMENU (uuid, is_active, create_date, create_user, update_date, update_user, name_zh_tw, name_zh_cn, name_en_us, id, appmenu_uuid, haschild, application_head_uuid, ord, parameter_class, image, sitemap_uuid, action_mode, is_default_page, is_admin) VALUES (N'15051118044000589', N'Y', sysdate, N'14043017113900056', sysdate, N'14043017113900056', N'資源', N'資源', N'資源', N'PROXY', N'15051118044000541', N'N', N'14043017114000058', 5, NULL, N'~\css\images\source.png', N'15051118044000861', NULL, N'N', N'Y');

INSERT INTO GROUP_APPMENU (uuid, is_active, create_date, create_user, update_date, update_user, appmenu_uuid, group_head_uuid, is_default_page) VALUES (N'15051118044000859', N'Y', sysdate, N'14043017113900056',sysdate, NULL, N'15051118044000589', N'15051118044000507', N'N');








INSERT INTO  APPPAGE (uuid, is_active, create_date, create_user, update_date, update_user, id, name, description, url, parameter_class, application_head_uuid, p_mode) VALUES (N'15051118044000883', N'Y',sysdate, N'14043017113900056', sysdate, N'14043017113900056', N'SCHEDULE', N'排程工作', N'排程工作', N'~/admin/jobs/schedule.aspx', N'', N'14043017114000058', N'');

INSERT INTO  SITEMAP (uuid, is_active, create_date, create_user, update_date, update_user, sitemap_uuid, apppage_uuid, root_uuid, haschild, application_head_uuid) VALUES (N'15051118044000885', N'Y', sysdate, N'14043017113900056', sysdate, N'14043017113900056', N'15051118044000515', N'15051118044000883', N'15051118044000515', N'Y', N'14043017114000058');

INSERT INTO  APPMENU (uuid, is_active, create_date, create_user, update_date, update_user, name_zh_tw, name_zh_cn, name_en_us, id, appmenu_uuid, haschild, application_head_uuid, ord, parameter_class, image, sitemap_uuid, action_mode, is_default_page, is_admin) VALUES (N'15051118044000887', N'Y', sysdate, N'14043017113900056', sysdate, N'14043017113900056', N'排程工作', N'排程工作', N'排程工作', N'ScheduleJob',N'15051118044000537', N'N', N'14043017114000058', 3, NULL, N'~\css\images\schedule.png', N'15051118044000885', NULL, N'N', N'N');

INSERT INTO  Proxy (UUID, Proxy_Action, Proxy_Method, description, Proxy_Type, need_redirect, redirect_Proxy_Action, redirect_Proxy_Method, application_head_uuid, redirect_src) VALUES (N'15051118044000889', N'ScheduleAction', N'loadSchedule', N'ScheduleAction.loadSchedule', N'Store', N'N', NULL, NULL, N'14043017114000058', NULL);

INSERT INTO  Proxy (UUID, Proxy_Action, Proxy_Method, description, Proxy_Type, need_redirect, redirect_Proxy_Action, redirect_Proxy_Method, application_head_uuid, redirect_src) VALUES (N'15051118044000891', N'ScheduleAction', N'infoSchedule', N'ScheduleAction.infoSchedule', N'Load', N'N', NULL, NULL, N'14043017114000058', NULL);

INSERT INTO  Proxy (UUID, Proxy_Action, Proxy_Method, description, Proxy_Type, need_redirect, redirect_Proxy_Action, redirect_Proxy_Method, application_head_uuid, redirect_src) VALUES (N'15051118044000893', N'ScheduleAction', N'deleteSchedule', N'ScheduleAction.deleteSchedule', N'Load', N'N', NULL, NULL, N'14043017114000058', NULL);

INSERT INTO  Proxy (UUID, Proxy_Action, Proxy_Method, description, Proxy_Type, need_redirect, redirect_Proxy_Action, redirect_Proxy_Method, application_head_uuid, redirect_src) VALUES (N'15051118044000895', N'ScheduleAction', N'submitSchedule', N'ScheduleAction.submitSchedule', N'Form', N'N', NULL, NULL, N'14043017114000058', NULL);

INSERT INTO  APPMENU_PROXY_MAP (uuid, proxy_uuid, appMenu_uuid) VALUES (N'15051118044000897', N'15051118044000889', N'15051118044000887');

INSERT INTO  APPMENU_PROXY_MAP (uuid, proxy_uuid, appMenu_uuid) VALUES (N'15051118044000899', N'15051118044000891', N'15051118044000887');

INSERT INTO  APPMENU_PROXY_MAP (uuid, proxy_uuid, appMenu_uuid) VALUES (N'15051118044000901', N'15051118044000893', N'15051118044000887');

INSERT INTO  APPMENU_PROXY_MAP (uuid, proxy_uuid, appMenu_uuid) VALUES (N'15051118044000903', N'15051118044000895', N'15051118044000887');

INSERT INTO  GROUP_APPMENU (uuid, is_active, create_date, create_user, update_date, update_user, appmenu_uuid, group_head_uuid, is_default_page) VALUES (N'15051118044000905', N'Y', sysdate, N'14043017113900056', sysdate, NULL, N'15051118044000887', N'15051118044000507', N'N');

INSERT INTO  SCHEDULE (UUID, SCHEDULE_NAME, SCHEDULE_END_DATE, LAST_RUN_TIME, LAST_RUN_STATUS, IS_CYCLE, SINGLE_DATE, HOUR, MINUTE, CYCLE_TYPE, C_MINUTE, C_HOUR, C_DAY, C_WEEK, C_DAY_OF_WEEK, C_MONTH, C_DAY_OF_MONTH, C_WEEK_OF_MONTH, C_YEAR, C_WEEK_OF_YEAR, RUN_URL, RUN_URL_PARAMETER, RUN_ATTENDANT_UUID, IS_ACTIVE, START_DATE, RUN_SECURITY, EXPEND_ALL, contiune_dateTime) VALUES (N'15051118044000907', N'每10分執行一次', sysdate, sysdate, N'OK', N'Y', NULL, NULL, NULL, N'每分重複', 10, NULL, NULL, NULL, NULL, NULL, NULL, NULL, NULL, NULL, N'http://localhost/WebTemplate3/admin/jobs/sampleJob1.ashx', NULL, NULL, N'Y', sysdate, N'localhost', N'N', sysdate);
