INSERT INTO COMPANY (uuid, create_date, update_date, is_active, class, id, c_name, e_name, voucher_point_uuid, week_shift, ou_sync_type, name_zh_cn, concurrent_user, expired_date, sales_attendant_uuid) VALUES (N'14043017113800054', sysdate, sysdate, N'Y', N'CLASS', N'InitCompany', N'InitCompany', N'InitCompany', NULL, CAST(0 AS Numeric(18, 0)), N'N', N'InitCompany', NULL, NULL, NULL);

INSERT INTO APPLICATION_HEAD (uuid, create_date, update_date, is_active, name, description, id, create_user, update_user, web_site) VALUES (N'14043017114000058', sysdate, sysdate, N'Y', N'WebTemplate3', N'WebTemplate3', N'14043017114000058', N'14043017113900056', N'14043017113900056', NULL);

INSERT INTO APPPAGE (uuid, is_active, create_date, create_user, update_date, update_user, id, name, description, url, parameter_class, application_head_uuid, p_mode) VALUES (N'14062415482304373', N'Y', sysdate, N'14043017113900056', sysdate, N'14043017113900056', N'company', N'公司維護', N'公司維護', N'~/admin/basic/company.aspx', N'', N'14043017114000058', N'');
INSERT INTO APPPAGE (uuid, is_active, create_date, create_user, update_date, update_user, id, name, description, url, parameter_class, application_head_uuid, p_mode) VALUES (N'14062415482304375', N'Y', sysdate, N'14043017113900056', sysdate, N'14043017113900056', N'dept', N'部門維護', N'部門維護', N'~/admin/basic/dept.aspx', N'', N'14043017114000058', N'');
INSERT INTO APPPAGE (uuid, is_active, create_date, create_user, update_date, update_user, id, name, description, url, parameter_class, application_head_uuid, p_mode) VALUES (N'14062415482304377', N'Y', sysdate, N'14043017113900056', sysdate, N'14043017113900056', N'attendant', N'人員維護', N'人員維護', N'~/admin/basic/attendant.aspx', N'', N'14043017114000058', N'');
INSERT INTO APPPAGE (uuid, is_active, create_date, create_user, update_date, update_user, id, name, description, url, parameter_class, application_head_uuid, p_mode) VALUES (N'14062415482304379', N'Y', sysdate, N'14043017113900056', sysdate, N'14043017113900056', N'system', N'系統', N'系統', N'~/admin/system/system.aspx', N'', N'14043017114000058', N'');
INSERT INTO APPPAGE (uuid, is_active, create_date, create_user, update_date, update_user, id, name, description, url, parameter_class, application_head_uuid, p_mode) VALUES (N'14062415482304381', N'Y', sysdate, N'14043017113900056', sysdate, N'14043017113900056', N'function', N'功能', N'功能', N'~/admin/system/function.aspx', N'', N'14043017114000058', N'');
INSERT INTO APPPAGE (uuid, is_active, create_date, create_user, update_date, update_user, id, name, description, url, parameter_class, application_head_uuid, p_mode) VALUES (N'14062415482304383', N'Y', sysdate, N'14043017113900056', sysdate, N'14043017113900056', N'sitemap', N'Site Map', N'Site Map', N'~/admin/system/sitemap.aspx', N'', N'14043017114000058', N'');
INSERT INTO APPPAGE (uuid, is_active, create_date, create_user, update_date, update_user, id, name, description, url, parameter_class, application_head_uuid, p_mode) VALUES (N'14062415482304385', N'Y', sysdate, N'14043017113900056', sysdate, N'14043017113900056', N'menu', N'選單', N'選單', N'~/admin/system/menu.aspx', N'', N'14043017114000058', N'');
INSERT INTO APPPAGE (uuid, is_active, create_date, create_user, update_date, update_user, id, name, description, url, parameter_class, application_head_uuid, p_mode) VALUES (N'14062415482304387', N'Y', sysdate, N'14043017113900056', sysdate, N'14043017113900056', N'authority', N'權限維護', N'權限維護', N'~/admin/authority/authority/grouphead_query.aspx', N'', N'14043017114000058', N'');


INSERT INTO ATTENDANT (uuid, create_date, update_date, is_active, company_uuid, account, c_name, e_name, email, password, is_supper, is_admin, code_page, department_uuid, phone, site_uuid, gender, birthday, hire_date, quit_date, is_manager, is_direct, grade, id, src_uuid, is_default_pass) VALUES (N'14043017113900056', sysdate, sysdate, N'Y', N'14043017113800054', N'InitAdmin', N'管理者', N'Admin', N'canred.chen@gmail.com', N'InitAdmin', N'N', N'Y', N'TW', NULL, NULL, NULL, N'M', NULL, NULL, NULL, N'N', N'N', NULL, N'InitAdmin', NULL, N'Y');


INSERT INTO GROUP_HEAD (uuid, create_date, update_date, is_active, name_zh_tw, name_zh_cn, name_en_us, company_uuid, id, create_user, update_user, application_head_uuid) VALUES (N'14062415482304389', sysdate, sysdate, N'Y', N'管理者', N'管理者', N'admin', N'14043017113800054', N'admin', N'14043017113900056', NULL, N'14043017114000058');

INSERT INTO GROUP_ATTENDANT (uuid, is_active, create_date, create_user, update_date, update_user, group_head_uuid, attendant_uuid) VALUES (N'14062415482304391', N'Y', sysdate, N'14043017113900056', sysdate, N'14043017113900056', N'14062415482304389', N'14043017113900056');

INSERT INTO APPPAGE (uuid, is_active, create_date, create_user, update_date, update_user, id, name, description, url, parameter_class, application_head_uuid, p_mode) VALUES (N'14062415482304395', N'Y', sysdate, N'14043017113900056', sysdate, N'14043017113900056', N'gwp_query', N'全球暖化潛勢(GWP)值維護', N'全球暖化潛勢(GWP)值維護', N'~/gwp/gwp_query.aspx', N'', N'14043017114000058', N'');
INSERT INTO APPMENU (uuid, is_active, create_date, create_user, update_date, update_user, name_zh_tw, name_zh_cn, name_en_us, id, appmenu_uuid, haschild, application_head_uuid, ord, parameter_class, image, sitemap_uuid, action_mode, is_default_page, is_admin) VALUES (N'14062415482304393', N'Y', sysdate, N'14043017113900056', sysdate, N'14043017113900056', N'系統', N'系統', N'system', N'system', N'14062415482304393', N'Y', N'14043017114000058', CAST(0 AS Numeric(18, 0)), NULL, NULL, NULL, NULL, N'N', N'Y');


INSERT INTO SITEMAP (uuid, is_active, create_date, create_user, update_date, update_user, sitemap_uuid, apppage_uuid, root_uuid, haschild, application_head_uuid) VALUES (N'14062415482304397', N'Y', sysdate, N'14043017113900056', NULL, N'14043017113900056', NULL, N'14062415482304395', N'14062415482304397', N'Y', N'14043017114000058');
INSERT INTO SITEMAP (uuid, is_active, create_date, create_user, update_date, update_user, sitemap_uuid, apppage_uuid, root_uuid, haschild, application_head_uuid) VALUES (N'14062415482304399', N'Y', sysdate, N'14043017113900056', sysdate, N'14043017113900056', N'14062415482304397', N'14062415482304395', N'14062415482304397', N'Y', N'14043017114000058');


INSERT INTO SITEMAP (uuid, is_active, create_date, create_user, update_date, update_user, sitemap_uuid, apppage_uuid, root_uuid, haschild, application_head_uuid) VALUES (N'14062415482304401', N'Y', sysdate, N'14043017113900056', sysdate, N'14043017113900056', N'14062415482304397', N'14062415482304373', N'14062415482304397', N'Y', N'14043017114000058');
INSERT INTO SITEMAP (uuid, is_active, create_date, create_user, update_date, update_user, sitemap_uuid, apppage_uuid, root_uuid, haschild, application_head_uuid) VALUES (N'14062415482304403', N'Y', sysdate, N'14043017113900056', sysdate, N'14043017113900056', N'14062415482304397', N'14062415482304375', N'14062415482304397', N'Y', N'14043017114000058');
INSERT INTO SITEMAP (uuid, is_active, create_date, create_user, update_date, update_user, sitemap_uuid, apppage_uuid, root_uuid, haschild, application_head_uuid) VALUES (N'14062415482304405', N'Y', sysdate, N'14043017113900056', sysdate, N'14043017113900056', N'14062415482304397', N'14062415482304377', N'14062415482304397', N'Y', N'14043017114000058');
INSERT INTO SITEMAP (uuid, is_active, create_date, create_user, update_date, update_user, sitemap_uuid, apppage_uuid, root_uuid, haschild, application_head_uuid) VALUES (N'14062415482304407', N'Y', sysdate, N'14043017113900056', sysdate, N'14043017113900056', N'14062415482304397', N'14062415482304379', N'14062415482304397', N'Y', N'14043017114000058');
INSERT INTO SITEMAP (uuid, is_active, create_date, create_user, update_date, update_user, sitemap_uuid, apppage_uuid, root_uuid, haschild, application_head_uuid) VALUES (N'14062415482304409', N'Y', sysdate, N'14043017113900056', sysdate, N'14043017113900056', N'14062415482304397', N'14062415482304381', N'14062415482304397', N'Y', N'14043017114000058');
INSERT INTO SITEMAP (uuid, is_active, create_date, create_user, update_date, update_user, sitemap_uuid, apppage_uuid, root_uuid, haschild, application_head_uuid) VALUES (N'14062415482304411', N'Y', sysdate, N'14043017113900056', sysdate, N'14043017113900056', N'14062415482304397', N'14062415482304383', N'14062415482304397', N'Y', N'14043017114000058');
INSERT INTO SITEMAP (uuid, is_active, create_date, create_user, update_date, update_user, sitemap_uuid, apppage_uuid, root_uuid, haschild, application_head_uuid) VALUES (N'14062415482304413', N'Y', sysdate, N'14043017113900056', sysdate, N'14043017113900056', N'14062415482304397', N'14062415482304385', N'14062415482304397', N'Y', N'14043017114000058');
INSERT INTO SITEMAP (uuid, is_active, create_date, create_user, update_date, update_user, sitemap_uuid, apppage_uuid, root_uuid, haschild, application_head_uuid) VALUES (N'14062415482304415', N'Y', sysdate, N'14043017113900056', sysdate, N'14043017113900056', N'14062415482304397', N'14062415482304387', N'14062415482304397', N'Y', N'14043017114000058');

INSERT INTO APPMENU (uuid, is_active, create_date, create_user, update_date, update_user, name_zh_tw, name_zh_cn, name_en_us, id, appmenu_uuid, haschild, application_head_uuid, ord, parameter_class, image, sitemap_uuid, action_mode, is_default_page, is_admin) VALUES (N'14062415482304417', N'Y', sysdate, N'14043017113900056', sysdate, N'14043017113900056', N'ROOT', N'ROOT', N'ROOT', N'14062415482304417', NULL, N'Y', N'14043017114000058', CAST(1 AS Numeric(18, 0)), NULL, NULL, N'14062415482304397', NULL, N'N', N'N');


INSERT INTO APPMENU (uuid, is_active, create_date, create_user, update_date, update_user, name_zh_tw, name_zh_cn, name_en_us, id, appmenu_uuid, haschild, application_head_uuid, ord, parameter_class, image, sitemap_uuid, action_mode, is_default_page, is_admin) VALUES (N'14062415482304419', N'Y', sysdate, N'14043017113900056', sysdate, N'14043017113900056', N'管理者', N'管理者', N'admin', N'admin', N'14062415482304417', N'Y', N'14043017114000058', CAST(6 AS Numeric(18, 0)), NULL, '~\css\images\setting.png', NULL, NULL, N'N', N'Y');
INSERT INTO APPMENU (uuid, is_active, create_date, create_user, update_date, update_user, name_zh_tw, name_zh_cn, name_en_us, id, appmenu_uuid, haschild, application_head_uuid, ord, parameter_class, image, sitemap_uuid, action_mode, is_default_page, is_admin) VALUES (N'14062415482304421', N'Y', sysdate, N'14043017113900056', sysdate, N'14043017113900056', N'基本資料維護', N'基本資料維護', N'basic', N'basic', N'14062415482304419', N'Y', N'14043017114000058', CAST(0 AS Numeric(18, 0)), NULL, '~\css\images\basic.png', NULL, NULL, N'N', N'Y');
INSERT INTO APPMENU (uuid, is_active, create_date, create_user, update_date, update_user, name_zh_tw, name_zh_cn, name_en_us, id, appmenu_uuid, haschild, application_head_uuid, ord, parameter_class, image, sitemap_uuid, action_mode, is_default_page, is_admin) VALUES (N'14062415482304423', N'Y', sysdate, N'14043017113900056', sysdate, N'14043017113900056', N'系統設定', N'系統設定', N'systemSetting', N'systemSetting', N'14062415482304419', N'Y', N'14043017114000058', CAST(1 AS Numeric(18, 0)), NULL, '~\css\images\setting.png', NULL, NULL, N'N', N'Y');
INSERT INTO APPMENU (uuid, is_active, create_date, create_user, update_date, update_user, name_zh_tw, name_zh_cn, name_en_us, id, appmenu_uuid, haschild, application_head_uuid, ord, parameter_class, image, sitemap_uuid, action_mode, is_default_page, is_admin) VALUES (N'14062415482304425', N'Y', sysdate, N'14043017113900056', sysdate, N'14043017113900056', N'權限', N'權限', N'authority', N'authority', N'14062415482304419', N'N', N'14043017114000058', CAST(2 AS Numeric(18, 0)), NULL, '~\css\images\permission.png', N'14062415482304415', NULL, N'N', N'Y');
INSERT INTO APPMENU (uuid, is_active, create_date, create_user, update_date, update_user, name_zh_tw, name_zh_cn, name_en_us, id, appmenu_uuid, haschild, application_head_uuid, ord, parameter_class, image, sitemap_uuid, action_mode, is_default_page, is_admin) VALUES (N'14062415482304427', N'Y', sysdate, N'14043017113900056', sysdate, N'14043017113900056', N'公司維護', N'公司維護', N'company', N'company', N'14062415482304421', N'N', N'14043017114000058', CAST(0 AS Numeric(18, 0)), NULL, '~\css\images\company.png', N'14062415482304401', NULL, N'N', N'Y');






INSERT INTO APPMENU (uuid, is_active, create_date, create_user, update_date, update_user, name_zh_tw, name_zh_cn, name_en_us, id, appmenu_uuid, haschild, application_head_uuid, ord, parameter_class, image, sitemap_uuid, action_mode, is_default_page, is_admin) VALUES (N'14062415482304429', N'Y', sysdate, N'14043017113900056', sysdate, N'14043017113900056', N'部門維護', N'部門維護', N'department', N'department', N'14062415482304421', N'N', N'14043017114000058', CAST(1 AS Numeric(18, 0)), NULL, NULL, N'14062415482304403', NULL, N'N', N'Y');
INSERT INTO APPMENU (uuid, is_active, create_date, create_user, update_date, update_user, name_zh_tw, name_zh_cn, name_en_us, id, appmenu_uuid, haschild, application_head_uuid, ord, parameter_class, image, sitemap_uuid, action_mode, is_default_page, is_admin) VALUES (N'14062415482304431', N'Y', sysdate, N'14043017113900056', sysdate, N'14043017113900056', N'人員維護', N'人員維護', N'attendant', N'attendant', N'14062415482304421', N'N', N'14043017114000058', CAST(2 AS Numeric(18, 0)), NULL, '~\css\images\man.png', N'14062415482304405', NULL, N'N', N'Y');

INSERT INTO APPMENU (uuid, is_active, create_date, create_user, update_date, update_user, name_zh_tw, name_zh_cn, name_en_us, id, appmenu_uuid, haschild, application_head_uuid, ord, parameter_class, image, sitemap_uuid, action_mode, is_default_page, is_admin) VALUES (N'14062415482304433', N'Y', sysdate, N'14043017113900056', sysdate, N'14043017113900056', N'功能', N'功能', N'function', N'function', N'14062415482304423', N'N', N'14043017114000058', CAST(1 AS Numeric(18, 0)), NULL, '~\css\images\function_tag.png', N'14062415482304409', NULL, N'N', N'Y');
INSERT INTO APPMENU (uuid, is_active, create_date, create_user, update_date, update_user, name_zh_tw, name_zh_cn, name_en_us, id, appmenu_uuid, haschild, application_head_uuid, ord, parameter_class, image, sitemap_uuid, action_mode, is_default_page, is_admin) VALUES (N'14062415482304435', N'Y', sysdate, N'14043017113900056', sysdate, N'14043017113900056', N'Site Map', N'Site Map', N'Site Map', N'site_map', N'14062415482304423', N'N', N'14043017114000058', CAST(2 AS Numeric(18, 0)), NULL, '~\css\images\map.png', N'14062415482304411', NULL, N'N', N'Y');
INSERT INTO APPMENU (uuid, is_active, create_date, create_user, update_date, update_user, name_zh_tw, name_zh_cn, name_en_us, id, appmenu_uuid, haschild, application_head_uuid, ord, parameter_class, image, sitemap_uuid, action_mode, is_default_page, is_admin) VALUES (N'14062415482304437', N'Y', sysdate, N'14043017113900056', sysdate, N'14043017113900056', N'選單', N'選單', N'menu', N'menu', N'14062415482304423', N'N', N'14043017114000058', CAST(3 AS Numeric(18, 0)), NULL, '~\css\images\menu.png', N'14062415482304413', NULL, N'N', N'Y');
INSERT INTO APPMENU (uuid, is_active, create_date, create_user, update_date, update_user, name_zh_tw, name_zh_cn, name_en_us, id, appmenu_uuid, haschild, application_head_uuid, ord, parameter_class, image, sitemap_uuid, action_mode, is_default_page, is_admin) VALUES (N'14062415482304439', N'Y', sysdate, N'14043017113900056', sysdate, N'14043017113900056', N'系統', N'系統', N'System', N'系統', N'14062415482304423', N'Y', N'14043017114000058', CAST(0 AS Numeric(18, 0)), NULL, '~\css\images\application.png', N'14062415482304407', NULL, N'N', N'N');
INSERT INTO APPMENU (uuid, is_active, create_date, create_user, update_date, update_user, name_zh_tw, name_zh_cn, name_en_us, id, appmenu_uuid, haschild, application_head_uuid, ord, parameter_class, image, sitemap_uuid, action_mode, is_default_page, is_admin) VALUES (N'14062415482304441', N'N', sysdate, N'14043017113900056', sysdate, N'14043017113900056', N'權限維護', N'權限維護', N'權限維護', N'Authority2', N'14062415482304423', N'Y', N'14043017114000058', CAST(4 AS Numeric(18, 0)), NULL, '~\css\images\key.png', N'14062415482304415', NULL, N'N', N'N');



INSERT INTO GROUP_APPMENU (uuid, is_active, create_date, create_user, update_date, update_user, appmenu_uuid, group_head_uuid, is_default_page) VALUES (N'14062415482304443', N'Y', sysdate, N'14043017113900056', sysdate, NULL, N'14062415482304417', N'14062415482304389', N'N');
INSERT INTO GROUP_APPMENU (uuid, is_active, create_date, create_user, update_date, update_user, appmenu_uuid, group_head_uuid, is_default_page) VALUES (N'14062415482304445', N'Y', sysdate, N'14043017113900056', sysdate, N'14043017113900056', N'14062415482304423', N'14062415482304389', N'N');
INSERT INTO GROUP_APPMENU (uuid, is_active, create_date, create_user, update_date, update_user, appmenu_uuid, group_head_uuid, is_default_page) VALUES (N'14062415482304447', N'Y', sysdate, N'14043017113900056', sysdate, N'14043017113900056', N'14062415482304419', N'14062415482304389', N'N');
INSERT INTO GROUP_APPMENU (uuid, is_active, create_date, create_user, update_date, update_user, appmenu_uuid, group_head_uuid, is_default_page) VALUES (N'14062415482304449', N'Y', sysdate, N'14043017113900056', sysdate, N'14043017113900056', N'14062415482304421', N'14062415482304389', N'N');
INSERT INTO GROUP_APPMENU (uuid, is_active, create_date, create_user, update_date, update_user, appmenu_uuid, group_head_uuid, is_default_page) VALUES (N'14062415482304451', N'Y', sysdate, N'14043017113900056', sysdate, N'14043017113900056', N'14062415482304425', N'14062415482304389', N'N');
INSERT INTO GROUP_APPMENU (uuid, is_active, create_date, create_user, update_date, update_user, appmenu_uuid, group_head_uuid, is_default_page) VALUES (N'14062415482304453', N'Y', sysdate, N'14043017113900056', sysdate, N'14043017113900056', N'14062415482304437', N'14062415482304389', N'N');
INSERT INTO GROUP_APPMENU (uuid, is_active, create_date, create_user, update_date, update_user, appmenu_uuid, group_head_uuid, is_default_page) VALUES (N'14062415482304455', N'Y', sysdate, N'14043017113900056', sysdate, N'14043017113900056', N'14062415482304393', N'14062415482304389', N'N');
INSERT INTO GROUP_APPMENU (uuid, is_active, create_date, create_user, update_date, update_user, appmenu_uuid, group_head_uuid, is_default_page) VALUES (N'14062415482304457', N'Y', sysdate, N'14043017113900056', sysdate, N'14043017113900056', N'14062415482304433', N'14062415482304389', N'N');
INSERT INTO GROUP_APPMENU (uuid, is_active, create_date, create_user, update_date, update_user, appmenu_uuid, group_head_uuid, is_default_page) VALUES (N'14062415482304459', N'Y', sysdate, N'14043017113900056', sysdate, N'14043017113900056', N'14062415482304435', N'14062415482304389', N'N');
INSERT INTO GROUP_APPMENU (uuid, is_active, create_date, create_user, update_date, update_user, appmenu_uuid, group_head_uuid, is_default_page) VALUES (N'14062415482304461', N'Y', sysdate, N'14043017113900056', sysdate, N'14043017113900056', N'14062415482304431', N'14062415482304389', N'N');
INSERT INTO GROUP_APPMENU (uuid, is_active, create_date, create_user, update_date, update_user, appmenu_uuid, group_head_uuid, is_default_page) VALUES (N'14062415482304463', N'Y', sysdate, N'14043017113900056', sysdate, N'14043017113900056', N'14062415482304427', N'14062415482304389', N'N');
INSERT INTO GROUP_APPMENU (uuid, is_active, create_date, create_user, update_date, update_user, appmenu_uuid, group_head_uuid, is_default_page) VALUES (N'14062415482304465', N'Y', sysdate, N'14043017113900056', sysdate, NULL, N'14062415482304439', N'14062415482304389', N'N');
INSERT INTO GROUP_APPMENU (uuid, is_active, create_date, create_user, update_date, update_user, appmenu_uuid, group_head_uuid, is_default_page) VALUES (N'14062415482304467', N'Y', sysdate, N'14043017113900056', sysdate, NULL, N'14062415482304441', N'14062415482304389', N'N');


INSERT INTO Proxy (UUID, Proxy_Action, Proxy_Method, description, Proxy_Type, need_redirect, redirect_Proxy_Action, redirect_Proxy_Method, application_head_uuid, redirect_src) VALUES (N'14062415482304473', N'AdminCompanyAction', N'loadCompany', N'AdminCompanyAction.loadCompany', N'Store', N'N', NULL, NULL, N'14043017114000058', NULL);
INSERT INTO Proxy (UUID, Proxy_Action, Proxy_Method, description, Proxy_Type, need_redirect, redirect_Proxy_Action, redirect_Proxy_Method, application_head_uuid, redirect_src) VALUES (N'14062415482304475', N'AdminCompanyAction', N'info', N'AdminCompanyAction.info', N'Load', N'N', NULL, NULL, N'14043017114000058', NULL);
INSERT INTO Proxy (UUID, Proxy_Action, Proxy_Method, description, Proxy_Type, need_redirect, redirect_Proxy_Action, redirect_Proxy_Method, application_head_uuid, redirect_src) VALUES (N'14062415482304477', N'AdminCompanyAction', N'submit', N'AdminCompanyAction.submit', N'Form', N'N', NULL, NULL, N'14043017114000058', NULL);
INSERT INTO Proxy (UUID, Proxy_Action, Proxy_Method, description, Proxy_Type, need_redirect, redirect_Proxy_Action, redirect_Proxy_Method, application_head_uuid, redirect_src) VALUES (N'14062415482304479', N'ApplicationAction', N'loadApplication', N'ApplicationAction.loadApplication', N'Store', N'N', NULL, NULL, N'14043017114000058', NULL);
INSERT INTO Proxy (UUID, Proxy_Action, Proxy_Method, description, Proxy_Type, need_redirect, redirect_Proxy_Action, redirect_Proxy_Method, application_head_uuid, redirect_src) VALUES (N'14062415482304481', N'ApplicationAction', N'getApplication', N'ApplicationAction.getApplication', N'Store', N'N', NULL, NULL, N'14043017114000058', NULL);
INSERT INTO Proxy (UUID, Proxy_Action, Proxy_Method, description, Proxy_Type, need_redirect, redirect_Proxy_Action, redirect_Proxy_Method, application_head_uuid, redirect_src) VALUES (N'14062415482304483', N'ApplicationAction', N'submit', N'ApplicationAction.submit', N'Form', N'N', NULL, NULL, N'14043017114000058', NULL);
INSERT INTO Proxy (UUID, Proxy_Action, Proxy_Method, description, Proxy_Type, need_redirect, redirect_Proxy_Action, redirect_Proxy_Method, application_head_uuid, redirect_src) VALUES (N'14062415482304485', N'ApplicationAction', N'info', N'ApplicationAction.info', N'Store', N'N', NULL, NULL, N'14043017114000058', NULL);
INSERT INTO Proxy (UUID, Proxy_Action, Proxy_Method, description, Proxy_Type, need_redirect, redirect_Proxy_Action, redirect_Proxy_Method, application_head_uuid, redirect_src) VALUES (N'14062415482304487', N'AppPageAction', N'loadAppPage', N'AppPageAction.loadAppPage', N'Store', N'N', NULL, NULL, N'14043017114000058', NULL);
INSERT INTO Proxy (UUID, Proxy_Action, Proxy_Method, description, Proxy_Type, need_redirect, redirect_Proxy_Action, redirect_Proxy_Method, application_head_uuid, redirect_src) VALUES (N'14062415482304489', N'AppPageAction', N'submit', N'AppPageAction.submit', N'Form', N'N', NULL, NULL, N'14043017114000058', NULL);
INSERT INTO Proxy (UUID, Proxy_Action, Proxy_Method, description, Proxy_Type, need_redirect, redirect_Proxy_Action, redirect_Proxy_Method, application_head_uuid, redirect_src) VALUES (N'14062415482304491', N'AppPageAction', N'info', N'AppPageAction.info', N'Store', N'N', NULL, NULL, N'14043017114000058', NULL);
INSERT INTO Proxy (UUID, Proxy_Action, Proxy_Method, description, Proxy_Type, need_redirect, redirect_Proxy_Action, redirect_Proxy_Method, application_head_uuid, redirect_src) VALUES (N'14062415482304493', N'AppPageAction', N'destroyByUuid', N'AppPageAction.destroyByUuid', N'Store', N'N', NULL, NULL, N'14043017114000058', NULL);
INSERT INTO Proxy (UUID, Proxy_Action, Proxy_Method, description, Proxy_Type, need_redirect, redirect_Proxy_Action, redirect_Proxy_Method, application_head_uuid, redirect_src) VALUES (N'14062415482304495', N'AttendantAction', N'getUserName', N'AttendantAction.getUserName', N'Load', N'N', NULL, NULL, N'14043017114000058', NULL);
INSERT INTO Proxy (UUID, Proxy_Action, Proxy_Method, description, Proxy_Type, need_redirect, redirect_Proxy_Action, redirect_Proxy_Method, application_head_uuid, redirect_src) VALUES (N'14062415482304497', N'AttendantAction', N'load', N'AttendantAction.load', N'Load', N'N', NULL, NULL, N'14043017114000058', NULL);
INSERT INTO Proxy (UUID, Proxy_Action, Proxy_Method, description, Proxy_Type, need_redirect, redirect_Proxy_Action, redirect_Proxy_Method, application_head_uuid, redirect_src) VALUES (N'14062415482304499', N'AttendantAction', N'info', N'AttendantAction.info', N'Load', N'N', NULL, NULL, N'14043017114000058', NULL);
INSERT INTO Proxy (UUID, Proxy_Action, Proxy_Method, description, Proxy_Type, need_redirect, redirect_Proxy_Action, redirect_Proxy_Method, application_head_uuid, redirect_src) VALUES (N'14062415482304501', N'AttendantAction', N'submit', N'AttendantAction.submit', N'Form', N'N', NULL, NULL, N'14043017114000058', NULL);
INSERT INTO Proxy (UUID, Proxy_Action, Proxy_Method, description, Proxy_Type, need_redirect, redirect_Proxy_Action, redirect_Proxy_Method, application_head_uuid, redirect_src) VALUES (N'14062415482304503', N'AuthorityAction', N'loadAppmenuTree', N'AuthorityAction.loadAppmenuTree', N'TreeStore', N'N', NULL, NULL, N'14043017114000058', NULL);
INSERT INTO Proxy (UUID, Proxy_Action, Proxy_Method, description, Proxy_Type, need_redirect, redirect_Proxy_Action, redirect_Proxy_Method, application_head_uuid, redirect_src) VALUES (N'14062415482304505', N'AuthorityAction', N'loadTreeRoot', N'AuthorityAction.loadTreeRoot', N'Store', N'N', NULL, NULL, N'14043017114000058', NULL);
INSERT INTO Proxy (UUID, Proxy_Action, Proxy_Method, description, Proxy_Type, need_redirect, redirect_Proxy_Action, redirect_Proxy_Method, application_head_uuid, redirect_src) VALUES (N'14062415482304507', N'AuthorityAction', N'setGroupAppmenuIsDefaultPage', N'AuthorityAction.setGroupAppmenuIsDefaultPage', N'Store', N'N', NULL, NULL, N'14043017114000058', NULL);
INSERT INTO Proxy (UUID, Proxy_Action, Proxy_Method, description, Proxy_Type, need_redirect, redirect_Proxy_Action, redirect_Proxy_Method, application_head_uuid, redirect_src) VALUES (N'14062415482304509', N'AuthorityAction', N'setGroupAppmenu', N'AuthorityAction.setGroupAppmenu', N'Store', N'N', NULL, NULL, N'14043017114000058', NULL);
INSERT INTO Proxy (UUID, Proxy_Action, Proxy_Method, description, Proxy_Type, need_redirect, redirect_Proxy_Action, redirect_Proxy_Method, application_head_uuid, redirect_src) VALUES (N'14062415482304511', N'CompanyAction', N'getCompany', N'CompanyAction.getCompany', N'Store', N'N', NULL, NULL, N'14043017114000058', NULL);
INSERT INTO Proxy (UUID, Proxy_Action, Proxy_Method, description, Proxy_Type, need_redirect, redirect_Proxy_Action, redirect_Proxy_Method, application_head_uuid, redirect_src) VALUES (N'14062415482304513', N'DeptAction', N'loadTree', N'DeptAction.loadTree', N'TreeStore', N'N', NULL, NULL, N'14043017114000058', NULL);
INSERT INTO Proxy (UUID, Proxy_Action, Proxy_Method, description, Proxy_Type, need_redirect, redirect_Proxy_Action, redirect_Proxy_Method, application_head_uuid, redirect_src) VALUES (N'14062415482304515', N'DeptAction', N'loadTreeRoot', N'DeptAction.loadTreeRoot', N'Store', N'N', NULL, NULL, N'14043017114000058', NULL);
INSERT INTO Proxy (UUID, Proxy_Action, Proxy_Method, description, Proxy_Type, need_redirect, redirect_Proxy_Action, redirect_Proxy_Method, application_head_uuid, redirect_src) VALUES (N'14062415482304517', N'DeptAction', N'info', N'DeptAction.info', N'Load', N'N', NULL, NULL, N'14043017114000058', NULL);
INSERT INTO Proxy (UUID, Proxy_Action, Proxy_Method, description, Proxy_Type, need_redirect, redirect_Proxy_Action, redirect_Proxy_Method, application_head_uuid, redirect_src) VALUES (N'14062415482304519', N'DeptAction', N'submit', N'DeptAction.submit', N'Form', N'N', NULL, NULL, N'14043017114000058', NULL);
INSERT INTO Proxy (UUID, Proxy_Action, Proxy_Method, description, Proxy_Type, need_redirect, redirect_Proxy_Action, redirect_Proxy_Method, application_head_uuid, redirect_src) VALUES (N'14062415482304521', N'DeptAction', N'destroy', N'DeptAction.destroy', N'Form', N'N', NULL, NULL, N'14043017114000058', NULL);
INSERT INTO Proxy (UUID, Proxy_Action, Proxy_Method, description, Proxy_Type, need_redirect, redirect_Proxy_Action, redirect_Proxy_Method, application_head_uuid, redirect_src) VALUES (N'14062415482304523', N'EncryptAction', N'Encode', N'EncryptAction.Encode', N'Load', N'N', NULL, NULL, N'14043017114000058', NULL);
INSERT INTO Proxy (UUID, Proxy_Action, Proxy_Method, description, Proxy_Type, need_redirect, redirect_Proxy_Action, redirect_Proxy_Method, application_head_uuid, redirect_src) VALUES (N'14062415482304525', N'ErrorLogAction', N'load', N'ErrorLogAction.load', N'Load', N'N', NULL, NULL, N'14043017114000058', NULL);
INSERT INTO Proxy (UUID, Proxy_Action, Proxy_Method, description, Proxy_Type, need_redirect, redirect_Proxy_Action, redirect_Proxy_Method, application_head_uuid, redirect_src) VALUES (N'14062415482304527', N'ErrorLogAction', N'UpdateAllRead', N'ErrorLogAction.UpdateAllRead', N'Store', N'N', NULL, NULL, N'14043017114000058', NULL);
INSERT INTO Proxy (UUID, Proxy_Action, Proxy_Method, description, Proxy_Type, need_redirect, redirect_Proxy_Action, redirect_Proxy_Method, application_head_uuid, redirect_src) VALUES (N'14062415482304529', N'ErrorLogAction', N'UpdateRead', N'ErrorLogAction.UpdateRead', N'Load', N'N', NULL, NULL, N'14043017114000058', NULL);
INSERT INTO Proxy (UUID, Proxy_Action, Proxy_Method, description, Proxy_Type, need_redirect, redirect_Proxy_Action, redirect_Proxy_Method, application_head_uuid, redirect_src) VALUES (N'14062415482304531', N'GroupAttendantAction', N'loadAttendantStoreInGroup', N'GroupAttendantAction.loadAttendantStoreInGroup', N'Store', N'N', NULL, NULL, N'14043017114000058', NULL);
INSERT INTO Proxy (UUID, Proxy_Action, Proxy_Method, description, Proxy_Type, need_redirect, redirect_Proxy_Action, redirect_Proxy_Method, application_head_uuid, redirect_src) VALUES (N'14062415482304533', N'GroupAttendantAction', N'loadAttendantStoreNotInGroup', N'GroupAttendantAction.loadAttendantStoreNotInGroup', N'Store', N'N', NULL, NULL, N'14043017114000058', NULL);
INSERT INTO Proxy (UUID, Proxy_Action, Proxy_Method, description, Proxy_Type, need_redirect, redirect_Proxy_Action, redirect_Proxy_Method, application_head_uuid, redirect_src) VALUES (N'14062415482304535', N'GroupAttendantAction', N'addAttendnatGroupHead', N'GroupAttendantAction.addAttendnatGroupHead', N'Store', N'N', NULL, NULL, N'14043017114000058', NULL);
INSERT INTO Proxy (UUID, Proxy_Action, Proxy_Method, description, Proxy_Type, need_redirect, redirect_Proxy_Action, redirect_Proxy_Method, application_head_uuid, redirect_src) VALUES (N'14062415482304537', N'GroupAttendantAction', N'destroyBy', N'GroupAttendantAction.destroyBy', N'Store', N'N', NULL, NULL, N'14043017114000058', NULL);
INSERT INTO Proxy (UUID, Proxy_Action, Proxy_Method, description, Proxy_Type, need_redirect, redirect_Proxy_Action, redirect_Proxy_Method, application_head_uuid, redirect_src) VALUES (N'14062415482304539', N'GroupHeadAction', N'load', N'GroupHeadAction.load', N'Store', N'N', NULL, NULL, N'14043017114000058', NULL);
INSERT INTO Proxy (UUID, Proxy_Action, Proxy_Method, description, Proxy_Type, need_redirect, redirect_Proxy_Action, redirect_Proxy_Method, application_head_uuid, redirect_src) VALUES (N'14062415482304541', N'GroupHeadAction', N'info', N'GroupHeadAction.info', N'Load', N'N', NULL, NULL, N'14043017114000058', NULL);
INSERT INTO Proxy (UUID, Proxy_Action, Proxy_Method, description, Proxy_Type, need_redirect, redirect_Proxy_Action, redirect_Proxy_Method, application_head_uuid, redirect_src) VALUES (N'14062415482304543', N'GroupHeadAction', N'submit', N'GroupHeadAction.submit', N'Form', N'N', NULL, NULL, N'14043017114000058', NULL);
INSERT INTO Proxy (UUID, Proxy_Action, Proxy_Method, description, Proxy_Type, need_redirect, redirect_Proxy_Action, redirect_Proxy_Method, application_head_uuid, redirect_src) VALUES (N'14062415482304545', N'GroupHeadAction', N'deleteGroupHead', N'GroupHeadAction.deleteGroupHead', N'Store', N'N', NULL, NULL, N'14043017114000058', NULL);
INSERT INTO Proxy (UUID, Proxy_Action, Proxy_Method, description, Proxy_Type, need_redirect, redirect_Proxy_Action, redirect_Proxy_Method, application_head_uuid, redirect_src) VALUES (N'14062415482304547', N'InitAction', N'loadBasic', N'InitAction.loadBasic', N'Load', N'N', NULL, NULL, N'14043017114000058', NULL);
INSERT INTO Proxy (UUID, Proxy_Action, Proxy_Method, description, Proxy_Type, need_redirect, redirect_Proxy_Action, redirect_Proxy_Method, application_head_uuid, redirect_src) VALUES (N'14062415482304549', N'InitAction', N'loadException', N'InitAction.loadException', N'Load', N'N', NULL, NULL, N'14043017114000058', NULL);
INSERT INTO Proxy (UUID, Proxy_Action, Proxy_Method, description, Proxy_Type, need_redirect, redirect_Proxy_Action, redirect_Proxy_Method, application_head_uuid, redirect_src) VALUES (N'14062415482304551', N'InitAction', N'loadAction', N'InitAction.loadAction', N'Load', N'N', NULL, NULL, N'14043017114000058', NULL);
INSERT INTO Proxy (UUID, Proxy_Action, Proxy_Method, description, Proxy_Type, need_redirect, redirect_Proxy_Action, redirect_Proxy_Method, application_head_uuid, redirect_src) VALUES (N'14062415482304553', N'InitAction', N'loadParameter', N'InitAction.loadParameter', N'Load', N'N', NULL, NULL, N'14043017114000058', NULL);
INSERT INTO Proxy (UUID, Proxy_Action, Proxy_Method, description, Proxy_Type, need_redirect, redirect_Proxy_Action, redirect_Proxy_Method, application_head_uuid, redirect_src) VALUES (N'14062415482304555', N'InitAction', N'submitParameter', N'InitAction.submitParameter', N'Load', N'N', NULL, NULL, N'14043017114000058', NULL);
INSERT INTO Proxy (UUID, Proxy_Action, Proxy_Method, description, Proxy_Type, need_redirect, redirect_Proxy_Action, redirect_Proxy_Method, application_head_uuid, redirect_src) VALUES (N'14062415482304557', N'InitAction', N'testConnection', N'InitAction.testConnection', N'Load', N'N', NULL, NULL, N'14043017114000058', NULL);
INSERT INTO Proxy (UUID, Proxy_Action, Proxy_Method, description, Proxy_Type, need_redirect, redirect_Proxy_Action, redirect_Proxy_Method, application_head_uuid, redirect_src) VALUES (N'14062415482304559', N'InitAction', N'submitBasic', N'InitAction.submitBasic', N'Store', N'N', NULL, NULL, N'14043017114000058', NULL);
INSERT INTO Proxy (UUID, Proxy_Action, Proxy_Method, description, Proxy_Type, need_redirect, redirect_Proxy_Action, redirect_Proxy_Method, application_head_uuid, redirect_src) VALUES (N'14062415482304561', N'InitAction', N'submitException', N'InitAction.submitException', N'Store', N'N', NULL, NULL, N'14043017114000058', NULL);
INSERT INTO Proxy (UUID, Proxy_Action, Proxy_Method, description, Proxy_Type, need_redirect, redirect_Proxy_Action, redirect_Proxy_Method, application_head_uuid, redirect_src) VALUES (N'14062415482304563', N'InitAction', N'submitActionLog', N'InitAction.submitActionLog', N'Store', N'N', NULL, NULL, N'14043017114000058', NULL);
INSERT INTO Proxy (UUID, Proxy_Action, Proxy_Method, description, Proxy_Type, need_redirect, redirect_Proxy_Action, redirect_Proxy_Method, application_head_uuid, redirect_src) VALUES (N'14062415482304565', N'InitAction', N'initBasic', N'InitAction.initBasic', N'Store', N'N', NULL, NULL, N'14043017114000058', NULL);
INSERT INTO Proxy (UUID, Proxy_Action, Proxy_Method, description, Proxy_Type, need_redirect, redirect_Proxy_Action, redirect_Proxy_Method, application_head_uuid, redirect_src) VALUES (N'14062415482304567', N'InitAction', N'initException', N'InitAction.initException', N'Store', N'N', NULL, NULL, N'14043017114000058', NULL);
INSERT INTO Proxy (UUID, Proxy_Action, Proxy_Method, description, Proxy_Type, need_redirect, redirect_Proxy_Action, redirect_Proxy_Method, application_head_uuid, redirect_src) VALUES (N'14062415482304569', N'InitAction', N'initAction', N'InitAction.initAction', N'Store', N'N', NULL, NULL, N'14043017114000058', NULL);
INSERT INTO Proxy (UUID, Proxy_Action, Proxy_Method, description, Proxy_Type, need_redirect, redirect_Proxy_Action, redirect_Proxy_Method, application_head_uuid, redirect_src) VALUES (N'14062415482304571', N'InitAction', N'importData', N'InitAction.importData', N'Store', N'N', NULL, NULL, N'14043017114000058', NULL);
INSERT INTO Proxy (UUID, Proxy_Action, Proxy_Method, description, Proxy_Type, need_redirect, redirect_Proxy_Action, redirect_Proxy_Method, application_head_uuid, redirect_src) VALUES (N'14062415482304573', N'MenuAction', N'loadMenuTree', N'MenuAction.loadMenuTree', N'TreeStore', N'N', NULL, NULL, N'14043017114000058', NULL);
INSERT INTO Proxy (UUID, Proxy_Action, Proxy_Method, description, Proxy_Type, need_redirect, redirect_Proxy_Action, redirect_Proxy_Method, application_head_uuid, redirect_src) VALUES (N'14062415482304575', N'MenuAction', N'loadTreeRoot', N'MenuAction.loadTreeRoot', N'Store', N'N', NULL, NULL, N'14043017114000058', NULL);
INSERT INTO Proxy (UUID, Proxy_Action, Proxy_Method, description, Proxy_Type, need_redirect, redirect_Proxy_Action, redirect_Proxy_Method, application_head_uuid, redirect_src) VALUES (N'14062415482304577', N'MenuAction', N'submit', N'MenuAction.submit', N'Form', N'N', NULL, NULL, N'14043017114000058', NULL);
INSERT INTO Proxy (UUID, Proxy_Action, Proxy_Method, description, Proxy_Type, need_redirect, redirect_Proxy_Action, redirect_Proxy_Method, application_head_uuid, redirect_src) VALUES (N'14062415482304579', N'MenuAction', N'info', N'MenuAction.info', N'Store', N'N', NULL, NULL, N'14043017114000058', NULL);
INSERT INTO Proxy (UUID, Proxy_Action, Proxy_Method, description, Proxy_Type, need_redirect, redirect_Proxy_Action, redirect_Proxy_Method, application_head_uuid, redirect_src) VALUES (N'14062415482304581', N'MenuAction', N'destroyByUuid', N'MenuAction.destroyByUuid', N'Store', N'N', NULL, NULL, N'14043017114000058', NULL);
INSERT INTO Proxy (UUID, Proxy_Action, Proxy_Method, description, Proxy_Type, need_redirect, redirect_Proxy_Action, redirect_Proxy_Method, application_head_uuid, redirect_src) VALUES (N'14062415482304583', N'MenuAction', N'setAppMenuIsActive', N'MenuAction.setAppMenuIsActive', N'Store', N'N', NULL, NULL, N'14043017114000058', NULL);
INSERT INTO Proxy (UUID, Proxy_Action, Proxy_Method, description, Proxy_Type, need_redirect, redirect_Proxy_Action, redirect_Proxy_Method, application_head_uuid, redirect_src) VALUES (N'14062415482304585', N'MenuAction', N'deleteAppMenu', N'MenuAction.deleteAppMenu', N'Store', N'N', NULL, NULL, N'14043017114000058', NULL);
INSERT INTO Proxy (UUID, Proxy_Action, Proxy_Method, description, Proxy_Type, need_redirect, redirect_Proxy_Action, redirect_Proxy_Method, application_head_uuid, redirect_src) VALUES (N'14062415482304587', N'MenuAction', N'load', N'MenuAction.load', N'Store', N'N', NULL, NULL, N'14043017114000058', NULL);
INSERT INTO Proxy (UUID, Proxy_Action, Proxy_Method, description, Proxy_Type, need_redirect, redirect_Proxy_Action, redirect_Proxy_Method, application_head_uuid, redirect_src) VALUES (N'14062415482304589', N'MenuAction', N'loadThisApplicationMenu', N'MenuAction.loadThisApplicationMenu', N'Store', N'N', NULL, NULL, N'14043017114000058', NULL);
INSERT INTO Proxy (UUID, Proxy_Action, Proxy_Method, description, Proxy_Type, need_redirect, redirect_Proxy_Action, redirect_Proxy_Method, application_head_uuid, redirect_src) VALUES (N'14062415482304591', N'ProxyAction', N'loadProxy', N'ProxyAction.loadProxy', N'Store', N'N', NULL, NULL, N'14043017114000058', NULL);
INSERT INTO Proxy (UUID, Proxy_Action, Proxy_Method, description, Proxy_Type, need_redirect, redirect_Proxy_Action, redirect_Proxy_Method, application_head_uuid, redirect_src) VALUES (N'14062415482304593', N'ProxyAction', N'submitProxy', N'ProxyAction.submitProxy', N'Form', N'N', NULL, NULL, N'14043017114000058', NULL);
INSERT INTO Proxy (UUID, Proxy_Action, Proxy_Method, description, Proxy_Type, need_redirect, redirect_Proxy_Action, redirect_Proxy_Method, application_head_uuid, redirect_src) VALUES (N'14062415482304595', N'ProxyAction', N'infoProxy', N'ProxyAction.infoProxy', N'Store', N'N', NULL, NULL, N'14043017114000058', NULL);
INSERT INTO Proxy (UUID, Proxy_Action, Proxy_Method, description, Proxy_Type, need_redirect, redirect_Proxy_Action, redirect_Proxy_Method, application_head_uuid, redirect_src) VALUES (N'14062415482304597', N'ProxyAction', N'destroyProxyByUuid', N'ProxyAction.destroyProxyByUuid', N'Store', N'N', NULL, NULL, N'14043017114000058', NULL);
INSERT INTO Proxy (UUID, Proxy_Action, Proxy_Method, description, Proxy_Type, need_redirect, redirect_Proxy_Action, redirect_Proxy_Method, application_head_uuid, redirect_src) VALUES (N'14062415482304599', N'SiteMapAction', N'loadSiteMapTree', N'SiteMapAction.loadSiteMapTree', N'TreeStore', N'N', NULL, NULL, N'14043017114000058', NULL);
INSERT INTO Proxy (UUID, Proxy_Action, Proxy_Method, description, Proxy_Type, need_redirect, redirect_Proxy_Action, redirect_Proxy_Method, application_head_uuid, redirect_src) VALUES (N'14062415482304601', N'SiteMapAction', N'loadTreeRoot', N'SiteMapAction.loadTreeRoot', N'Store', N'N', NULL, NULL, N'14043017114000058', NULL);
INSERT INTO Proxy (UUID, Proxy_Action, Proxy_Method, description, Proxy_Type, need_redirect, redirect_Proxy_Action, redirect_Proxy_Method, application_head_uuid, redirect_src) VALUES (N'14062415482304603', N'SiteMapAction', N'load', N'SiteMapAction.load', N'Store', N'N', NULL, NULL, N'14043017114000058', NULL);
INSERT INTO Proxy (UUID, Proxy_Action, Proxy_Method, description, Proxy_Type, need_redirect, redirect_Proxy_Action, redirect_Proxy_Method, application_head_uuid, redirect_src) VALUES (N'14062415482304605', N'SiteMapAction', N'loadThisApplication', N'SiteMapAction.loadThisApplication', N'Store', N'N', NULL, NULL, N'14043017114000058', NULL);
INSERT INTO Proxy (UUID, Proxy_Action, Proxy_Method, description, Proxy_Type, need_redirect, redirect_Proxy_Action, redirect_Proxy_Method, application_head_uuid, redirect_src) VALUES (N'14062415482304607', N'SiteMapAction', N'submit', N'SiteMapAction.submit', N'Form', N'N', NULL, NULL, N'14043017114000058', NULL);
INSERT INTO Proxy (UUID, Proxy_Action, Proxy_Method, description, Proxy_Type, need_redirect, redirect_Proxy_Action, redirect_Proxy_Method, application_head_uuid, redirect_src) VALUES (N'14062415482304609', N'SiteMapAction', N'info', N'SiteMapAction.info', N'Store', N'N', NULL, NULL, N'14043017114000058', NULL);
INSERT INTO Proxy (UUID, Proxy_Action, Proxy_Method, description, Proxy_Type, need_redirect, redirect_Proxy_Action, redirect_Proxy_Method, application_head_uuid, redirect_src) VALUES (N'14062415482304611', N'SiteMapAction', N'destroyByUuid', N'SiteMapAction.destroyByUuid', N'Store', N'N', NULL, NULL, N'14043017114000058', NULL);
INSERT INTO Proxy (UUID, Proxy_Action, Proxy_Method, description, Proxy_Type, need_redirect, redirect_Proxy_Action, redirect_Proxy_Method, application_head_uuid, redirect_src) VALUES (N'14062415482304613', N'SiteMapAction', N'setSiteMapIsActive', N'SiteMapAction.setSiteMapIsActive', N'Store', N'N', NULL, NULL, N'14043017114000058', NULL);
INSERT INTO Proxy (UUID, Proxy_Action, Proxy_Method, description, Proxy_Type, need_redirect, redirect_Proxy_Action, redirect_Proxy_Method, application_head_uuid, redirect_src) VALUES (N'14062415482304615', N'SiteMapAction', N'deleteSiteMap', N'SiteMapAction.deleteSiteMap', N'Store', N'N', NULL, NULL, N'14043017114000058', NULL);
INSERT INTO Proxy (UUID, Proxy_Action, Proxy_Method, description, Proxy_Type, need_redirect, redirect_Proxy_Action, redirect_Proxy_Method, application_head_uuid, redirect_src) VALUES (N'14062415482304617', N'SiteMapAction', N'addSiteMap', N'SiteMapAction.addSiteMap', N'Store', N'N', NULL, NULL, N'14043017114000058', NULL);
INSERT INTO Proxy (UUID, Proxy_Action, Proxy_Method, description, Proxy_Type, need_redirect, redirect_Proxy_Action, redirect_Proxy_Method, application_head_uuid, redirect_src) VALUES (N'14062415482304619', N'UserAction', N'logon', N'UserAction.logon', N'Form', N'N', NULL, NULL, N'14043017114000058', NULL);
INSERT INTO Proxy (UUID, Proxy_Action, Proxy_Method, description, Proxy_Type, need_redirect, redirect_Proxy_Action, redirect_Proxy_Method, application_head_uuid, redirect_src) VALUES (N'14062415482304621', N'UserAction', N'forgetPassword', N'UserAction.forgetPassword', N'Form', N'N', NULL, NULL, N'14043017114000058', NULL);
INSERT INTO Proxy (UUID, Proxy_Action, Proxy_Method, description, Proxy_Type, need_redirect, redirect_Proxy_Action, redirect_Proxy_Method, application_head_uuid, redirect_src) VALUES (N'14062415482304623', N'UserAction', N'keepSession', N'UserAction.keepSession', N'Load', N'N', NULL, NULL, N'14043017114000058', NULL);
INSERT INTO Proxy (UUID, Proxy_Action, Proxy_Method, description, Proxy_Type, need_redirect, redirect_Proxy_Action, redirect_Proxy_Method, application_head_uuid, redirect_src) VALUES (N'14062415482304625', N'UserAction', N'getUserInfo', N'UserAction.getUserInfo', N'Load', N'N', NULL, NULL, N'14043017114000058', NULL);
INSERT INTO Proxy (UUID, Proxy_Action, Proxy_Method, description, Proxy_Type, need_redirect, redirect_Proxy_Action, redirect_Proxy_Method, application_head_uuid, redirect_src) VALUES (N'14062415482304627', N'UtilAction', N'getUid', N'UtilAction.getUid', N'Load', N'N', NULL, NULL, N'14043017114000058', NULL);
INSERT INTO Proxy (UUID, Proxy_Action, Proxy_Method, description, Proxy_Type, need_redirect, redirect_Proxy_Action, redirect_Proxy_Method, application_head_uuid, redirect_src) VALUES (N'14062415482304629', N'ProxyAction', N'loadVAppmenuProxyMap', N'ProxyAction.loadVAppmenuProxyMap', N'Store', N'N', NULL, NULL, N'14043017114000058', NULL);
INSERT INTO Proxy (UUID, Proxy_Action, Proxy_Method, description, Proxy_Type, need_redirect, redirect_Proxy_Action, redirect_Proxy_Method, application_head_uuid, redirect_src) VALUES (N'14062415482304631', N'ProxyAction', N'loadAppmenuProxyMapUnSelected', N'ProxyAction.loadAppmenuProxyMapUnSelected', N'Store', N'N', NULL, NULL, N'14043017114000058', NULL);
INSERT INTO Proxy (UUID, Proxy_Action, Proxy_Method, description, Proxy_Type, need_redirect, redirect_Proxy_Action, redirect_Proxy_Method, application_head_uuid, redirect_src) VALUES (N'14062415482304633', N'ProxyAction', N'addAppmenuProxyMap', N'ProxyAction.addAppmenuProxyMap', N'Store', N'N', NULL, NULL, N'14043017114000058', NULL);
INSERT INTO Proxy (UUID, Proxy_Action, Proxy_Method, description, Proxy_Type, need_redirect, redirect_Proxy_Action, redirect_Proxy_Method, application_head_uuid, redirect_src) VALUES (N'14062415482304635', N'ProxyAction', N'removeAppmenuProxyMap', N'ProxyAction.removeAppmenuProxyMap', N'Store', N'N', NULL, NULL, N'14043017114000058', NULL);
INSERT INTO Proxy (UUID, Proxy_Action, Proxy_Method, description, Proxy_Type, need_redirect, redirect_Proxy_Action, redirect_Proxy_Method, application_head_uuid, redirect_src) VALUES (N'14062415482304637', N'AuthorityAction', N'loadAppmenuTree', N'AuthorityAction.loadAppmenuTree', N'TreeStore', N'N', NULL, NULL, N'14043017114000058', NULL);


INSERT INTO  Proxy (UUID, Proxy_Action, Proxy_Method, description, Proxy_Type, need_redirect, redirect_Proxy_Action, redirect_Proxy_Method, application_head_uuid, redirect_src) VALUES (N'14062415482304747', N'ServerAction', N'loadCpuInfo', N'ServerAction.loadCpuInfo', N'Load', N'N', NULL, NULL, N'14043017114000058', NULL);

INSERT INTO  Proxy (UUID, Proxy_Action, Proxy_Method, description, Proxy_Type, need_redirect, redirect_Proxy_Action, redirect_Proxy_Method, application_head_uuid, redirect_src) VALUES (N'14062415482304751', N'ServerAction', N'loadDisk', N'ServerAction.loadDisk', N'Load', N'N', NULL, NULL, N'14043017114000058', NULL);

INSERT INTO  Proxy (UUID, Proxy_Action, Proxy_Method, description, Proxy_Type, need_redirect, redirect_Proxy_Action, redirect_Proxy_Method, application_head_uuid, redirect_src) VALUES (N'14062415482304755', N'ServerAction', N'loadMemoryInfo', N'ServerAction.loadMemoryInfo', N'Load', N'N', NULL, NULL, N'14043017114000058', NULL);

INSERT INTO  Proxy (UUID, Proxy_Action, Proxy_Method, description, Proxy_Type, need_redirect, redirect_Proxy_Action, redirect_Proxy_Method, application_head_uuid, redirect_src) VALUES (N'14062415482304759', N'ServerAction', N'loadOSInfo', N'ServerAction.loadOSInfo', N'Load', N'N', NULL, NULL, N'14043017114000058', NULL);

INSERT INTO  Proxy (UUID, Proxy_Action, Proxy_Method, description, Proxy_Type, need_redirect, redirect_Proxy_Action, redirect_Proxy_Method, application_head_uuid, redirect_src) VALUES (N'14062415482304763', N'ServerAction', N'loadRuntimeCpuMem', N'ServerAction.loadRuntimeCpuMem', N'Load', N'N', NULL, NULL, N'14043017114000058', NULL);




INSERT INTO APPMENU_PROXY_MAP (uuid, proxy_uuid, appMenu_uuid) VALUES (N'14062415482304639', N'14062415482304475', N'14062415482304427');
INSERT INTO APPMENU_PROXY_MAP (uuid, proxy_uuid, appMenu_uuid) VALUES (N'14062415482304641', N'14062415482304497', N'14062415482304431');
INSERT INTO APPMENU_PROXY_MAP (uuid, proxy_uuid, appMenu_uuid) VALUES (N'14062415482304643', N'14062415482304499', N'14062415482304431');
INSERT INTO APPMENU_PROXY_MAP (uuid, proxy_uuid, appMenu_uuid) VALUES (N'14062415482304645', N'14062415482304501', N'14062415482304431');
INSERT INTO APPMENU_PROXY_MAP (uuid, proxy_uuid, appMenu_uuid) VALUES (N'14062415482304647', N'14062415482304479', N'14062415482304393');
INSERT INTO APPMENU_PROXY_MAP (uuid, proxy_uuid, appMenu_uuid) VALUES (N'14062415482304649', N'14062415482304485', N'14062415482304393');
INSERT INTO APPMENU_PROXY_MAP (uuid, proxy_uuid, appMenu_uuid) VALUES (N'14062415482304651', N'14062415482304483', N'14062415482304393');
INSERT INTO APPMENU_PROXY_MAP (uuid, proxy_uuid, appMenu_uuid) VALUES (N'14062415482304653', N'14062415482304487', N'14062415482304433');
INSERT INTO APPMENU_PROXY_MAP (uuid, proxy_uuid, appMenu_uuid) VALUES (N'14062415482304655', N'14062415482304491', N'14062415482304433');
INSERT INTO APPMENU_PROXY_MAP (uuid, proxy_uuid, appMenu_uuid) VALUES (N'14062415482304657', N'14062415482304489', N'14062415482304433');
INSERT INTO APPMENU_PROXY_MAP (uuid, proxy_uuid, appMenu_uuid) VALUES (N'14062415482304659', N'14062415482304493', N'14062415482304433');
INSERT INTO APPMENU_PROXY_MAP (uuid, proxy_uuid, appMenu_uuid) VALUES (N'14062415482304661', N'14062415482304573', N'14062415482304437');
INSERT INTO APPMENU_PROXY_MAP (uuid, proxy_uuid, appMenu_uuid) VALUES (N'14062415482304663', N'14062415482304575', N'14062415482304437');
INSERT INTO APPMENU_PROXY_MAP (uuid, proxy_uuid, appMenu_uuid) VALUES (N'14062415482304665', N'14062415482304577', N'14062415482304437');
INSERT INTO APPMENU_PROXY_MAP (uuid, proxy_uuid, appMenu_uuid) VALUES (N'14062415482304667', N'14062415482304579', N'14062415482304437');
INSERT INTO APPMENU_PROXY_MAP (uuid, proxy_uuid, appMenu_uuid) VALUES (N'14062415482304669', N'14062415482304581', N'14062415482304437');
INSERT INTO APPMENU_PROXY_MAP (uuid, proxy_uuid, appMenu_uuid) VALUES (N'14062415482304671', N'14062415482304583', N'14062415482304437');
INSERT INTO APPMENU_PROXY_MAP (uuid, proxy_uuid, appMenu_uuid) VALUES (N'14062415482304673', N'14062415482304585', N'14062415482304437');
INSERT INTO APPMENU_PROXY_MAP (uuid, proxy_uuid, appMenu_uuid) VALUES (N'14062415482304675', N'14062415482304587', N'14062415482304437');
INSERT INTO APPMENU_PROXY_MAP (uuid, proxy_uuid, appMenu_uuid) VALUES (N'14062415482304677', N'14062415482304589', N'14062415482304437');
INSERT INTO APPMENU_PROXY_MAP (uuid, proxy_uuid, appMenu_uuid) VALUES (N'14062415482304679', N'14062415482304591', N'14062415482304437');
INSERT INTO APPMENU_PROXY_MAP (uuid, proxy_uuid, appMenu_uuid) VALUES (N'14062415482304681', N'14062415482304593', N'14062415482304437');
INSERT INTO APPMENU_PROXY_MAP (uuid, proxy_uuid, appMenu_uuid) VALUES (N'14062415482304683', N'14062415482304595', N'14062415482304437');
INSERT INTO APPMENU_PROXY_MAP (uuid, proxy_uuid, appMenu_uuid) VALUES (N'14062415482304685', N'14062415482304597', N'14062415482304437');
INSERT INTO APPMENU_PROXY_MAP (uuid, proxy_uuid, appMenu_uuid) VALUES (N'14062415482304687', N'14062415482304605', N'14062415482304437');
INSERT INTO APPMENU_PROXY_MAP (uuid, proxy_uuid, appMenu_uuid) VALUES (N'14062415482304689', N'14062415482304629', N'14062415482304437');
INSERT INTO APPMENU_PROXY_MAP (uuid, proxy_uuid, appMenu_uuid) VALUES (N'14062415482304691', N'14062415482304525', N'14062415482304419');
INSERT INTO APPMENU_PROXY_MAP (uuid, proxy_uuid, appMenu_uuid) VALUES (N'14062415482304693', N'14062415482304527', N'14062415482304419');
INSERT INTO APPMENU_PROXY_MAP (uuid, proxy_uuid, appMenu_uuid) VALUES (N'14062415482304695', N'14062415482304529', N'14062415482304419');
INSERT INTO APPMENU_PROXY_MAP (uuid, proxy_uuid, appMenu_uuid) VALUES (N'14062415482304697', N'14062415482304631', N'14062415482304437');
INSERT INTO APPMENU_PROXY_MAP (uuid, proxy_uuid, appMenu_uuid) VALUES (N'14062415482304699', N'14062415482304633', N'14062415482304437');
INSERT INTO APPMENU_PROXY_MAP (uuid, proxy_uuid, appMenu_uuid) VALUES (N'14062415482304701', N'14062415482304635', N'14062415482304437');
INSERT INTO APPMENU_PROXY_MAP (uuid, proxy_uuid, appMenu_uuid) VALUES (N'14062415482304703', N'14062415482304601', N'14062415482304435');
INSERT INTO APPMENU_PROXY_MAP (uuid, proxy_uuid, appMenu_uuid) VALUES (N'14062415482304705', N'14062415482304599', N'14062415482304435');
INSERT INTO APPMENU_PROXY_MAP (uuid, proxy_uuid, appMenu_uuid) VALUES (N'14062415482304707', N'14062415482304617', N'14062415482304435');
INSERT INTO APPMENU_PROXY_MAP (uuid, proxy_uuid, appMenu_uuid) VALUES (N'14062415482304709', N'14062415482304615', N'14062415482304435');
INSERT INTO APPMENU_PROXY_MAP (uuid, proxy_uuid, appMenu_uuid) VALUES (N'14062415482304711', N'14062415482304503', N'14062415482304425');
INSERT INTO APPMENU_PROXY_MAP (uuid, proxy_uuid, appMenu_uuid) VALUES (N'14062415482304713', N'14062415482304539', N'14062415482304425');
INSERT INTO APPMENU_PROXY_MAP (uuid, proxy_uuid, appMenu_uuid) VALUES (N'14062415482304715', N'14062415482304541', N'14062415482304425');
INSERT INTO APPMENU_PROXY_MAP (uuid, proxy_uuid, appMenu_uuid) VALUES (N'14062415482304717', N'14062415482304543', N'14062415482304425');
INSERT INTO APPMENU_PROXY_MAP (uuid, proxy_uuid, appMenu_uuid) VALUES (N'14062415482304719', N'14062415482304531', N'14062415482304425');
INSERT INTO APPMENU_PROXY_MAP (uuid, proxy_uuid, appMenu_uuid) VALUES (N'14062415482304721', N'14062415482304505', N'14062415482304425');
INSERT INTO APPMENU_PROXY_MAP (uuid, proxy_uuid, appMenu_uuid) VALUES (N'14062415482304723', N'14062415482304509', N'14062415482304425');
INSERT INTO APPMENU_PROXY_MAP (uuid, proxy_uuid, appMenu_uuid) VALUES (N'14062415482304725', N'14062415482304507', N'14062415482304425');
INSERT INTO APPMENU_PROXY_MAP (uuid, proxy_uuid, appMenu_uuid) VALUES (N'14062415482304727', N'14062415482304533', N'14062415482304425');
INSERT INTO APPMENU_PROXY_MAP (uuid, proxy_uuid, appMenu_uuid) VALUES (N'14062415482304729', N'14062415482304535', N'14062415482304425');
INSERT INTO APPMENU_PROXY_MAP (uuid, proxy_uuid, appMenu_uuid) VALUES (N'14062415482304731', N'14062415482304537', N'14062415482304425');
INSERT INTO APPMENU_PROXY_MAP (uuid, proxy_uuid, appMenu_uuid) VALUES (N'14062415482304733', N'14062415482304545', N'14062415482304425');
INSERT INTO APPMENU_PROXY_MAP (uuid, proxy_uuid, appMenu_uuid) VALUES (N'14062415482304735', N'14062415482304473', N'14062415482304427');
INSERT INTO APPMENU_PROXY_MAP (uuid, proxy_uuid, appMenu_uuid) VALUES (N'14062415482304737', N'14062415482304477', N'14062415482304427');


INSERT INTO  APPMENU_PROXY_MAP (uuid, proxy_uuid, appMenu_uuid) VALUES (N'14062415482304745', N'14062415482304747', N'14062415482304419');
INSERT INTO  APPMENU_PROXY_MAP (uuid, proxy_uuid, appMenu_uuid) VALUES (N'14062415482304749', N'14062415482304751', N'14062415482304419');
INSERT INTO  APPMENU_PROXY_MAP (uuid, proxy_uuid, appMenu_uuid) VALUES (N'14062415482304753', N'14062415482304755', N'14062415482304419');
INSERT INTO  APPMENU_PROXY_MAP (uuid, proxy_uuid, appMenu_uuid) VALUES (N'14062415482304757', N'14062415482304759', N'14062415482304419');
INSERT INTO APPMENU_PROXY_MAP (uuid, proxy_uuid, appMenu_uuid) VALUES (N'14062415482304761', N'14062415482304763', N'14062415482304419');

INSERT INTO APPPAGE (uuid, is_active, create_date, create_user, update_date, update_user, id, name, description, url, parameter_class, application_head_uuid, p_mode) VALUES (N'14062415482304469', N'Y', sysdate, N'14043017113900056', sysdate, N'14043017113900056', N'資源維護', N'資源維護', N'資源維護', N'~/admin/system/proxy.aspx', N'', N'14043017114000058', N'');

INSERT INTO SITEMAP (uuid, is_active, create_date, create_user, update_date, update_user, sitemap_uuid, apppage_uuid, root_uuid, haschild, application_head_uuid) VALUES (N'14062415482304743', N'Y',sysdate, N'14043017113900056', NULL, N'14043017113900056', NULL, N'14062415482304469', N'14062415482304397', N'Y', N'14043017114000058');

INSERT INTO APPMENU (uuid, is_active, create_date, create_user, update_date, update_user, name_zh_tw, name_zh_cn, name_en_us, id, appmenu_uuid, haschild, application_head_uuid, ord, parameter_class, image, sitemap_uuid, action_mode, is_default_page, is_admin) VALUES (N'14062415482304471', N'Y', sysdate, N'14043017113900056', sysdate, N'14043017113900056', N'資源', N'資源', N'資源', N'PROXY', N'14062415482304423', N'N', N'14043017114000058', 5, NULL, N'~\css\images\source.png', N'14062415482304743', NULL, N'N', N'Y');

INSERT INTO GROUP_APPMENU (uuid, is_active, create_date, create_user, update_date, update_user, appmenu_uuid, group_head_uuid, is_default_page) VALUES (N'14062415482304741', N'Y', sysdate, N'14043017113900056',sysdate, NULL, N'14062415482304471', N'14062415482304389', N'N');








INSERT INTO  APPPAGE (uuid, is_active, create_date, create_user, update_date, update_user, id, name, description, url, parameter_class, application_head_uuid, p_mode) VALUES (N'14062415482304765', N'Y',sysdate, N'14043017113900056', sysdate, N'14043017113900056', N'SCHEDULE', N'排程工作', N'排程工作', N'~/admin/jobs/schedule.aspx', N'', N'14043017114000058', N'');

INSERT INTO  SITEMAP (uuid, is_active, create_date, create_user, update_date, update_user, sitemap_uuid, apppage_uuid, root_uuid, haschild, application_head_uuid) VALUES (N'14062415482304767', N'Y', sysdate, N'14043017113900056', sysdate, N'14043017113900056', N'14062415482304397', N'14062415482304765', N'14062415482304397', N'Y', N'14043017114000058');

INSERT INTO  APPMENU (uuid, is_active, create_date, create_user, update_date, update_user, name_zh_tw, name_zh_cn, name_en_us, id, appmenu_uuid, haschild, application_head_uuid, ord, parameter_class, image, sitemap_uuid, action_mode, is_default_page, is_admin) VALUES (N'14062415482304769', N'Y', sysdate, N'14043017113900056', sysdate, N'14043017113900056', N'排程工作', N'排程工作', N'排程工作', N'ScheduleJob',N'14062415482304419', N'N', N'14043017114000058', 3, NULL, N'~\css\images\schedule.png', N'14062415482304767', NULL, N'N', N'N');

INSERT INTO  Proxy (UUID, Proxy_Action, Proxy_Method, description, Proxy_Type, need_redirect, redirect_Proxy_Action, redirect_Proxy_Method, application_head_uuid, redirect_src) VALUES (N'14062415482304771', N'ScheduleAction', N'loadSchedule', N'ScheduleAction.loadSchedule', N'Store', N'N', NULL, NULL, N'14043017114000058', NULL);

INSERT INTO  Proxy (UUID, Proxy_Action, Proxy_Method, description, Proxy_Type, need_redirect, redirect_Proxy_Action, redirect_Proxy_Method, application_head_uuid, redirect_src) VALUES (N'14062415482304773', N'ScheduleAction', N'infoSchedule', N'ScheduleAction.infoSchedule', N'Load', N'N', NULL, NULL, N'14043017114000058', NULL);

INSERT INTO  Proxy (UUID, Proxy_Action, Proxy_Method, description, Proxy_Type, need_redirect, redirect_Proxy_Action, redirect_Proxy_Method, application_head_uuid, redirect_src) VALUES (N'14062415482304775', N'ScheduleAction', N'deleteSchedule', N'ScheduleAction.deleteSchedule', N'Load', N'N', NULL, NULL, N'14043017114000058', NULL);

INSERT INTO  Proxy (UUID, Proxy_Action, Proxy_Method, description, Proxy_Type, need_redirect, redirect_Proxy_Action, redirect_Proxy_Method, application_head_uuid, redirect_src) VALUES (N'14062415482304777', N'ScheduleAction', N'submitSchedule', N'ScheduleAction.submitSchedule', N'Form', N'N', NULL, NULL, N'14043017114000058', NULL);

INSERT INTO  APPMENU_PROXY_MAP (uuid, proxy_uuid, appMenu_uuid) VALUES (N'14062415482304779', N'14062415482304771', N'14062415482304769');

INSERT INTO  APPMENU_PROXY_MAP (uuid, proxy_uuid, appMenu_uuid) VALUES (N'14062415482304781', N'14062415482304773', N'14062415482304769');

INSERT INTO  APPMENU_PROXY_MAP (uuid, proxy_uuid, appMenu_uuid) VALUES (N'14062415482304783', N'14062415482304775', N'14062415482304769');

INSERT INTO  APPMENU_PROXY_MAP (uuid, proxy_uuid, appMenu_uuid) VALUES (N'14062415482304785', N'14062415482304777', N'14062415482304769');

INSERT INTO  GROUP_APPMENU (uuid, is_active, create_date, create_user, update_date, update_user, appmenu_uuid, group_head_uuid, is_default_page) VALUES (N'14062415482304787', N'Y', sysdate, N'14043017113900056', sysdate, NULL, N'14062415482304769', N'14062415482304389', N'N');

INSERT INTO  SCHEDULE (UUID, SCHEDULE_NAME, SCHEDULE_END_DATE, LAST_RUN_TIME, LAST_RUN_STATUS, IS_CYCLE, SINGLE_DATE, HOUR, MINUTE, CYCLE_TYPE, C_MINUTE, C_HOUR, C_DAY, C_WEEK, C_DAY_OF_WEEK, C_MONTH, C_DAY_OF_MONTH, C_WEEK_OF_MONTH, C_YEAR, C_WEEK_OF_YEAR, RUN_URL, RUN_URL_PARAMETER, RUN_ATTENDANT_UUID, IS_ACTIVE, START_DATE, RUN_SECURITY, EXPEND_ALL, contiune_dateTime) VALUES (N'14062415482304789', N'每10分執行一次', sysdate, sysdate, N'OK', N'Y', NULL, NULL, NULL, N'每分重複', 10, NULL, NULL, NULL, NULL, NULL, NULL, NULL, NULL, NULL, N'http://localhost/WebTemplate3/admin/jobs/sampleJob1.ashx', NULL, NULL, N'Y', sysdate, N'localhost', N'N', sysdate);
